ID,Pipe OD,Pipe WT,Yield_Strength,Tensile_Strength,%C,%Mn,%S,%P,%Si,%Al,%Cr,%Mo,%V,%Ni,%Cu,%Ti,%Nb,Pipe Vintage,Pipe Grade
269,8.625,0.277,32400,51000,0.096,0.414,0.033,0.01,0.015,0.022,0.012,0.005,0,0.023,0.024,0.002,0.001,1888,Grade A
675,8.625,0.315,32796,50860,0.199,0.573,0.027,0.006,0.012,0.003,0.06,0.004,0,0.033,0.141,0.001,0.002,1953,Grade A
232,24,0.375,35100,51500,0.042,0.32,0.011,0.006,0.002,0.002,0.023,0.008,0.001,0.055,0.112,0.002,0.002,1948,Grade A
160,8.625,0.188,35500,53000,0.087,0.44,0.038,0.01,0.032,0.012,0.021,0.009,0,0.017,0.041,0,0,1928,Grade A
232,24,0.375,36000,51000,0.042,0.32,0.011,0.006,0.002,0.002,0.023,0.008,0.001,0.055,0.112,0.002,0.002,1948,Grade A
401,8.625,0.322,36100,49000,0.036,0.374,0.021,0.059,0.006,0.002,0.005,0.005,0.002,0.005,0.011,0.002,0.002,1943,Grade A
401,8.625,0.322,36100,49000,0.048,0.366,0.02,0.005,0.001,0,0.009,0.005,0,0.008,0.022,0.002,0.002,1943,Grade A
401,8.625,0.322,36100,49000,0.037,0.361,0.021,0.061,0.003,0.001,0.005,0.005,0.002,0.005,0.012,0.002,0.002,1943,Grade A
237,24,0.375,36300,56000,0.099,0.49,0.026,0.011,0.045,0.003,0.024,0.006,0.001,0.049,0.097,0.002,0.001,1948,Grade A
237,24,0.375,36300,56000,0.064,0.38,0.021,0.009,0.056,0.002,0.013,0.005,0.001,0.04,0.124,0.002,0.001,1948,Grade A
1303,4.5,0.237,36500,57500,0.073,0.413,0.023,0.051,0.004,0.013,0.015,0.004,0,0.023,0.044,0.001,0.001,1951,Grade A
428,10.75,0.365,36600,52500,0.086,0.405,0.03,0.007,0.03,0.011,0.007,0.003,0,0.008,0.015,0.002,0.001,1927,Grade A
237,24,0.375,37000,53500,0.099,0.49,0.026,0.011,0.045,0.003,0.024,0.006,0.001,0.049,0.097,0.002,0.001,1948,Grade A
237,24,0.375,37000,53500,0.064,0.38,0.021,0.009,0.056,0.002,0.013,0.005,0.001,0.04,0.124,0.002,0.001,1948,Grade A
237,24,0.375,37400,56000,0.099,0.49,0.026,0.011,0.045,0.003,0.024,0.006,0.001,0.049,0.097,0.002,0.001,1948,Grade A
237,24,0.375,37400,56000,0.064,0.38,0.021,0.009,0.056,0.002,0.013,0.005,0.001,0.04,0.124,0.002,0.001,1948,Grade A
141,20,0.312,37800,61000,0.039,0.37,0.019,0.058,0.006,0.002,0.005,0,0.002,0.004,0.005,0.002,0.002,1929,Grade A
141,20,0.312,37800,61000,0.044,0.35,0.012,0.061,0.011,0.001,0.005,0,0.003,0.004,0.005,0.002,0.002,1929,Grade A
401,8.625,0.322,38300,55000,0.036,0.374,0.021,0.059,0.006,0.002,0.005,0.005,0.002,0.005,0.011,0.002,0.002,1943,Grade A
401,8.625,0.322,38300,55000,0.048,0.366,0.02,0.005,0.001,0,0.009,0.005,0,0.008,0.022,0.002,0.002,1943,Grade A
401,8.625,0.322,38300,55000,0.037,0.361,0.021,0.061,0.003,0.001,0.005,0.005,0.002,0.005,0.012,0.002,0.002,1943,Grade A
141,20,0.312,38300,60000,0.039,0.37,0.019,0.058,0.006,0.002,0.005,0,0.002,0.004,0.005,0.002,0.002,1929,Grade A
141,20,0.312,38300,60000,0.044,0.35,0.012,0.061,0.011,0.001,0.005,0,0.003,0.004,0.005,0.002,0.002,1929,Grade A
1208,12.75,0.25,38500,46800,0.052,0.363,0.012,0.003,0.004,0.001,0.02,0.007,0,0.031,0.049,0.001,0.001,1962,Grade A
1208,12.75,0.25,38500,46800,0.075,0.405,0.008,0.005,0.008,0.004,0.022,0.009,0,0.033,0.074,0.001,0.001,1962,Grade A
567,10.75,0.365,39100,55500,0.105,0.427,0.028,0.01,0.044,0.004,0.006,0.003,0,0.011,0.01,0.002,0.001,1927,Grade A
1208,12.75,0.25,40400,53200,0.052,0.363,0.012,0.003,0.004,0.001,0.02,0.007,0,0.031,0.049,0.001,0.001,1962,Grade A
1208,12.75,0.25,40400,53200,0.075,0.405,0.008,0.005,0.008,0.004,0.022,0.009,0,0.033,0.074,0.001,0.001,1962,Grade A
165,10.75,0.188,40800,60000,0.12,0.54,0.027,0.01,0.051,0.01,0.017,0.003,0,0.008,0.017,0,0,1928,Grade A
237,24,0.375,41700,52500,0.099,0.49,0.026,0.011,0.045,0.003,0.024,0.006,0.001,0.049,0.097,0.002,0.001,1948,Grade A
237,24,0.375,41700,52500,0.064,0.38,0.021,0.009,0.056,0.002,0.013,0.005,0.001,0.04,0.124,0.002,0.001,1948,Grade A
163,10.75,0.188,42100,58000,0.1,0.48,0.032,0.009,0.062,0.005,0.02,0.003,0,0.008,0.018,0,0,1928,Grade A
165,10.75,0.188,44500,60500,0.12,0.54,0.027,0.01,0.051,0.01,0.017,0.003,0,0.008,0.017,0,0,1928,Grade A
1226,8.625,0.193,45000,51000,0.092,0.381,0.016,0.004,0.004,0.002,0.025,0.006,0,0.051,0.053,0.001,0.001,1958,Grade A
340,6.625,0.312,46400,53500,0.045,0.415,0.015,0.005,0.003,0.001,0.013,0.006,0.001,0.021,0.071,0.002,0.002,1955,Grade A
525,6.625,0.312,47700,54500,0.056,0.44,0.014,0.004,0.002,0.003,0.017,0.008,0,0.046,0.064,0.002,0.002,1955,Grade A
163,10.75,0.188,47900,53500,0.1,0.48,0.032,0.009,0.062,0.005,0.02,0.003,0,0.008,0.018,0,0,1928,Grade A
817,8.625,0.277,31300,54000,0.143,0.481,0.022,0.007,0.008,0.008,0.007,0.001,0,0.009,0.044,0.001,0.001,1929,Grade B
817,8.625,0.277,31300,54000,0.143,0.449,0.023,0.007,0.016,0.009,0.007,0.001,0,0.008,0.011,0.001,0.001,1929,Grade B
817,8.625,0.277,31300,54000,0.144,0.447,0.02,0.007,0.008,0.008,0.007,0.001,0,0.009,0.044,0.001,0.001,1929,Grade B
817,8.625,0.277,31300,54000,0.141,0.448,0.022,0.007,0.015,0.012,0.007,0.001,0,0.007,0.012,0.001,0.001,1929,Grade B
817,8.625,0.277,31800,53500,0.143,0.481,0.022,0.007,0.008,0.008,0.007,0.001,0,0.009,0.044,0.001,0.001,1929,Grade B
817,8.625,0.277,31800,53500,0.143,0.449,0.023,0.007,0.016,0.009,0.007,0.001,0,0.008,0.011,0.001,0.001,1929,Grade B
817,8.625,0.277,31800,53500,0.144,0.447,0.02,0.007,0.008,0.008,0.007,0.001,0,0.009,0.044,0.001,0.001,1929,Grade B
817,8.625,0.277,31800,53500,0.141,0.448,0.022,0.007,0.015,0.012,0.007,0.001,0,0.007,0.012,0.001,0.001,1929,Grade B
803,8.625,0.322,33200,57500,0.126,0.521,0.03,0.066,0.029,0.101,0.006,0.002,0.001,0.005,0.007,0.001,0.001,1964,Grade B
1184,8.625,0.219,33400,51000,0.149,0.617,0.02,0.018,0.22,0.035,0.045,0.008,0,0.041,0.121,0.001,0.001,1953,Grade B
817,8.625,0.277,33500,55000,0.143,0.481,0.022,0.007,0.008,0.008,0.007,0.001,0,0.009,0.044,0.001,0.001,1929,Grade B
817,8.625,0.277,33500,55000,0.143,0.449,0.023,0.007,0.016,0.009,0.007,0.001,0,0.008,0.011,0.001,0.001,1929,Grade B
817,8.625,0.277,33500,55000,0.144,0.447,0.02,0.007,0.008,0.008,0.007,0.001,0,0.009,0.044,0.001,0.001,1929,Grade B
817,8.625,0.277,33500,55000,0.141,0.448,0.022,0.007,0.015,0.012,0.007,0.001,0,0.007,0.012,0.001,0.001,1929,Grade B
556,8.625,0.322,33600,45200,0.119,0.448,0.021,0.013,0.005,0.009,0.015,0.003,0,0.008,0.009,0.002,0.001,1905,Grade B
556,8.625,0.322,33600,45200,0.089,0.4,0.026,0.014,0.006,0.014,0.012,0.003,0,0.008,0.008,0.002,0.001,1905,Grade B
556,8.625,0.322,33600,45200,0.032,0.109,0.02,0.072,0.032,0.004,0.002,0.001,0.001,0.008,0.018,0.002,0,1905,Grade B
1184,8.625,0.219,34300,52500,0.149,0.617,0.02,0.018,0.22,0.035,0.045,0.008,0,0.041,0.121,0.001,0.001,1953,Grade B
817,8.625,0.277,34400,56000,0.143,0.481,0.022,0.007,0.008,0.008,0.007,0.001,0,0.009,0.044,0.001,0.001,1929,Grade B
817,8.625,0.277,34400,56000,0.143,0.449,0.023,0.007,0.016,0.009,0.007,0.001,0,0.008,0.011,0.001,0.001,1929,Grade B
817,8.625,0.277,34400,56000,0.144,0.447,0.02,0.007,0.008,0.008,0.007,0.001,0,0.009,0.044,0.001,0.001,1929,Grade B
817,8.625,0.277,34400,56000,0.141,0.448,0.022,0.007,0.015,0.012,0.007,0.001,0,0.007,0.012,0.001,0.001,1929,Grade B
1184,8.625,0.219,34800,52500,0.149,0.617,0.02,0.018,0.22,0.035,0.045,0.008,0,0.041,0.121,0.001,0.001,1953,Grade B
320,10.75,0.365,34900,53000,0.08,0.413,0.012,0.018,0.004,0.001,0.03,0.003,0.001,0.011,0.028,0.002,0.003,1930,Grade B
761,8.625,0.25,35200,48400,0.055,0.4,0.029,0.014,0.006,0.026,0.009,0.001,0,0.006,0.017,0.001,0.001,1952,Grade B
1053,8.625,0.27,36000,59000,0.059,0.359,0.05,0.093,0.004,0.002,0.007,0.001,0.002,0.005,0.005,0.001,0.001,1942,Grade B
752,4.5,0.237,36700,69500,0.247,0.74,0.017,0.011,0.026,0.005,0.027,0.007,0,0.023,0.018,0.001,0.001,1984,Grade B
1124,8.625,0.312,36800,65500,0.212,0.434,0.014,0.004,0.01,0.028,0.015,0.003,0,0.007,0.013,0.001,0.001,1946,Grade B
1224,8.625,0.322,37000,55500,0.051,0.483,0.028,0.054,0.005,0.002,0.005,0.001,0,0.006,0.01,0.001,0.001,1957,Grade B
378,20,0.5,37400,64500,0.255,0.631,0.024,0.007,0.031,0.006,0.017,0.004,0.001,0.009,0.012,0.006,0.001,1955,Grade B
556,8.625,0.322,37500,54000,0.119,0.448,0.021,0.013,0.005,0.009,0.015,0.003,0,0.008,0.009,0.002,0.001,1905,Grade B
556,8.625,0.322,37500,54000,0.089,0.4,0.026,0.014,0.006,0.014,0.012,0.003,0,0.008,0.008,0.002,0.001,1905,Grade B
556,8.625,0.322,37500,54000,0.032,0.109,0.02,0.072,0.032,0.004,0.002,0.001,0.001,0.008,0.018,0.002,0,1905,Grade B
863,16,0.438,38000,62000,0.194,0.534,0.014,0.005,0.032,0.006,0.028,0.001,0,0.01,0.011,0.003,0.001,1953,Grade B
863,16,0.438,38000,62000,0.259,0.562,0.017,0.007,0.033,0.003,0.029,0.001,0,0.011,0.012,0.002,0.001,1953,Grade B
863,16,0.438,38000,62000,0.254,0.563,0.02,0.007,0.031,0.001,0.029,0.001,0,0.011,0.012,0.001,0.001,1953,Grade B
798,8.625,0.322,38100,49500,0.082,0.453,0.033,0.01,0.006,0.027,0.012,0.001,0,0.013,0.03,0,0.001,1948,Grade B
1225,8.625,0.322,38200,60000,0.03,0.332,0.015,0.045,0.006,0.004,0.005,0.001,0,0.005,0.006,0.001,0.001,1957,Grade B
1123,8.625,0.322,38400,63500,0.216,0.435,0.018,0.004,0.01,0.029,0.015,0.003,0,0.007,0.013,0.001,0.001,1946,Grade B
1201,16,0.438,38500,64000,0.271,0.459,0.027,0.007,0.025,0.014,0.019,0.006,0,0.017,0.023,0.003,0.001,1951,Grade B
1201,16,0.438,38500,64000,0.196,0.423,0.018,0.005,0.021,0.01,0.018,0.005,0,0.016,0.021,0.002,0.001,1951,Grade B
1201,16,0.438,38500,64000,0.205,0.429,0.022,0.006,0.022,0.015,0.018,0.005,0,0.016,0.021,0.002,0.001,1951,Grade B
1201,16,0.438,38500,64000,0.218,0.392,0.022,0.006,0.008,0.002,0.031,0.002,0,0.007,0.009,0.004,0.001,1951,Grade B
1201,16,0.438,38500,64000,0.319,0.515,0.044,0.012,0.025,0.018,0.035,0.005,0,0.016,0.022,0.003,0.001,1951,Grade B
723,8.625,0.322,38600,64500,0.295,0.442,0.026,0.006,0.043,0.002,0.019,0.005,0,0.012,0.026,0.005,0.001,1955,Grade B
724,8.625,0.322,38600,64500,0.295,0.442,0.026,0.006,0.043,0.002,0.019,0.005,0,0.012,0.026,0.005,0.001,1955,Grade B
494,12.75,1.312,38700,70500,0.24,0.909,0.024,0.014,0.044,0.011,0.021,0.007,0.002,0.006,0.01,0.006,0.003,1959,Grade B
512,16,0.25,39100,55500,0.059,0.334,0.056,0.098,0.003,0.003,0.006,0.004,0.005,0.004,0.005,0.002,0.001,1953,Grade B
952,6.625,0.286,39100,64000,0.186,0.437,0.017,0.004,0.019,0.026,0.025,0.003,0,0.008,0.012,0.002,0.001,1947,Grade B
952,6.625,0.286,39100,64000,0.185,0.462,0.014,0.004,0.033,0.028,0.015,0.002,0,0.006,0.009,0.001,0.001,1947,Grade B
687,10.75,0.279,39200,60000,0.164,0.513,0.017,0.007,0.027,0.011,0.008,0,0,0.007,0.02,0.001,0.001,1930,Grade B
976,8.625,0.281,39700,64500,0.078,0.406,0.051,0.095,0.011,0.001,0.007,0.001,0.005,0.006,0.004,0.001,0.001,1930,Grade B
246,16,0.25,39800,61500,0.132,0.451,0.015,0.006,0.004,0,0.018,0.003,0,0.012,0.035,0.002,0.001,1940,Grade B
664,8.625,0.277,39900,63000,0.145,0.946,0.016,0.012,0.138,0,0.008,0.003,0.001,0.008,0.016,0.002,0,1950,Grade B
783,10.75,0.365,40000,66000,0.21,0.751,0.014,0.01,0.014,0.036,0.067,0.006,0,0.023,0.031,0.001,0.001,1968,Grade B
802,8.625,0.322,40000,64000,0.164,0.559,0.034,0.086,0.031,0.096,0.006,0.002,0.002,0.005,0.008,0.001,0.001,1964,Grade B
370,4.5,0.337,40300,69500,0.235,0.498,0.017,0.008,0.157,0.019,0.034,0.014,0,0.034,0.066,0.002,0.001,1958,Grade B
556,8.625,0.322,40400,55000,0.119,0.448,0.021,0.013,0.005,0.009,0.015,0.003,0,0.008,0.009,0.002,0.001,1905,Grade B
556,8.625,0.322,40400,55000,0.089,0.4,0.026,0.014,0.006,0.014,0.012,0.003,0,0.008,0.008,0.002,0.001,1905,Grade B
863,16,0.438,40400,64500,0.194,0.534,0.014,0.005,0.032,0.006,0.028,0.001,0,0.01,0.011,0.003,0.001,1953,Grade B
863,16,0.438,40400,64500,0.259,0.562,0.017,0.007,0.033,0.003,0.029,0.001,0,0.011,0.012,0.002,0.001,1953,Grade B
863,16,0.438,40400,64500,0.254,0.563,0.02,0.007,0.031,0.001,0.029,0.001,0,0.011,0.012,0.001,0.001,1953,Grade B
556,8.625,0.322,40400,55000,0.032,0.109,0.02,0.072,0.032,0.004,0.002,0.001,0.001,0.008,0.018,0.002,0,1905,Grade B
863,16,0.438,40500,66000,0.194,0.534,0.014,0.005,0.032,0.006,0.028,0.001,0,0.01,0.011,0.003,0.001,1953,Grade B
863,16,0.438,40500,66000,0.259,0.562,0.017,0.007,0.033,0.003,0.029,0.001,0,0.011,0.012,0.002,0.001,1953,Grade B
863,16,0.438,40500,66000,0.254,0.563,0.02,0.007,0.031,0.001,0.029,0.001,0,0.011,0.012,0.001,0.001,1953,Grade B
1474,8.625,0.322,40600,69000,0.196,0.819,0.019,0.1,0.033,0.018,0.014,0.003,0,0.008,0.017,0.001,0.001,1968,Grade B
1201,16,0.438,40900,63000,0.271,0.459,0.027,0.007,0.025,0.014,0.019,0.006,0,0.017,0.023,0.003,0.001,1951,Grade B
1201,16,0.438,40900,63000,0.196,0.423,0.018,0.005,0.021,0.01,0.018,0.005,0,0.016,0.021,0.002,0.001,1951,Grade B
1201,16,0.438,40900,63000,0.205,0.429,0.022,0.006,0.022,0.015,0.018,0.005,0,0.016,0.021,0.002,0.001,1951,Grade B
1201,16,0.438,40900,63000,0.218,0.392,0.022,0.006,0.008,0.002,0.031,0.002,0,0.007,0.009,0.004,0.001,1951,Grade B
1201,16,0.438,40900,63000,0.319,0.515,0.044,0.012,0.025,0.018,0.035,0.005,0,0.016,0.022,0.003,0.001,1951,Grade B
1298,10.75,0.25,41100,62000,0.165,0.433,0.025,0.017,0.046,0.008,0.012,0.004,0,0.014,0.029,0.001,0.001,1939,Grade B
450,22,0.312,41500,71000,0.232,0.486,0.04,0.017,0.149,0.02,0.007,0.005,0.001,0.006,0.009,0.002,0.002,1949,Grade B
952,6.625,0.286,41800,64000,0.186,0.437,0.017,0.004,0.019,0.026,0.025,0.003,0,0.008,0.012,0.002,0.001,1947,Grade B
952,6.625,0.286,41800,64000,0.185,0.462,0.014,0.004,0.033,0.028,0.015,0.002,0,0.006,0.009,0.001,0.001,1947,Grade B
647,10.75,0.344,41900,70000,0.268,0.438,0.021,0.011,0.305,0.019,0.037,0.009,0.001,0.014,0.024,0.002,0.002,1934,Grade B
647,10.75,0.344,41900,70000,0.259,0.463,0.024,0.011,0.116,0.041,0.048,0.006,0.001,0.024,0.061,0.002,0.002,1934,Grade B
647,10.75,0.344,41900,70000,0.271,0.463,0.027,0.012,0.117,0.041,0.048,0.006,0.001,0.024,0.061,0.002,0.002,1934,Grade B
791,22,0.344,42100,72000,0.22,0.498,0.015,0.009,0.169,0.02,0.006,0.002,0,0.007,0.03,0.001,0.001,1949,Grade B
1362,20,0.281,42100,64500,0.271,0.441,0.025,0.005,0.028,0.001,0.026,0.008,0,0.007,0.012,0.007,0.001,1958,Grade B
1201,16,0.438,42200,63500,0.271,0.459,0.027,0.007,0.025,0.014,0.019,0.006,0,0.017,0.023,0.003,0.001,1951,Grade B
1201,16,0.438,42200,63500,0.196,0.423,0.018,0.005,0.021,0.01,0.018,0.005,0,0.016,0.021,0.002,0.001,1951,Grade B
1201,16,0.438,42200,63500,0.205,0.429,0.022,0.006,0.022,0.015,0.018,0.005,0,0.016,0.021,0.002,0.001,1951,Grade B
1201,16,0.438,42200,63500,0.218,0.392,0.022,0.006,0.008,0.002,0.031,0.002,0,0.007,0.009,0.004,0.001,1951,Grade B
1201,16,0.438,42200,63500,0.319,0.515,0.044,0.012,0.025,0.018,0.035,0.005,0,0.016,0.022,0.003,0.001,1951,Grade B
1233,24,0.25,42200,61500,0.215,0.47,0.002,0.004,0.024,0.035,0.014,0.011,0,0.008,0.01,0.007,0.001,1970,Grade B
1201,16,0.438,42300,68500,0.271,0.459,0.027,0.007,0.025,0.014,0.019,0.006,0,0.017,0.023,0.003,0.001,1951,Grade B
1201,16,0.438,42300,68500,0.196,0.423,0.018,0.005,0.021,0.01,0.018,0.005,0,0.016,0.021,0.002,0.001,1951,Grade B
1201,16,0.438,42300,68500,0.205,0.429,0.022,0.006,0.022,0.015,0.018,0.005,0,0.016,0.021,0.002,0.001,1951,Grade B
1201,16,0.438,42300,68500,0.218,0.392,0.022,0.006,0.008,0.002,0.031,0.002,0,0.007,0.009,0.004,0.001,1951,Grade B
1201,16,0.438,42300,68500,0.319,0.515,0.044,0.012,0.025,0.018,0.035,0.005,0,0.016,0.022,0.003,0.001,1951,Grade B
753,4.5,0.237,42400,73500,0.24,0.71,0.017,0.01,0.024,0.008,0.027,0.007,0,0.023,0.018,0.001,0.001,1984,Grade B
1165,8.625,0.322,42400,64500,0.203,0.588,0.013,0.015,0.105,0.029,0.011,0.002,0,0.006,0.006,0.001,0.001,1939,Grade B
647,10.75,0.344,42700,69000,0.268,0.438,0.021,0.011,0.305,0.019,0.037,0.009,0.001,0.014,0.024,0.002,0.002,1934,Grade B
647,10.75,0.344,42700,69000,0.259,0.463,0.024,0.011,0.116,0.041,0.048,0.006,0.001,0.024,0.061,0.002,0.002,1934,Grade B
647,10.75,0.344,42700,69000,0.271,0.463,0.027,0.012,0.117,0.041,0.048,0.006,0.001,0.024,0.061,0.002,0.002,1934,Grade B
732,6.625,0.28,42700,59000,0.221,0.898,0.019,0.011,0.014,0.001,0.024,0.002,0.001,0.019,0.042,0.001,0.001,1977,Grade B
502,10.75,0.25,42800,71500,0.299,0.53,0.03,0.012,0.073,0.029,0.033,0.014,0.001,0.039,0.052,0.002,0.002,1930,Grade B
760,8.625,0.25,42800,72500,0.25,0.84,0.023,0.007,0.022,0.031,0.016,0.004,0,0.009,0.012,0.001,0.001,1952,Grade B
1201,16,0.438,43000,66500,0.271,0.459,0.027,0.007,0.025,0.014,0.019,0.006,0,0.017,0.023,0.003,0.001,1951,Grade B
1201,16,0.438,43000,66500,0.196,0.423,0.018,0.005,0.021,0.01,0.018,0.005,0,0.016,0.021,0.002,0.001,1951,Grade B
1201,16,0.438,43000,66500,0.205,0.429,0.022,0.006,0.022,0.015,0.018,0.005,0,0.016,0.021,0.002,0.001,1951,Grade B
1201,16,0.438,43000,66500,0.218,0.392,0.022,0.006,0.008,0.002,0.031,0.002,0,0.007,0.009,0.004,0.001,1951,Grade B
1201,16,0.438,43000,66500,0.319,0.515,0.044,0.012,0.025,0.018,0.035,0.005,0,0.016,0.022,0.003,0.001,1951,Grade B
759,8.625,0.25,43500,79500,0.284,0.92,0.021,0.006,0.056,0.026,0.052,0.01,0.001,0.015,0.033,0.001,0.002,1952,Grade B
1210,8.625,0.277,43500,66500,0.255,0.65,0.031,0.012,0.023,0.002,0.024,0.005,0,0.019,0.019,0.006,0.001,1951,Grade B
1102,12.75,0.5,44100,72500,0.202,0.655,0.006,0.007,0.223,0.021,0.038,0.013,0,0.022,0.015,0.002,0.001,1991,Grade B
1102,12.75,0.5,44100,72500,0.216,0.653,0.007,0.007,0.223,0.019,0.04,0.013,0,0.022,0.015,0.002,0.001,1991,Grade B
1102,12.75,0.5,44100,72500,0.216,0.655,0.007,0.007,0.224,0.02,0.038,0.013,0.001,0.022,0.015,0.006,0.002,1991,Grade B
85,14,0.375,44200,77000,0.2,0.52,0.027,0.026,0.2,0.016,0.057,0.02,0,0.13,0.2,0,0,1951,Grade B
1357,10.75,0.25,44300,68000,0.206,0.583,0.014,0.007,0.023,0.012,0.009,0.003,0,0.009,0.012,0.002,0.001,1946,Grade B
646,10.75,0.25,44500,65500,0.228,0.541,0.021,0.008,0.048,0.002,0.024,0.007,0.001,0.028,0.06,0.002,0.002,1956,Grade B
1102,12.75,0.5,44700,72500,0.202,0.655,0.006,0.007,0.223,0.021,0.038,0.013,0,0.022,0.015,0.002,0.001,1991,Grade B
1102,12.75,0.5,44700,72500,0.216,0.653,0.007,0.007,0.223,0.019,0.04,0.013,0,0.022,0.015,0.002,0.001,1991,Grade B
1102,12.75,0.5,44700,72500,0.216,0.655,0.007,0.007,0.224,0.02,0.038,0.013,0.001,0.022,0.015,0.006,0.002,1991,Grade B
1215,10.75,0.188,44700,62900,0.244,0.708,0.026,0.009,0.011,0.005,0.024,0.018,0.008,0.003,0.011,0.001,0,1956,Grade B
1215,10.75,0.188,44700,62900,0.21,0.848,0.031,0.015,0.09,0.003,0.015,0.005,0,0.069,0.047,0.002,0.001,1956,Grade B
1215,10.75,0.188,44700,62900,0.237,0.713,0.026,0.009,0.01,0.017,0.018,0.003,0,0.024,0.121,0.001,0.001,1956,Grade B
1215,10.75,0.188,44700,62900,0.199,0.832,0.029,0.014,0.084,0.003,0.014,0.003,0,0.066,0.045,0.001,0.001,1956,Grade B
1215,10.75,0.188,44700,62900,0.217,0.548,0.016,0.008,0.045,0.003,0.024,0.003,0,0.029,0.067,0.001,0.001,1956,Grade B
137,6.625,0.25,44800,65500,0.19,0.49,0.018,0.053,0.043,0.11,0.006,0,0.003,0.004,0.009,0.002,0.001,1956,Grade B
728,8.625,0.203,45000,69000,0.153,0.727,0.024,0.011,0.04,0.022,0.033,0.001,0,0.009,0.015,0.001,0.001,1946,Grade B
770,2.375,0.154,45600,79000,0.251,0.41,0.022,0.008,0.03,0.007,0.015,0.012,0,0.008,0.007,0.006,0.001,1965,Grade B
771,2.375,0.154,45600,79000,0.215,0.74,0.021,0.006,0.005,0.001,0.015,0.002,0,0.021,0.025,0.001,0.001,1965,Grade B
960,10.75,0.307,45600,73000,0.218,0.927,0.017,0.029,0.143,0.001,0.012,0.002,0,0.008,0.009,0.001,0.001,1929,Grade B
960,10.75,0.307,45600,73000,0.192,0.896,0.019,0.027,0.14,0.002,0.012,0.002,0,0.01,0.03,0.001,0.001,1929,Grade B
1102,12.75,0.5,45600,73000,0.202,0.655,0.006,0.007,0.223,0.021,0.038,0.013,0,0.022,0.015,0.002,0.001,1991,Grade B
1102,12.75,0.5,45600,73000,0.216,0.653,0.007,0.007,0.223,0.019,0.04,0.013,0,0.022,0.015,0.002,0.001,1991,Grade B
1102,12.75,0.5,45600,73000,0.216,0.655,0.007,0.007,0.224,0.02,0.038,0.013,0.001,0.022,0.015,0.006,0.002,1991,Grade B
1125,8.625,0.312,45700,67500,0.252,0.428,0.021,0.006,0.025,0.01,0.02,0.003,0,0.008,0.016,0.001,0.001,1946,Grade B
785,4.5,0.188,45800,69500,0.16,0.494,0.027,0.012,0.267,0.023,0.042,0.006,0,0.034,0.053,0.001,0.001,1975,Grade B
808,4.5,0.188,45800,69500,0.169,0.571,0.023,0.014,0.283,0.037,0.054,0.006,0,0.04,0.047,0.001,0.001,1970,Grade B
204,20,0.25,45900,62500,0.22,0.76,0.022,0.009,0.004,0.011,0.013,0.008,0.001,0.009,0.016,0.002,0.002,1974,Grade B
786,4.5,0.188,46300,71000,0.186,0.561,0.028,0.015,0.257,0.033,0.064,0.005,0,0.059,0.087,0.001,0.002,1970,Grade B
137,6.625,0.25,46400,68000,0.19,0.49,0.018,0.053,0.043,0.11,0.006,0,0.003,0.004,0.009,0.002,0.001,1956,Grade B
979,8.625,0.281,46500,66000,0.064,0.386,0.05,0.101,0.009,0.001,0.007,0.001,0.004,0.006,0.004,0.001,0.001,1930,Grade B
647,10.75,0.344,46600,72500,0.268,0.438,0.021,0.011,0.305,0.019,0.037,0.009,0.001,0.014,0.024,0.002,0.002,1934,Grade B
647,10.75,0.344,46600,72500,0.259,0.463,0.024,0.011,0.116,0.041,0.048,0.006,0.001,0.024,0.061,0.002,0.002,1934,Grade B
647,10.75,0.344,46600,72500,0.271,0.463,0.027,0.012,0.117,0.041,0.048,0.006,0.001,0.024,0.061,0.002,0.002,1934,Grade B
733,6.625,0.188,46600,66000,0.262,0.713,0.028,0.011,0.01,0.027,0.034,0.006,0.001,0.053,0.18,0.001,0.003,1955,Grade B
733,6.625,0.188,46600,66000,0.262,0.715,0.03,0.01,0.011,0.048,0.034,0.006,0.001,0.052,0.181,0.001,0.003,1955,Grade B
1130,20,0.312,46600,68500,0.165,1.06,0.009,0.015,0.196,0.029,0.054,0.007,0.003,0.013,0.019,0.001,0.001,1971,Grade B
1130,20,0.312,46600,68500,0.225,0.94,0.01,0.01,0.014,0.006,0.021,0.004,0,0.01,0.009,0.001,0.018,1971,Grade B
429,8.625,0.203,46700,72500,0.253,0.748,0.029,0.008,0.106,0.002,0.06,0.017,0.001,0.078,0.17,0.002,0.002,1975,Grade B
171,14,0.25,46800,69500,0.21,0.46,0.026,0.009,0.12,0.002,0.025,0.007,0.001,0.07,0.18,0.002,0.003,1950,Grade B
412,6.625,0.3,47000,58000,0.108,0.384,0.016,0.009,0.008,0.005,0.025,0.004,0,0.011,0.058,0.002,0.001,1938,Grade B
791,22,0.344,47000,73000,0.22,0.498,0.015,0.009,0.169,0.02,0.006,0.002,0,0.007,0.03,0.001,0.001,1949,Grade B
721,8.625,0.277,47100,55000,0.123,0.459,0.019,0.01,0.004,0.001,0.04,0.002,0,0.022,0.072,0.001,0.001,1933,Grade B
827,4.5,0.188,47100,66500,0.205,0.547,0.008,0.013,0.018,0.05,0.046,0.006,0,0.021,0.036,0.001,0.001,1989,Grade B
1475,10.75,0.5,47100,68400,0.216,0.47,0.028,0.023,0.008,0.012,0.031,0.004,0,0.042,0.047,0.001,0.001,1948,Grade B
1475,10.75,0.5,47100,68400,0.193,0.456,0.032,0.026,0.008,0.01,0.018,0.005,0,0.066,0.055,0.001,0.001,1948,Grade B
1475,10.75,0.5,47100,68400,0.159,0.473,0.024,0.023,0.004,0.007,0.031,0.007,0,0.031,0.067,0.001,0.001,1948,Grade B
1475,10.75,0.5,47100,68400,0.235,0.483,0.026,0.024,0.007,0.01,0.018,0.005,0,0.028,0.042,0.001,0.001,1948,Grade B
1475,10.75,0.5,47100,68400,0.22,0.548,0.033,0.031,0.008,0.011,0.022,0.005,0,0.059,0.055,0.001,0.001,1948,Grade B
1475,10.75,0.5,47100,68400,0.187,0.527,0.018,0.02,0.007,0.004,0.016,0.005,0,0.043,0.035,0.001,0.001,1948,Grade B
1475,10.75,0.5,47100,68400,0.207,0.485,0.023,0.026,0.007,0.023,0.016,0.003,0,0.022,0.031,0.001,0.001,1948,Grade B
1475,10.75,0.5,47100,68400,0.154,0.42,0.015,0.017,0.006,0.001,0.016,0.003,0,0.038,0.041,0.001,0.001,1948,Grade B
1475,10.75,0.5,47100,68400,0.238,0.567,0.025,0.032,0.01,0.006,0.025,0.007,0,0.0246,0.173,0.001,0.001,1948,Grade B
1475,10.75,0.5,47100,68400,0.22,0.501,0.03,0.028,0.008,0.022,0.031,0.009,0,0.048,0.062,0.001,0.001,1948,Grade B
762,8.625,0.25,47300,64000,0.238,0.76,0.032,0.006,0.009,0,0.004,0.009,0.002,0.023,0.015,0.001,0.001,1952,Grade B
524,6.625,0.28,47600,63000,0.119,0.468,0.014,0.02,0.006,0,0.012,0.003,0,0.013,0.038,0.002,0.001,1932,Grade B
788,4.5,0.188,47700,72500,0.186,0.54,0.025,0.02,0.231,0.024,0.066,0.005,0.001,0.059,0.086,0.001,0.002,1970,Grade B
790,6.625,0.25,47700,72500,0.046,0.825,0.005,0.009,0.256,0.024,0.029,0.015,0.003,0.056,0.116,0.016,0.017,1970,Grade B
1186,10.75,0.375,47700,70000,0.228,0.542,0.025,0.028,0.01,0.055,0.036,0.009,0,0.06,0.05,0.001,0.001,1948,Grade B
1073,10.75,0.188,47900,71000,0.21,0.848,0.031,0.015,0.09,0.003,0.015,0.005,0,0.069,0.047,0.002,0.001,1956,Grade B
1092,6.625,0.25,47900,74500,0.235,0.451,0.026,0.03,0.264,0.013,0.046,0.005,0,0.047,0.102,0.002,0.001,1955,Grade B
1092,6.625,0.25,47900,74500,0.248,0.388,0.032,0.026,0.236,0.014,0.037,0.004,0,0.043,0.092,0.002,0.001,1955,Grade B
1092,6.625,0.25,47900,74500,0.23,0.475,0.037,0.02,0.267,0.022,0.059,0.008,0,0.058,0.144,0.001,0.001,1955,Grade B
1092,6.625,0.25,47900,74500,0.232,0.518,0.027,0.03,0.245,0.022,0.059,0.008,0,0.058,0.215,0.001,0.001,1955,Grade B
1092,6.625,0.25,47900,74500,0.231,0.49,0.018,0.038,0.12,0.003,0.062,0.007,0,0.067,0.132,0.001,0.001,1955,Grade B
1092,6.625,0.25,47900,74500,0.173,0.814,0.013,0.01,0.003,0.001,0.017,0.002,0,0.033,0.013,0.001,0.001,1955,Grade B
1215,10.75,0.188,47900,71000,0.244,0.708,0.026,0.009,0.011,0.005,0.024,0.018,0.008,0.003,0.011,0.001,0,1956,Grade B
1215,10.75,0.188,47900,69000,0.244,0.708,0.026,0.009,0.011,0.005,0.024,0.018,0.008,0.003,0.011,0.001,0,1956,Grade B
1215,10.75,0.188,47900,71000,0.21,0.848,0.031,0.015,0.09,0.003,0.015,0.005,0,0.069,0.047,0.002,0.001,1956,Grade B
1215,10.75,0.188,47900,69000,0.21,0.848,0.031,0.015,0.09,0.003,0.015,0.005,0,0.069,0.047,0.002,0.001,1956,Grade B
1215,10.75,0.188,47900,71000,0.237,0.713,0.026,0.009,0.01,0.017,0.018,0.003,0,0.024,0.121,0.001,0.001,1956,Grade B
1215,10.75,0.188,47900,69000,0.237,0.713,0.026,0.009,0.01,0.017,0.018,0.003,0,0.024,0.121,0.001,0.001,1956,Grade B
1215,10.75,0.188,47900,71000,0.199,0.832,0.029,0.014,0.084,0.003,0.014,0.003,0,0.066,0.045,0.001,0.001,1956,Grade B
1215,10.75,0.188,47900,69000,0.199,0.832,0.029,0.014,0.084,0.003,0.014,0.003,0,0.066,0.045,0.001,0.001,1956,Grade B
1215,10.75,0.188,47900,71000,0.217,0.548,0.016,0.008,0.045,0.003,0.024,0.003,0,0.029,0.067,0.001,0.001,1956,Grade B
1215,10.75,0.188,47900,69000,0.217,0.548,0.016,0.008,0.045,0.003,0.024,0.003,0,0.029,0.067,0.001,0.001,1956,Grade B
415,12.75,0.688,48000,69000,0.248,0.599,0.021,0.006,0.137,0.02,0.018,0.019,0.001,0.013,0.013,0.002,0.003,1966,Grade B
887,10.75,0.188,48000,69000,0.241,0.717,0.024,0.009,0.01,0.008,0.017,0.003,0,0.025,0.121,0.001,0.001,1956,Grade B
887,10.75,0.188,48000,69000,0.261,0.719,0.027,0.012,0.008,0.002,0.034,0.003,0,0.024,0.121,0.001,0.001,1956,Grade B
887,10.75,0.188,48000,69000,0.159,0.476,0.016,0.011,0.08,0.002,0.039,0.015,0,0.096,0.129,0.001,0.001,1956,Grade B
887,10.75,0.188,48000,69000,0.231,0.687,0.022,0.009,0.008,0.002,0.033,0.003,0,0.023,0.117,0.001,0.001,1956,Grade B
763,8.625,0.25,48200,76500,0.282,0.92,0.018,0.006,0.055,0.026,0.052,0.01,0.001,0.016,0.033,0.001,0.001,1952,Grade B
960,10.75,0.307,48200,78500,0.218,0.927,0.017,0.029,0.143,0.001,0.012,0.002,0,0.008,0.009,0.001,0.001,1929,Grade B
960,10.75,0.307,48200,78500,0.192,0.896,0.019,0.027,0.14,0.002,0.012,0.002,0,0.01,0.03,0.001,0.001,1929,Grade B
450,22,0.312,48300,74000,0.232,0.486,0.04,0.017,0.149,0.02,0.007,0.005,0.001,0.006,0.009,0.002,0.002,1949,Grade B
1068,8.625,0.277,48300,76500,0.16,1.16,0.019,0.018,0.159,0.003,0.011,0.004,0.001,0.01,0.018,0.001,0.001,1952,Grade B
1068,8.625,0.277,48300,76500,0.178,1.16,0.015,0.018,0.157,0.001,0.012,0.004,0.001,0.011,0.019,0.001,0.001,1952,Grade B
1475,10.75,0.5,48400,70400,0.216,0.47,0.028,0.023,0.008,0.012,0.031,0.004,0,0.042,0.047,0.001,0.001,1948,Grade B
1475,10.75,0.5,48400,70400,0.193,0.456,0.032,0.026,0.008,0.01,0.018,0.005,0,0.066,0.055,0.001,0.001,1948,Grade B
1475,10.75,0.5,48400,70400,0.159,0.473,0.024,0.023,0.004,0.007,0.031,0.007,0,0.031,0.067,0.001,0.001,1948,Grade B
1475,10.75,0.5,48400,70400,0.235,0.483,0.026,0.024,0.007,0.01,0.018,0.005,0,0.028,0.042,0.001,0.001,1948,Grade B
1475,10.75,0.5,48400,70400,0.22,0.548,0.033,0.031,0.008,0.011,0.022,0.005,0,0.059,0.055,0.001,0.001,1948,Grade B
1475,10.75,0.5,48400,70400,0.187,0.527,0.018,0.02,0.007,0.004,0.016,0.005,0,0.043,0.035,0.001,0.001,1948,Grade B
1475,10.75,0.5,48400,70400,0.207,0.485,0.023,0.026,0.007,0.023,0.016,0.003,0,0.022,0.031,0.001,0.001,1948,Grade B
1475,10.75,0.5,48400,70400,0.154,0.42,0.015,0.017,0.006,0.001,0.016,0.003,0,0.038,0.041,0.001,0.001,1948,Grade B
1475,10.75,0.5,48400,70400,0.238,0.567,0.025,0.032,0.01,0.006,0.025,0.007,0,0.0246,0.173,0.001,0.001,1948,Grade B
1475,10.75,0.5,48400,70400,0.22,0.501,0.03,0.028,0.008,0.022,0.031,0.009,0,0.048,0.062,0.001,0.001,1948,Grade B
338,4.5,0.337,48500,67500,0.227,0.78,0.031,0.017,0.045,0.043,0.048,0.017,0.002,0.045,0.027,0.002,0.003,1960,Grade B
26,12.75,0.281,48650,69100,0.27,0.54,0.031,0.007,0.036,0.008,0.022,0.008,0,0.019,0.031,0,0,1953,Grade B
551,10.75,0.307,48700,76000,0.227,0.795,0.024,0.012,0.032,0.01,0.021,0.006,0.001,0.027,0.025,0.002,0.001,1930,Grade B
217,8.625,0.203,48700,65000,0.23,0.541,0.027,0.008,0.008,0.015,0.019,0.009,0.001,0.031,0.055,0.003,0.002,1946,Grade B
512,16,0.25,48800,60000,0.059,0.334,0.056,0.098,0.003,0.003,0.006,0.004,0.005,0.004,0.005,0.002,0.001,1953,Grade B
548,6.625,0.25,48900,74000,0.246,0.353,0.014,0.006,0.017,0.001,0.035,0.005,0,0.008,0.013,0.012,0.001,1941,Grade B
767,8.625,0.188,49000,66500,0.26,1.07,0.013,0.012,0.027,0.003,0.019,0,0.002,0.009,0.01,0.001,0.001,1965,Grade B
767,8.625,0.188,49000,66500,0.271,0.99,0.018,0.02,0.029,0.005,0.017,0,0,0.009,0.012,0.001,0.001,1965,Grade B
277,6.625,0.188,49100,63000,0.15,0.751,0.015,0.006,0.003,0.001,0.029,0.023,0.001,0.09,0.157,0.002,0.012,1946,Grade B
277,6.625,0.188,49100,63000,0.184,0.536,0.025,0.008,0.004,0.003,0.029,0.023,0.001,0.094,0.167,0.002,0.003,1946,Grade B
277,6.625,0.188,49100,63000,0.186,0.668,0.032,0.011,0.008,0.001,0.048,0.022,0.001,0.073,0.134,0.003,0.003,1946,Grade B
277,6.625,0.188,49100,63000,0.253,0.775,0.039,0.009,0.003,0.001,0.035,0.019,0.002,0.11,0.11,0.002,0.003,1946,Grade B
277,6.625,0.188,49100,63000,0.177,0.721,0.032,0.007,0.003,0.001,0.033,0.018,0.001,0.101,0.101,0.002,0.003,1946,Grade B
277,6.625,0.188,49100,63000,0.216,0.794,0.046,0.009,0.003,0.001,0.035,0.019,0.002,0.109,0.109,0.002,0.002,1946,Grade B
1161,8.625,0.277,49100,71500,0.181,0.471,0.012,0.073,0.127,0.042,0.006,0.006,0.001,0.006,0.013,0.001,0.001,1952,Grade B
1099,6.625,0.25,49300,73500,0.192,0.451,0.028,0.036,0.228,0.002,0.05,0.008,0,0.051,0.115,0.002,0.001,1955,Grade B
384,10.75,0.344,49500,62000,0.202,0.461,0.02,0.013,0.025,0.032,0.018,0.007,0,0.03,0.057,0.002,0.001,1948,Grade B
1215,10.75,0.188,49500,62000,0.244,0.708,0.026,0.009,0.011,0.005,0.024,0.018,0.008,0.003,0.011,0.001,0,1956,Grade B
1215,10.75,0.188,49500,62000,0.21,0.848,0.031,0.015,0.09,0.003,0.015,0.005,0,0.069,0.047,0.002,0.001,1956,Grade B
1215,10.75,0.188,49500,62000,0.237,0.713,0.026,0.009,0.01,0.017,0.018,0.003,0,0.024,0.121,0.001,0.001,1956,Grade B
1215,10.75,0.188,49500,62000,0.199,0.832,0.029,0.014,0.084,0.003,0.014,0.003,0,0.066,0.045,0.001,0.001,1956,Grade B
1215,10.75,0.188,49500,62000,0.217,0.548,0.016,0.008,0.045,0.003,0.024,0.003,0,0.029,0.067,0.001,0.001,1956,Grade B
273,8.625,0.203,49600,64000,0.201,0.557,0.021,0.006,0.008,0.001,0.016,0.013,0.001,0.034,0.042,0.002,0.002,1946,Grade B
496,10.75,0.25,49700,68500,0.236,0.466,0.028,0.027,0.006,0.022,0.018,0.006,0.001,0.031,0.038,0.002,0.002,1948,Grade B
204,20,0.25,49700,65000,0.22,0.76,0.022,0.009,0.004,0.011,0.013,0.008,0.001,0.009,0.016,0.002,0.002,1974,Grade B
467,8.625,0.203,49700,62800,0.197,0.639,0.016,0.005,0.007,0,0.02,0.009,0.001,0.039,0.095,0.002,0.004,1946,Grade B
887,10.75,0.188,49700,69500,0.241,0.717,0.024,0.009,0.01,0.008,0.017,0.003,0,0.025,0.121,0.001,0.001,1956,Grade B
887,10.75,0.188,49700,69500,0.261,0.719,0.027,0.012,0.008,0.002,0.034,0.003,0,0.024,0.121,0.001,0.001,1956,Grade B
887,10.75,0.188,49700,69500,0.159,0.476,0.016,0.011,0.08,0.002,0.039,0.015,0,0.096,0.129,0.001,0.001,1956,Grade B
887,10.75,0.188,49700,69500,0.231,0.687,0.022,0.009,0.008,0.002,0.033,0.003,0,0.023,0.117,0.001,0.001,1956,Grade B
977,8.625,0.281,49700,66500,0.243,0.816,0.013,0.016,0.057,0.002,0.025,0.002,0,0.005,0.006,0.001,0.001,1930,Grade B
1114,16,0.312,49700,77000,0.302,1.07,0.012,0.003,0.01,0.003,0.033,0.018,0,0.043,0.058,0.001,0.001,1979,Grade B
277,6.625,0.188,49900,66000,0.15,0.751,0.015,0.006,0.003,0.001,0.029,0.023,0.001,0.09,0.157,0.002,0.012,1946,Grade B
277,6.625,0.188,49900,66000,0.184,0.536,0.025,0.008,0.004,0.003,0.029,0.023,0.001,0.094,0.167,0.002,0.003,1946,Grade B
277,6.625,0.188,49900,66000,0.186,0.668,0.032,0.011,0.008,0.001,0.048,0.022,0.001,0.073,0.134,0.003,0.003,1946,Grade B
277,6.625,0.188,49900,66000,0.253,0.775,0.039,0.009,0.003,0.001,0.035,0.019,0.002,0.11,0.11,0.002,0.003,1946,Grade B
277,6.625,0.188,49900,66000,0.177,0.721,0.032,0.007,0.003,0.001,0.033,0.018,0.001,0.101,0.101,0.002,0.003,1946,Grade B
277,6.625,0.188,49900,66000,0.216,0.794,0.046,0.009,0.003,0.001,0.035,0.019,0.002,0.109,0.109,0.002,0.002,1946,Grade B
77,12.75,0.25,50000,72500,0.24,0.89,0.039,0.012,0,0.007,0.018,0.012,0,0.01,0.014,0,0.003,1962,Grade B
552,8.625,0.203,50000,69500,0.281,0.666,0.021,0.008,0.031,0.021,0.023,0.004,0.001,0.008,0.016,0.002,0.003,1964,Grade B
784,6.625,0.188,50000,61500,0.162,0.532,0.023,0.02,0.249,0.058,0.039,0.002,0.001,0.038,0.026,0.001,0.002,1970,Grade B
1492,8.625,0.322,50200,66200,0.182,0.636,0.013,0.006,0.006,0.001,0.016,0.003,0,0.013,0.01,0.001,0.001,1957,Grade B
1492,8.625,0.322,50200,66200,0.213,0.636,0.014,0.006,0.007,0.001,0.016,0.003,0,0.014,0.01,0.001,0.001,1957,Grade B
1492,8.625,0.322,50200,66200,0.215,0.639,0.013,0.007,0.006,0.001,0.016,0.003,0,0.014,0.011,0.001,0.001,1957,Grade B
1492,8.625,0.322,50200,66200,0.22,0.651,0.017,0.008,0.006,0.001,0.016,0.003,0,0.014,0.011,0.001,0.001,1957,Grade B
1475,10.75,0.5,50300,63900,0.216,0.47,0.028,0.023,0.008,0.012,0.031,0.004,0,0.042,0.047,0.001,0.001,1948,Grade B
1475,10.75,0.5,50300,63900,0.193,0.456,0.032,0.026,0.008,0.01,0.018,0.005,0,0.066,0.055,0.001,0.001,1948,Grade B
1475,10.75,0.5,50300,63900,0.159,0.473,0.024,0.023,0.004,0.007,0.031,0.007,0,0.031,0.067,0.001,0.001,1948,Grade B
1475,10.75,0.5,50300,63900,0.235,0.483,0.026,0.024,0.007,0.01,0.018,0.005,0,0.028,0.042,0.001,0.001,1948,Grade B
1475,10.75,0.5,50300,63900,0.22,0.548,0.033,0.031,0.008,0.011,0.022,0.005,0,0.059,0.055,0.001,0.001,1948,Grade B
1475,10.75,0.5,50300,63900,0.187,0.527,0.018,0.02,0.007,0.004,0.016,0.005,0,0.043,0.035,0.001,0.001,1948,Grade B
1475,10.75,0.5,50300,63900,0.207,0.485,0.023,0.026,0.007,0.023,0.016,0.003,0,0.022,0.031,0.001,0.001,1948,Grade B
1475,10.75,0.5,50300,63900,0.154,0.42,0.015,0.017,0.006,0.001,0.016,0.003,0,0.038,0.041,0.001,0.001,1948,Grade B
1475,10.75,0.5,50300,63900,0.238,0.567,0.025,0.032,0.01,0.006,0.025,0.007,0,0.0246,0.173,0.001,0.001,1948,Grade B
1475,10.75,0.5,50300,63900,0.22,0.501,0.03,0.028,0.008,0.022,0.031,0.009,0,0.048,0.062,0.001,0.001,1948,Grade B
431,6.625,0.188,50500,65000,0.261,0.76,0.028,0.009,0.011,0.022,0.019,0.008,0.001,0.028,0.143,0.002,0.002,1957,Grade B
887,10.75,0.188,50500,71000,0.241,0.717,0.024,0.009,0.01,0.008,0.017,0.003,0,0.025,0.121,0.001,0.001,1956,Grade B
887,10.75,0.188,50500,71000,0.261,0.719,0.027,0.012,0.008,0.002,0.034,0.003,0,0.024,0.121,0.001,0.001,1956,Grade B
887,10.75,0.188,50500,71000,0.159,0.476,0.016,0.011,0.08,0.002,0.039,0.015,0,0.096,0.129,0.001,0.001,1956,Grade B
887,10.75,0.188,50500,71000,0.231,0.687,0.022,0.009,0.008,0.002,0.033,0.003,0,0.023,0.117,0.001,0.001,1956,Grade B
978,8.625,0.281,50500,79000,0.084,0.391,0.068,0.109,0.006,0.001,0.007,0.001,0.005,0.006,0.005,0.001,0.001,1930,Grade B
1348,10.75,0.219,50500,66500,0.261,0.765,0.012,0.007,0.009,0.001,0.026,0.006,0,0.023,0.036,0.001,0.001,1950,Grade B
1451,12.75,0.312,50500,66500,0.23,0.49,0.03,0.027,0.012,0.004,0.024,0.005,0,0.06,0.104,0.001,0.001,1949,Grade B
1492,8.625,0.322,50600,65000,0.182,0.636,0.013,0.006,0.006,0.001,0.016,0.003,0,0.013,0.01,0.001,0.001,1957,Grade B
1492,8.625,0.322,50600,62500,0.182,0.636,0.013,0.006,0.006,0.001,0.016,0.003,0,0.013,0.01,0.001,0.001,1957,Grade B
1492,8.625,0.322,50600,65000,0.213,0.636,0.014,0.006,0.007,0.001,0.016,0.003,0,0.014,0.01,0.001,0.001,1957,Grade B
1492,8.625,0.322,50600,62500,0.213,0.636,0.014,0.006,0.007,0.001,0.016,0.003,0,0.014,0.01,0.001,0.001,1957,Grade B
1492,8.625,0.322,50600,65000,0.215,0.639,0.013,0.007,0.006,0.001,0.016,0.003,0,0.014,0.011,0.001,0.001,1957,Grade B
1492,8.625,0.322,50600,62500,0.215,0.639,0.013,0.007,0.006,0.001,0.016,0.003,0,0.014,0.011,0.001,0.001,1957,Grade B
1492,8.625,0.322,50600,65000,0.22,0.651,0.017,0.008,0.006,0.001,0.016,0.003,0,0.014,0.011,0.001,0.001,1957,Grade B
1492,8.625,0.322,50600,62500,0.22,0.651,0.017,0.008,0.006,0.001,0.016,0.003,0,0.014,0.011,0.001,0.001,1957,Grade B
1492,8.625,0.322,50900,63300,0.182,0.636,0.013,0.006,0.006,0.001,0.016,0.003,0,0.013,0.01,0.001,0.001,1957,Grade B
1492,8.625,0.322,50900,63300,0.213,0.636,0.014,0.006,0.007,0.001,0.016,0.003,0,0.014,0.01,0.001,0.001,1957,Grade B
1492,8.625,0.322,50900,63300,0.215,0.639,0.013,0.007,0.006,0.001,0.016,0.003,0,0.014,0.011,0.001,0.001,1957,Grade B
1492,8.625,0.322,50900,63300,0.22,0.651,0.017,0.008,0.006,0.001,0.016,0.003,0,0.014,0.011,0.001,0.001,1957,Grade B
553,10.75,0.344,51000,65500,0.243,0.485,0.031,0.019,0.018,0.019,0.016,0.009,0.001,0.049,0.067,0.002,0.002,1948,Grade B
553,10.75,0.344,51000,65500,0.207,0.64,0.02,0.007,0.008,0.002,0.029,0.007,0.002,0.056,0.093,0.002,0.006,1948,Grade B
553,10.75,0.344,51000,65500,0.261,0.549,0.036,0.024,0.012,0.011,0.015,0.012,0.001,0.051,0.087,0.002,0.003,1948,Grade B
887,10.75,0.188,51000,73000,0.241,0.717,0.024,0.009,0.01,0.008,0.017,0.003,0,0.025,0.121,0.001,0.001,1956,Grade B
887,10.75,0.188,51000,73000,0.261,0.719,0.027,0.012,0.008,0.002,0.034,0.003,0,0.024,0.121,0.001,0.001,1956,Grade B
887,10.75,0.188,51000,73000,0.159,0.476,0.016,0.011,0.08,0.002,0.039,0.015,0,0.096,0.129,0.001,0.001,1956,Grade B
887,10.75,0.188,51000,73000,0.231,0.687,0.022,0.009,0.008,0.002,0.033,0.003,0,0.023,0.117,0.001,0.001,1956,Grade B
1008,10.75,0.219,51000,66500,0.218,0.591,0.024,0.01,0.006,0.006,0.037,0.015,0,0.018,0.04,0.001,0.001,1952,Grade B
1492,8.625,0.322,51000,63000,0.182,0.636,0.013,0.006,0.006,0.001,0.016,0.003,0,0.013,0.01,0.001,0.001,1957,Grade B
1492,8.625,0.322,51000,63000,0.213,0.636,0.014,0.006,0.007,0.001,0.016,0.003,0,0.014,0.01,0.001,0.001,1957,Grade B
1492,8.625,0.322,51000,63000,0.215,0.639,0.013,0.007,0.006,0.001,0.016,0.003,0,0.014,0.011,0.001,0.001,1957,Grade B
1492,8.625,0.322,51000,63000,0.22,0.651,0.017,0.008,0.006,0.001,0.016,0.003,0,0.014,0.011,0.001,0.001,1957,Grade B
1475,10.75,0.5,51200,69200,0.216,0.47,0.028,0.023,0.008,0.012,0.031,0.004,0,0.042,0.047,0.001,0.001,1948,Grade B
1475,10.75,0.5,51200,69200,0.193,0.456,0.032,0.026,0.008,0.01,0.018,0.005,0,0.066,0.055,0.001,0.001,1948,Grade B
1475,10.75,0.5,51200,69200,0.159,0.473,0.024,0.023,0.004,0.007,0.031,0.007,0,0.031,0.067,0.001,0.001,1948,Grade B
1475,10.75,0.5,51200,69200,0.235,0.483,0.026,0.024,0.007,0.01,0.018,0.005,0,0.028,0.042,0.001,0.001,1948,Grade B
1475,10.75,0.5,51200,69200,0.22,0.548,0.033,0.031,0.008,0.011,0.022,0.005,0,0.059,0.055,0.001,0.001,1948,Grade B
1475,10.75,0.5,51200,69200,0.187,0.527,0.018,0.02,0.007,0.004,0.016,0.005,0,0.043,0.035,0.001,0.001,1948,Grade B
1475,10.75,0.5,51200,69200,0.207,0.485,0.023,0.026,0.007,0.023,0.016,0.003,0,0.022,0.031,0.001,0.001,1948,Grade B
1475,10.75,0.5,51200,69200,0.154,0.42,0.015,0.017,0.006,0.001,0.016,0.003,0,0.038,0.041,0.001,0.001,1948,Grade B
1475,10.75,0.5,51200,69200,0.238,0.567,0.025,0.032,0.01,0.006,0.025,0.007,0,0.0246,0.173,0.001,0.001,1948,Grade B
1475,10.75,0.5,51200,69200,0.22,0.501,0.03,0.028,0.008,0.022,0.031,0.009,0,0.048,0.062,0.001,0.001,1948,Grade B
1492,8.625,0.322,51200,66100,0.182,0.636,0.013,0.006,0.006,0.001,0.016,0.003,0,0.013,0.01,0.001,0.001,1957,Grade B
1492,8.625,0.322,51200,66100,0.213,0.636,0.014,0.006,0.007,0.001,0.016,0.003,0,0.014,0.01,0.001,0.001,1957,Grade B
1492,8.625,0.322,51200,66100,0.215,0.639,0.013,0.007,0.006,0.001,0.016,0.003,0,0.014,0.011,0.001,0.001,1957,Grade B
1492,8.625,0.322,51200,66100,0.22,0.651,0.017,0.008,0.006,0.001,0.016,0.003,0,0.014,0.011,0.001,0.001,1957,Grade B
1475,10.75,0.5,51300,70000,0.216,0.47,0.028,0.023,0.008,0.012,0.031,0.004,0,0.042,0.047,0.001,0.001,1948,Grade B
1475,10.75,0.5,51300,70000,0.193,0.456,0.032,0.026,0.008,0.01,0.018,0.005,0,0.066,0.055,0.001,0.001,1948,Grade B
1475,10.75,0.5,51300,70000,0.159,0.473,0.024,0.023,0.004,0.007,0.031,0.007,0,0.031,0.067,0.001,0.001,1948,Grade B
1475,10.75,0.5,51300,70000,0.235,0.483,0.026,0.024,0.007,0.01,0.018,0.005,0,0.028,0.042,0.001,0.001,1948,Grade B
1475,10.75,0.5,51300,70000,0.22,0.548,0.033,0.031,0.008,0.011,0.022,0.005,0,0.059,0.055,0.001,0.001,1948,Grade B
1475,10.75,0.5,51300,70000,0.187,0.527,0.018,0.02,0.007,0.004,0.016,0.005,0,0.043,0.035,0.001,0.001,1948,Grade B
1475,10.75,0.5,51300,70000,0.207,0.485,0.023,0.026,0.007,0.023,0.016,0.003,0,0.022,0.031,0.001,0.001,1948,Grade B
1475,10.75,0.5,51300,70000,0.154,0.42,0.015,0.017,0.006,0.001,0.016,0.003,0,0.038,0.041,0.001,0.001,1948,Grade B
1475,10.75,0.5,51300,70000,0.238,0.567,0.025,0.032,0.01,0.006,0.025,0.007,0,0.0246,0.173,0.001,0.001,1948,Grade B
1475,10.75,0.5,51300,70000,0.22,0.501,0.03,0.028,0.008,0.022,0.031,0.009,0,0.048,0.062,0.001,0.001,1948,Grade B
204,20,0.25,51500,66500,0.22,0.76,0.022,0.009,0.004,0.011,0.013,0.008,0.001,0.009,0.016,0.002,0.002,1974,Grade B
767,8.625,0.188,51500,75500,0.26,1.07,0.013,0.012,0.027,0.003,0.019,0,0.002,0.009,0.01,0.001,0.001,1965,Grade B
767,8.625,0.188,51500,75500,0.271,0.99,0.018,0.02,0.029,0.005,0.017,0,0,0.009,0.012,0.001,0.001,1965,Grade B
980,8.625,0.281,51500,78000,0.233,0.843,0.021,0.012,0.052,0.007,0.019,0.002,0,0.005,0.006,0.001,0.001,1930,Grade B
982,6.625,0.156,51500,65000,0.202,0.468,0.03,0.011,0.077,0.002,0.011,0.003,0,0.013,0.057,0.001,0.001,1959,Grade B
1381,10.75,0.25,51500,68000,0.222,0.542,0.028,0.026,0.008,0.016,0.032,0.014,0,0.053,0.048,0.001,0.001,1948,Grade B
1476,10.75,0.25,51900,69800,0.231,0.514,0.03,0.024,0.008,0.015,0.023,0.009,0,0.038,0.044,0.001,0.001,1948,Grade B
553,10.75,0.344,52000,66000,0.243,0.485,0.031,0.019,0.018,0.019,0.016,0.009,0.001,0.049,0.067,0.002,0.002,1948,Grade B
553,10.75,0.344,52000,66000,0.207,0.64,0.02,0.007,0.008,0.002,0.029,0.007,0.002,0.056,0.093,0.002,0.006,1948,Grade B
553,10.75,0.344,52000,66000,0.261,0.549,0.036,0.024,0.012,0.011,0.015,0.012,0.001,0.051,0.087,0.002,0.003,1948,Grade B
277,6.625,0.188,52000,67000,0.15,0.751,0.015,0.006,0.003,0.001,0.029,0.023,0.001,0.09,0.157,0.002,0.012,1946,Grade B
277,6.625,0.188,52000,67000,0.184,0.536,0.025,0.008,0.004,0.003,0.029,0.023,0.001,0.094,0.167,0.002,0.003,1946,Grade B
277,6.625,0.188,52000,67000,0.186,0.668,0.032,0.011,0.008,0.001,0.048,0.022,0.001,0.073,0.134,0.003,0.003,1946,Grade B
277,6.625,0.188,52000,67000,0.253,0.775,0.039,0.009,0.003,0.001,0.035,0.019,0.002,0.11,0.11,0.002,0.003,1946,Grade B
277,6.625,0.188,52000,67000,0.177,0.721,0.032,0.007,0.003,0.001,0.033,0.018,0.001,0.101,0.101,0.002,0.003,1946,Grade B
277,6.625,0.188,52000,67000,0.216,0.794,0.046,0.009,0.003,0.001,0.035,0.019,0.002,0.109,0.109,0.002,0.002,1946,Grade B
1092,6.625,0.25,52000,74000,0.235,0.451,0.026,0.03,0.264,0.013,0.046,0.005,0,0.047,0.102,0.002,0.001,1955,Grade B
1092,6.625,0.25,52000,74000,0.248,0.388,0.032,0.026,0.236,0.014,0.037,0.004,0,0.043,0.092,0.002,0.001,1955,Grade B
1092,6.625,0.25,52000,74000,0.23,0.475,0.037,0.02,0.267,0.022,0.059,0.008,0,0.058,0.144,0.001,0.001,1955,Grade B
1092,6.625,0.25,52000,74000,0.232,0.518,0.027,0.03,0.245,0.022,0.059,0.008,0,0.058,0.215,0.001,0.001,1955,Grade B
1092,6.625,0.25,52000,74000,0.231,0.49,0.018,0.038,0.12,0.003,0.062,0.007,0,0.067,0.132,0.001,0.001,1955,Grade B
1092,6.625,0.25,52000,74000,0.173,0.814,0.013,0.01,0.003,0.001,0.017,0.002,0,0.033,0.013,0.001,0.001,1955,Grade B
1215,10.75,0.188,52000,72500,0.244,0.708,0.026,0.009,0.011,0.005,0.024,0.018,0.008,0.003,0.011,0.001,0,1956,Grade B
1215,10.75,0.188,52000,72500,0.21,0.848,0.031,0.015,0.09,0.003,0.015,0.005,0,0.069,0.047,0.002,0.001,1956,Grade B
1215,10.75,0.188,52000,72500,0.237,0.713,0.026,0.009,0.01,0.017,0.018,0.003,0,0.024,0.121,0.001,0.001,1956,Grade B
1215,10.75,0.188,52000,72500,0.199,0.832,0.029,0.014,0.084,0.003,0.014,0.003,0,0.066,0.045,0.001,0.001,1956,Grade B
1215,10.75,0.188,52000,72500,0.217,0.548,0.016,0.008,0.045,0.003,0.024,0.003,0,0.029,0.067,0.001,0.001,1956,Grade B
1377,10.75,0.203,52000,70000,0.219,0.583,0.021,0.013,0.011,0.027,0.026,0.005,0,0.015,0.018,0.001,0.001,1957,Grade B
1475,10.75,0.5,52200,62700,0.216,0.47,0.028,0.023,0.008,0.012,0.031,0.004,0,0.042,0.047,0.001,0.001,1948,Grade B
1475,10.75,0.5,52200,62700,0.193,0.456,0.032,0.026,0.008,0.01,0.018,0.005,0,0.066,0.055,0.001,0.001,1948,Grade B
1475,10.75,0.5,52200,62700,0.159,0.473,0.024,0.023,0.004,0.007,0.031,0.007,0,0.031,0.067,0.001,0.001,1948,Grade B
1475,10.75,0.5,52200,62700,0.235,0.483,0.026,0.024,0.007,0.01,0.018,0.005,0,0.028,0.042,0.001,0.001,1948,Grade B
1475,10.75,0.5,52200,62700,0.22,0.548,0.033,0.031,0.008,0.011,0.022,0.005,0,0.059,0.055,0.001,0.001,1948,Grade B
1475,10.75,0.5,52200,62700,0.187,0.527,0.018,0.02,0.007,0.004,0.016,0.005,0,0.043,0.035,0.001,0.001,1948,Grade B
1475,10.75,0.5,52200,62700,0.207,0.485,0.023,0.026,0.007,0.023,0.016,0.003,0,0.022,0.031,0.001,0.001,1948,Grade B
1475,10.75,0.5,52200,62700,0.154,0.42,0.015,0.017,0.006,0.001,0.016,0.003,0,0.038,0.041,0.001,0.001,1948,Grade B
1475,10.75,0.5,52200,62700,0.238,0.567,0.025,0.032,0.01,0.006,0.025,0.007,0,0.0246,0.173,0.001,0.001,1948,Grade B
1475,10.75,0.5,52200,62700,0.22,0.501,0.03,0.028,0.008,0.022,0.031,0.009,0,0.048,0.062,0.001,0.001,1948,Grade B
1475,10.75,0.5,52400,59900,0.216,0.47,0.028,0.023,0.008,0.012,0.031,0.004,0,0.042,0.047,0.001,0.001,1948,Grade B
1475,10.75,0.5,52400,59900,0.193,0.456,0.032,0.026,0.008,0.01,0.018,0.005,0,0.066,0.055,0.001,0.001,1948,Grade B
1475,10.75,0.5,52400,59900,0.159,0.473,0.024,0.023,0.004,0.007,0.031,0.007,0,0.031,0.067,0.001,0.001,1948,Grade B
1475,10.75,0.5,52400,59900,0.235,0.483,0.026,0.024,0.007,0.01,0.018,0.005,0,0.028,0.042,0.001,0.001,1948,Grade B
1475,10.75,0.5,52400,59900,0.22,0.548,0.033,0.031,0.008,0.011,0.022,0.005,0,0.059,0.055,0.001,0.001,1948,Grade B
1475,10.75,0.5,52400,59900,0.187,0.527,0.018,0.02,0.007,0.004,0.016,0.005,0,0.043,0.035,0.001,0.001,1948,Grade B
1475,10.75,0.5,52400,59900,0.207,0.485,0.023,0.026,0.007,0.023,0.016,0.003,0,0.022,0.031,0.001,0.001,1948,Grade B
1475,10.75,0.5,52400,59900,0.154,0.42,0.015,0.017,0.006,0.001,0.016,0.003,0,0.038,0.041,0.001,0.001,1948,Grade B
1475,10.75,0.5,52400,59900,0.238,0.567,0.025,0.032,0.01,0.006,0.025,0.007,0,0.0246,0.173,0.001,0.001,1948,Grade B
1475,10.75,0.5,52400,59900,0.22,0.501,0.03,0.028,0.008,0.022,0.031,0.009,0,0.048,0.062,0.001,0.001,1948,Grade B
553,10.75,0.344,52500,66000,0.243,0.485,0.031,0.019,0.018,0.019,0.016,0.009,0.001,0.049,0.067,0.002,0.002,1948,Grade B
553,10.75,0.344,52500,66000,0.207,0.64,0.02,0.007,0.008,0.002,0.029,0.007,0.002,0.056,0.093,0.002,0.006,1948,Grade B
553,10.75,0.344,52500,66000,0.261,0.549,0.036,0.024,0.012,0.011,0.015,0.012,0.001,0.051,0.087,0.002,0.003,1948,Grade B
625,10.75,0.25,52500,68000,0.196,0.458,0.024,0.03,0.004,0.028,0.024,0.005,0,0.047,0.046,0.002,0.001,1948,Grade B
1086,8.625,0.188,52500,74500,0.246,1.14,0.014,0.008,0.028,0.003,0.038,0.009,0,0.031,0.027,0.001,0.001,1973,Grade B
1475,10.75,0.5,52500,70400,0.216,0.47,0.028,0.023,0.008,0.012,0.031,0.004,0,0.042,0.047,0.001,0.001,1948,Grade B
1475,10.75,0.5,52500,70400,0.193,0.456,0.032,0.026,0.008,0.01,0.018,0.005,0,0.066,0.055,0.001,0.001,1948,Grade B
1475,10.75,0.5,52500,70400,0.159,0.473,0.024,0.023,0.004,0.007,0.031,0.007,0,0.031,0.067,0.001,0.001,1948,Grade B
1475,10.75,0.5,52500,70400,0.235,0.483,0.026,0.024,0.007,0.01,0.018,0.005,0,0.028,0.042,0.001,0.001,1948,Grade B
1475,10.75,0.5,52500,70400,0.22,0.548,0.033,0.031,0.008,0.011,0.022,0.005,0,0.059,0.055,0.001,0.001,1948,Grade B
1475,10.75,0.5,52500,70400,0.187,0.527,0.018,0.02,0.007,0.004,0.016,0.005,0,0.043,0.035,0.001,0.001,1948,Grade B
1475,10.75,0.5,52500,70400,0.207,0.485,0.023,0.026,0.007,0.023,0.016,0.003,0,0.022,0.031,0.001,0.001,1948,Grade B
1475,10.75,0.5,52500,70400,0.154,0.42,0.015,0.017,0.006,0.001,0.016,0.003,0,0.038,0.041,0.001,0.001,1948,Grade B
1475,10.75,0.5,52500,70400,0.238,0.567,0.025,0.032,0.01,0.006,0.025,0.007,0,0.0246,0.173,0.001,0.001,1948,Grade B
1475,10.75,0.5,52500,70400,0.22,0.501,0.03,0.028,0.008,0.022,0.031,0.009,0,0.048,0.062,0.001,0.001,1948,Grade B
1492,8.625,0.322,52500,66200,0.182,0.636,0.013,0.006,0.006,0.001,0.016,0.003,0,0.013,0.01,0.001,0.001,1957,Grade B
1492,8.625,0.322,52500,66200,0.213,0.636,0.014,0.006,0.007,0.001,0.016,0.003,0,0.014,0.01,0.001,0.001,1957,Grade B
1492,8.625,0.322,52500,66200,0.215,0.639,0.013,0.007,0.006,0.001,0.016,0.003,0,0.014,0.011,0.001,0.001,1957,Grade B
1492,8.625,0.322,52500,66200,0.22,0.651,0.017,0.008,0.006,0.001,0.016,0.003,0,0.014,0.011,0.001,0.001,1957,Grade B
1488,6.625,0.188,52900,72600,0.156,0.527,0.02,0.071,0.03,0.082,0.009,0.004,0,0.007,0.011,0.001,0.001,1955,Grade B
277,6.625,0.188,53000,70500,0.15,0.751,0.015,0.006,0.003,0.001,0.029,0.023,0.001,0.09,0.157,0.002,0.012,1946,Grade B
277,6.625,0.188,53000,70500,0.184,0.536,0.025,0.008,0.004,0.003,0.029,0.023,0.001,0.094,0.167,0.002,0.003,1946,Grade B
277,6.625,0.188,53000,70500,0.186,0.668,0.032,0.011,0.008,0.001,0.048,0.022,0.001,0.073,0.134,0.003,0.003,1946,Grade B
277,6.625,0.188,53000,70500,0.253,0.775,0.039,0.009,0.003,0.001,0.035,0.019,0.002,0.11,0.11,0.002,0.003,1946,Grade B
277,6.625,0.188,53000,70500,0.177,0.721,0.032,0.007,0.003,0.001,0.033,0.018,0.001,0.101,0.101,0.002,0.003,1946,Grade B
277,6.625,0.188,53000,70500,0.216,0.794,0.046,0.009,0.003,0.001,0.035,0.019,0.002,0.109,0.109,0.002,0.002,1946,Grade B
1068,8.625,0.277,53000,77500,0.16,1.16,0.019,0.018,0.159,0.003,0.011,0.004,0.001,0.01,0.018,0.001,0.001,1952,Grade B
1068,8.625,0.277,53000,77500,0.178,1.16,0.015,0.018,0.157,0.001,0.012,0.004,0.001,0.011,0.019,0.001,0.001,1952,Grade B
1092,6.625,0.25,53000,77000,0.235,0.451,0.026,0.03,0.264,0.013,0.046,0.005,0,0.047,0.102,0.002,0.001,1955,Grade B
1092,6.625,0.25,53000,77000,0.248,0.388,0.032,0.026,0.236,0.014,0.037,0.004,0,0.043,0.092,0.002,0.001,1955,Grade B
1092,6.625,0.25,53000,77000,0.23,0.475,0.037,0.02,0.267,0.022,0.059,0.008,0,0.058,0.144,0.001,0.001,1955,Grade B
1092,6.625,0.25,53000,77000,0.232,0.518,0.027,0.03,0.245,0.022,0.059,0.008,0,0.058,0.215,0.001,0.001,1955,Grade B
1092,6.625,0.25,53000,77000,0.231,0.49,0.018,0.038,0.12,0.003,0.062,0.007,0,0.067,0.132,0.001,0.001,1955,Grade B
1092,6.625,0.25,53000,77000,0.173,0.814,0.013,0.01,0.003,0.001,0.017,0.002,0,0.033,0.013,0.001,0.001,1955,Grade B
1126,12.75,0.375,53000,67000,0.28,0.55,0.02,0.018,0.136,0.013,0.008,0.004,0,0.008,0.008,0.002,0.001,1984,Grade B
1128,20,0.312,53000,73500,0.224,0.09,0.015,0.009,0.017,0.006,0.033,0.019,0,0.022,0.017,0.001,0.001,1987,Grade B
1379,6.625,0.28,53000,66000,0.267,0.689,0.027,0.008,0.009,0.002,0.035,0.012,0,0.049,0.167,0.001,0.001,1952,Grade B
1451,12.75,0.312,53000,67000,0.23,0.49,0.03,0.027,0.012,0.004,0.024,0.005,0,0.06,0.104,0.001,0.001,1949,Grade B
264,20,0.25,53500,68500,0.237,0.949,0.022,0.016,0.087,0.001,0.019,0.009,0.002,0.011,0.012,0.002,0.002,1969,Grade B
264,20,0.25,53500,68500,0.278,0.841,0.016,0.009,0.028,0.001,0.04,0.009,0.002,0.015,0.017,0.002,0.002,1969,Grade B
1305,16,0.25,53500,70000,0.142,0.68,0.02,0.007,0.005,0.002,0.048,0.007,0,0.047,0.047,0.001,0.001,1940,Grade B
1451,12.75,0.312,53500,66500,0.23,0.49,0.03,0.027,0.012,0.004,0.024,0.005,0,0.06,0.104,0.001,0.001,1949,Grade B
1458,8.625,0.322,53500,71000,0.246,0.745,0.018,0.004,0.013,0.029,0.049,0.027,0,0.018,0.02,0.001,0.001,1970,Grade B
1475,10.75,0.5,53500,70000,0.216,0.47,0.028,0.023,0.008,0.012,0.031,0.004,0,0.042,0.047,0.001,0.001,1948,Grade B
1475,10.75,0.5,53500,70000,0.193,0.456,0.032,0.026,0.008,0.01,0.018,0.005,0,0.066,0.055,0.001,0.001,1948,Grade B
1475,10.75,0.5,53500,70000,0.159,0.473,0.024,0.023,0.004,0.007,0.031,0.007,0,0.031,0.067,0.001,0.001,1948,Grade B
1475,10.75,0.5,53500,70000,0.235,0.483,0.026,0.024,0.007,0.01,0.018,0.005,0,0.028,0.042,0.001,0.001,1948,Grade B
1475,10.75,0.5,53500,70000,0.22,0.548,0.033,0.031,0.008,0.011,0.022,0.005,0,0.059,0.055,0.001,0.001,1948,Grade B
1475,10.75,0.5,53500,70000,0.187,0.527,0.018,0.02,0.007,0.004,0.016,0.005,0,0.043,0.035,0.001,0.001,1948,Grade B
1475,10.75,0.5,53500,70000,0.207,0.485,0.023,0.026,0.007,0.023,0.016,0.003,0,0.022,0.031,0.001,0.001,1948,Grade B
1475,10.75,0.5,53500,70000,0.154,0.42,0.015,0.017,0.006,0.001,0.016,0.003,0,0.038,0.041,0.001,0.001,1948,Grade B
1475,10.75,0.5,53500,70000,0.238,0.567,0.025,0.032,0.01,0.006,0.025,0.007,0,0.0246,0.173,0.001,0.001,1948,Grade B
1475,10.75,0.5,53500,70000,0.22,0.501,0.03,0.028,0.008,0.022,0.031,0.009,0,0.048,0.062,0.001,0.001,1948,Grade B
412,6.625,0.3,54000,59500,0.108,0.384,0.016,0.009,0.008,0.005,0.025,0.004,0,0.011,0.058,0.002,0.001,1938,Grade B
1495,8.625,0.25,54000,60500,0.188,0.664,0.019,0.006,0.011,0.001,0.028,0.011,0,0.029,0.043,0.001,0.001,1955,Grade B
277,6.625,0.188,54500,69000,0.15,0.751,0.015,0.006,0.003,0.001,0.029,0.023,0.001,0.09,0.157,0.002,0.012,1946,Grade B
277,6.625,0.188,54500,69000,0.184,0.536,0.025,0.008,0.004,0.003,0.029,0.023,0.001,0.094,0.167,0.002,0.003,1946,Grade B
277,6.625,0.188,54500,69000,0.186,0.668,0.032,0.011,0.008,0.001,0.048,0.022,0.001,0.073,0.134,0.003,0.003,1946,Grade B
277,6.625,0.188,54500,69000,0.253,0.775,0.039,0.009,0.003,0.001,0.035,0.019,0.002,0.11,0.11,0.002,0.003,1946,Grade B
277,6.625,0.188,54500,69000,0.177,0.721,0.032,0.007,0.003,0.001,0.033,0.018,0.001,0.101,0.101,0.002,0.003,1946,Grade B
277,6.625,0.188,54500,69000,0.216,0.794,0.046,0.009,0.003,0.001,0.035,0.019,0.002,0.109,0.109,0.002,0.002,1946,Grade B
373,8.625,0.219,54500,72000,0.231,0.44,0.024,0.009,0.031,0.033,0.031,0.01,0,0.026,0.04,0.002,0.002,1946,Grade B
1027,6.625,0.28,54500,65500,0.159,0.855,0.015,0.004,0.007,0.002,0.016,0.002,0,0.015,0.01,0.001,0.001,1985,Grade B
1092,6.625,0.25,54500,76000,0.235,0.451,0.026,0.03,0.264,0.013,0.046,0.005,0,0.047,0.102,0.002,0.001,1955,Grade B
1092,6.625,0.25,54500,62500,0.235,0.451,0.026,0.03,0.264,0.013,0.046,0.005,0,0.047,0.102,0.002,0.001,1955,Grade B
1092,6.625,0.25,54500,76000,0.248,0.388,0.032,0.026,0.236,0.014,0.037,0.004,0,0.043,0.092,0.002,0.001,1955,Grade B
1092,6.625,0.25,54500,62500,0.248,0.388,0.032,0.026,0.236,0.014,0.037,0.004,0,0.043,0.092,0.002,0.001,1955,Grade B
1092,6.625,0.25,54500,76000,0.23,0.475,0.037,0.02,0.267,0.022,0.059,0.008,0,0.058,0.144,0.001,0.001,1955,Grade B
1092,6.625,0.25,54500,62500,0.23,0.475,0.037,0.02,0.267,0.022,0.059,0.008,0,0.058,0.144,0.001,0.001,1955,Grade B
1092,6.625,0.25,54500,76000,0.232,0.518,0.027,0.03,0.245,0.022,0.059,0.008,0,0.058,0.215,0.001,0.001,1955,Grade B
1092,6.625,0.25,54500,62500,0.232,0.518,0.027,0.03,0.245,0.022,0.059,0.008,0,0.058,0.215,0.001,0.001,1955,Grade B
1092,6.625,0.25,54500,76000,0.231,0.49,0.018,0.038,0.12,0.003,0.062,0.007,0,0.067,0.132,0.001,0.001,1955,Grade B
1092,6.625,0.25,54500,62500,0.231,0.49,0.018,0.038,0.12,0.003,0.062,0.007,0,0.067,0.132,0.001,0.001,1955,Grade B
1092,6.625,0.25,54500,76000,0.173,0.814,0.013,0.01,0.003,0.001,0.017,0.002,0,0.033,0.013,0.001,0.001,1955,Grade B
1092,6.625,0.25,54500,62500,0.173,0.814,0.013,0.01,0.003,0.001,0.017,0.002,0,0.033,0.013,0.001,0.001,1955,Grade B
1451,12.75,0.312,54500,69000,0.23,0.49,0.03,0.027,0.012,0.004,0.024,0.005,0,0.06,0.104,0.001,0.001,1949,Grade B
1451,12.75,0.312,54833,69000,0.23,0.49,0.03,0.027,0.012,0.004,0.024,0.005,0,0.06,0.104,0.001,0.001,1949,Grade B
277,6.625,0.188,55000,70000,0.15,0.751,0.015,0.006,0.003,0.001,0.029,0.023,0.001,0.09,0.157,0.002,0.012,1946,Grade B
277,6.625,0.188,55000,70000,0.184,0.536,0.025,0.008,0.004,0.003,0.029,0.023,0.001,0.094,0.167,0.002,0.003,1946,Grade B
277,6.625,0.188,55000,70000,0.186,0.668,0.032,0.011,0.008,0.001,0.048,0.022,0.001,0.073,0.134,0.003,0.003,1946,Grade B
277,6.625,0.188,55000,70000,0.253,0.775,0.039,0.009,0.003,0.001,0.035,0.019,0.002,0.11,0.11,0.002,0.003,1946,Grade B
277,6.625,0.188,55000,70000,0.177,0.721,0.032,0.007,0.003,0.001,0.033,0.018,0.001,0.101,0.101,0.002,0.003,1946,Grade B
277,6.625,0.188,55000,70000,0.216,0.794,0.046,0.009,0.003,0.001,0.035,0.019,0.002,0.109,0.109,0.002,0.002,1946,Grade B
1136,8.625,0.25,55000,69500,0.183,0.374,0.018,0.006,0.041,0.013,0.02,0.007,0,0.062,0.204,0.001,0.001,1954,Grade B
658,10.75,0.307,55500,71000,0.15,0.588,0.023,0.006,0.005,0,0.019,0.004,0,0.009,0.022,0.002,0.001,1959,Grade B
1451,12.75,0.312,55500,69000,0.23,0.49,0.03,0.027,0.012,0.004,0.024,0.005,0,0.06,0.104,0.001,0.001,1949,Grade B
1475,10.75,0.5,55600,73500,0.216,0.47,0.028,0.023,0.008,0.012,0.031,0.004,0,0.042,0.047,0.001,0.001,1948,Grade B
1475,10.75,0.5,55600,73500,0.193,0.456,0.032,0.026,0.008,0.01,0.018,0.005,0,0.066,0.055,0.001,0.001,1948,Grade B
1475,10.75,0.5,55600,73500,0.159,0.473,0.024,0.023,0.004,0.007,0.031,0.007,0,0.031,0.067,0.001,0.001,1948,Grade B
1475,10.75,0.5,55600,73500,0.235,0.483,0.026,0.024,0.007,0.01,0.018,0.005,0,0.028,0.042,0.001,0.001,1948,Grade B
1475,10.75,0.5,55600,73500,0.22,0.548,0.033,0.031,0.008,0.011,0.022,0.005,0,0.059,0.055,0.001,0.001,1948,Grade B
1475,10.75,0.5,55600,73500,0.187,0.527,0.018,0.02,0.007,0.004,0.016,0.005,0,0.043,0.035,0.001,0.001,1948,Grade B
1475,10.75,0.5,55600,73500,0.207,0.485,0.023,0.026,0.007,0.023,0.016,0.003,0,0.022,0.031,0.001,0.001,1948,Grade B
1475,10.75,0.5,55600,73500,0.154,0.42,0.015,0.017,0.006,0.001,0.016,0.003,0,0.038,0.041,0.001,0.001,1948,Grade B
1475,10.75,0.5,55600,73500,0.238,0.567,0.025,0.032,0.01,0.006,0.025,0.007,0,0.0246,0.173,0.001,0.001,1948,Grade B
1475,10.75,0.5,55600,73500,0.22,0.501,0.03,0.028,0.008,0.022,0.031,0.009,0,0.048,0.062,0.001,0.001,1948,Grade B
1092,6.625,0.25,56000,77500,0.235,0.451,0.026,0.03,0.264,0.013,0.046,0.005,0,0.047,0.102,0.002,0.001,1955,Grade B
1092,6.625,0.25,56000,77500,0.248,0.388,0.032,0.026,0.236,0.014,0.037,0.004,0,0.043,0.092,0.002,0.001,1955,Grade B
1092,6.625,0.25,56000,77500,0.23,0.475,0.037,0.02,0.267,0.022,0.059,0.008,0,0.058,0.144,0.001,0.001,1955,Grade B
1092,6.625,0.25,56000,77500,0.232,0.518,0.027,0.03,0.245,0.022,0.059,0.008,0,0.058,0.215,0.001,0.001,1955,Grade B
1092,6.625,0.25,56000,77500,0.231,0.49,0.018,0.038,0.12,0.003,0.062,0.007,0,0.067,0.132,0.001,0.001,1955,Grade B
1092,6.625,0.25,56000,77500,0.173,0.814,0.013,0.01,0.003,0.001,0.017,0.002,0,0.033,0.013,0.001,0.001,1955,Grade B
1111,8.625,0.203,56000,76500,0.245,0.498,0.023,0.007,0.014,0.034,0.059,0.018,0,0.044,0.097,0.001,0.001,1946,Grade B
1213,8.625,0.219,56000,71500,0.241,0.893,0.017,0.011,0.017,0.002,0.022,0.017,0,0.023,0.034,0.002,0.001,1973,Grade B
264,20,0.25,56500,73500,0.237,0.949,0.022,0.016,0.087,0.001,0.019,0.009,0.002,0.011,0.012,0.002,0.002,1969,Grade B
264,20,0.25,56500,73500,0.278,0.841,0.016,0.009,0.028,0.001,0.04,0.009,0.002,0.015,0.017,0.002,0.002,1969,Grade B
789,6.625,0.25,56500,66500,0.196,0.722,0.015,0.008,0.006,0.002,0.018,0,0,0.038,0.02,0,0.001,1969,Grade B
257,6.625,0.188,57000,71000,0.149,0.685,0.019,0.008,0.004,0.001,0.049,0.027,0.001,0.082,0.113,0.002,0.002,1946,Grade B
983,12.75,0.25,57000,77500,0.237,0.59,0.032,0.007,0.05,0.001,0.021,0.005,0,0.047,0.141,0.001,0.001,1941,Grade B
987,8.625,0.375,57000,74500,0.227,0.69,0.016,0.008,0.011,0.009,0.009,0.003,0,0.007,0.009,0.001,0.001,1964,Grade B
572,4.5,0.141,57500,74500,0.23,0.851,0.013,0.003,0.008,0.002,0.017,0.007,0.002,0.024,0.05,0.002,0.004,1977,Grade B
572,4.5,0.141,57500,74500,0.238,0.838,0.014,0.004,0.008,0.003,0.017,0.007,0.002,0.025,0.052,0.002,0.004,1977,Grade B
658,10.75,0.307,57500,69000,0.15,0.588,0.023,0.006,0.005,0,0.019,0.004,0,0.009,0.022,0.002,0.001,1959,Grade B
707,8.625,0.203,57500,97000,0.27,0.77,0.04,0.03,0.09,0,0.08,0.02,0,0.08,0.21,0,0,1975,Grade B
754,4.5,0.188,57500,69000,0.137,0.63,0.016,0.004,0.005,0.001,0.024,0.006,0,0.045,0.058,0.001,0.001,1965,Grade B
1526,8.625,0.277,57900,78000,0.122,0.412,0.022,0.072,0.186,0.014,0.006,0.002,0,0.005,0.01,0.001,0.001,1950,Grade B
1526,8.625,0.277,57900,78000,0.185,0.465,0.03,0.093,0.24,0.033,0.007,0.004,0,0.004,0.011,0.001,0.001,1950,Grade B
1526,8.625,0.277,57900,78000,0.268,0.833,0.019,0.005,0.204,0.002,0.089,0.029,0,0.102,0.115,0.001,0.001,1950,Grade B
571,10.75,0.279,58000,71500,0.255,0.553,0.019,0.028,0.002,0.051,0.025,0.008,0.001,0.059,0.059,0.002,0.004,1948,Grade B
733,6.625,0.188,58000,76000,0.262,0.713,0.028,0.011,0.01,0.027,0.034,0.006,0.001,0.053,0.18,0.001,0.003,1955,Grade B
733,6.625,0.188,58000,76000,0.262,0.715,0.03,0.01,0.011,0.048,0.034,0.006,0.001,0.052,0.181,0.001,0.003,1955,Grade B
787,4.5,0.188,58000,68500,0.183,0.46,0.006,0.005,0.147,0.039,0.077,0.021,0,0.102,0.276,0.001,0.001,1969,Grade B
572,4.5,0.141,58500,77000,0.23,0.851,0.013,0.003,0.008,0.002,0.017,0.007,0.002,0.024,0.05,0.002,0.004,1977,Grade B
572,4.5,0.141,58500,77000,0.238,0.838,0.014,0.004,0.008,0.003,0.017,0.007,0.002,0.025,0.052,0.002,0.004,1977,Grade B
366,4.5,0.188,59500,71500,0.215,0.786,0.025,0.008,0.005,0.003,0.013,0.01,0.002,0.023,0.031,0.002,0.002,1972,Grade B
987,8.625,0.375,60000,74500,0.227,0.69,0.016,0.008,0.011,0.009,0.009,0.003,0,0.007,0.009,0.001,0.001,1964,Grade B
1381,10.75,0.25,60000,73500,0.222,0.542,0.028,0.026,0.008,0.016,0.032,0.014,0,0.053,0.048,0.001,0.001,1948,Grade B
1130,20,0.312,60500,78000,0.165,1.06,0.009,0.015,0.196,0.029,0.054,0.007,0.003,0.013,0.019,0.001,0.001,1971,Grade B
1130,20,0.312,60500,78000,0.225,0.94,0.01,0.01,0.014,0.006,0.021,0.004,0,0.01,0.009,0.001,0.018,1971,Grade B
1166,4.5,0.188,60500,72500,0.279,0.709,0.035,0.008,0.005,0.001,0.033,0.012,0,0.045,0.096,0.001,0.001,1962,Grade B
1526,8.625,0.277,60700,82300,0.122,0.412,0.022,0.072,0.186,0.014,0.006,0.002,0,0.005,0.01,0.001,0.001,1950,Grade B
1526,8.625,0.277,60700,82300,0.185,0.465,0.03,0.093,0.24,0.033,0.007,0.004,0,0.004,0.011,0.001,0.001,1950,Grade B
1526,8.625,0.277,60700,82300,0.268,0.833,0.019,0.005,0.204,0.002,0.089,0.029,0,0.102,0.115,0.001,0.001,1950,Grade B
755,4.5,0.188,61000,71000,0.274,0.68,0.027,0.005,0.005,0.001,0.017,0.004,0,0.036,0.068,0.001,0.001,1965,Grade B
1492,8.625,0.322,61100,63000,0.182,0.636,0.013,0.006,0.006,0.001,0.016,0.003,0,0.013,0.01,0.001,0.001,1957,Grade B
1492,8.625,0.322,61100,63000,0.213,0.636,0.014,0.006,0.007,0.001,0.016,0.003,0,0.014,0.01,0.001,0.001,1957,Grade B
1492,8.625,0.322,61100,63000,0.215,0.639,0.013,0.007,0.006,0.001,0.016,0.003,0,0.014,0.011,0.001,0.001,1957,Grade B
1492,8.625,0.322,61100,63000,0.22,0.651,0.017,0.008,0.006,0.001,0.016,0.003,0,0.014,0.011,0.001,0.001,1957,Grade B
1086,8.625,0.188,63000,77500,0.246,1.14,0.014,0.008,0.028,0.003,0.038,0.009,0,0.031,0.027,0.001,0.001,1973,Grade B
637,8.625,0.203,63500,88000,0.34,0.858,0.02,0.018,0.17,0.021,0.02,0.009,0.001,0.033,0.016,0.002,0.001,1946,Grade B
620,6.625,0.188,63500,69000,0.193,0.529,0.025,0.008,0.04,0.009,0.03,0.008,0.001,0.033,0.091,0.002,0.002,1946,Grade B
1451,12.75,0.312,64000,74000,0.23,0.49,0.03,0.027,0.012,0.004,0.024,0.005,0,0.06,0.104,0.001,0.001,1949,Grade B
1451,12.75,0.312,65500,74500,0.23,0.49,0.03,0.027,0.012,0.004,0.024,0.005,0,0.06,0.104,0.001,0.001,1949,Grade B
1451,12.75,0.312,65500,75500,0.23,0.49,0.03,0.027,0.012,0.004,0.024,0.005,0,0.06,0.104,0.001,0.001,1949,Grade B
987,8.625,0.375,66000,82000,0.227,0.69,0.016,0.008,0.011,0.009,0.009,0.003,0,0.007,0.009,0.001,0.001,1964,Grade B
1466,8.625,0.322,66000,39800,0.258,0.594,0.019,0.005,0.013,0.017,0.021,0.009,0,0.027,0.01,0.007,0.001,1952,Grade B
79,6.625,0.188,68500,82000,0.17,0.52,0.017,0.005,0.031,0,0.04,0.018,0,0.059,0.013,0,0,1973,Grade B
79,6.625,0.188,68500,82000,0.2,0.54,0.018,0.006,0.036,0.002,0.041,0.02,0,0.061,0.013,0,0,1973,Grade B
1449,6.625,0.188,74000,56000,0.22,0.811,0.02,0.007,0.006,0.001,0.033,0.023,0,0.103,0.17,0.001,0.001,1946,Grade B
334,3.5,0.188,74500,84000,0.196,0.85,0.003,0.016,0.225,0.039,0.028,0.005,0.003,0.007,0.016,0.004,0.002,1992,Grade B
79,6.625,0.188,76500,87500,0.17,0.52,0.017,0.005,0.031,0,0.04,0.018,0,0.059,0.013,0,0,1973,Grade B
79,6.625,0.188,76500,87500,0.2,0.54,0.018,0.006,0.036,0.002,0.041,0.02,0,0.061,0.013,0,0,1973,Grade B
1502,10.75,0.307,77000,57000,0.193,0.503,0.022,0.084,0.264,0.047,0.009,0.004,0,0.006,0.014,0.002,0.001,1940,Grade B
1502,10.75,0.307,77000,57000,0.159,0.46,0.02,0.082,0.23,0.034,0.008,0.004,0,0.006,0.017,0.002,0.001,1940,Grade B
1502,10.75,0.307,77000,57000,0.181,0.502,0.021,0.082,0.265,0.048,0.009,0.004,0,0.006,0.014,0.002,0.001,1940,Grade B
1502,10.75,0.307,77000,57000,0.152,0.452,0.026,0.083,0.224,0.028,0.008,0.003,0,0.006,0.019,0.001,0.001,1940,Grade B
1502,10.75,0.307,80600,50800,0.193,0.503,0.022,0.084,0.264,0.047,0.009,0.004,0,0.006,0.014,0.002,0.001,1940,Grade B
1502,10.75,0.307,80600,50800,0.159,0.46,0.02,0.082,0.23,0.034,0.008,0.004,0,0.006,0.017,0.002,0.001,1940,Grade B
1502,10.75,0.307,80600,50800,0.181,0.502,0.021,0.082,0.265,0.048,0.009,0.004,0,0.006,0.014,0.002,0.001,1940,Grade B
1502,10.75,0.307,80600,50800,0.152,0.452,0.026,0.083,0.224,0.028,0.008,0.003,0,0.006,0.019,0.001,0.001,1940,Grade B
1502,10.75,0.307,80900,56800,0.193,0.503,0.022,0.084,0.264,0.047,0.009,0.004,0,0.006,0.014,0.002,0.001,1940,Grade B
1502,10.75,0.307,80900,56800,0.159,0.46,0.02,0.082,0.23,0.034,0.008,0.004,0,0.006,0.017,0.002,0.001,1940,Grade B
1502,10.75,0.307,80900,56800,0.181,0.502,0.021,0.082,0.265,0.048,0.009,0.004,0,0.006,0.014,0.002,0.001,1940,Grade B
1502,10.75,0.307,80900,56800,0.152,0.452,0.026,0.083,0.224,0.028,0.008,0.003,0,0.006,0.019,0.001,0.001,1940,Grade B
1502,10.75,0.307,83900,52600,0.193,0.503,0.022,0.084,0.264,0.047,0.009,0.004,0,0.006,0.014,0.002,0.001,1940,Grade B
1502,10.75,0.307,83900,52600,0.159,0.46,0.02,0.082,0.23,0.034,0.008,0.004,0,0.006,0.017,0.002,0.001,1940,Grade B
1502,10.75,0.307,83900,52600,0.181,0.502,0.021,0.082,0.265,0.048,0.009,0.004,0,0.006,0.014,0.002,0.001,1940,Grade B
1502,10.75,0.307,83900,52600,0.152,0.452,0.026,0.083,0.224,0.028,0.008,0.003,0,0.006,0.019,0.001,0.001,1940,Grade B
22,12.75,0.281,37900,66000,0.26,0.77,0.019,0.013,0,0.035,0.025,0.014,0,0.041,0.045,0,0.0002,1950,X42
662,12.75,0.25,42400,66500,0.222,0.766,0.027,0.007,0.035,0.004,0.011,0.006,0.001,0.029,0.112,0.002,0.001,1957,X42
845,16,0.375,42500,68000,0.285,0.82,0.02,0.009,0.157,0.046,0.032,0.001,0.001,0.016,0.019,0.001,0.001,1951,X42
845,16,0.375,42500,68000,0.24,1.04,0.024,0.011,0.04,0.009,0.021,0,0.002,0.011,0.015,0.005,0.001,1951,X42
845,16,0.375,42500,68000,0.251,1.04,0.024,0.01,0.04,0.008,0.021,0,0.001,0.011,0.015,0.005,0.001,1951,X42
845,16,0.375,42500,68000,0.279,0.74,0.025,0.009,0.028,0.001,0.024,0,0.001,0.015,0.017,0.007,0.001,1951,X42
845,16,0.375,42500,68000,0.277,1.09,0.035,0.013,0.041,0.006,0.022,0,0.002,0.011,0.017,0.006,0.002,1951,X42
845,16,0.375,42500,68000,0.239,0.7,0.024,0.008,0.026,0.004,0.023,0.001,0,0.014,0.016,0.006,0.001,1951,X42
845,16,0.375,42500,68000,0.338,0.74,0.035,0.009,0.026,0.001,0.025,0.001,0.001,0.015,0.017,0.007,0.001,1951,X42
845,16,0.375,42500,68000,0.293,1.1,0.026,0.011,0.042,0.006,0.022,0,0.002,0.011,0.015,0.005,0.001,1951,X42
845,16,0.375,42500,68000,0.267,0.82,0.018,0.008,0.161,0.054,0.031,0.001,0.001,0.015,0.018,0.001,0.001,1951,X42
845,16,0.375,42500,68000,0.259,1.05,0.02,0.01,0.041,0.008,0.021,0,0.001,0.011,0.014,0.004,0.001,1951,X42
190,12.75,0.33,42800,63500,0.24,0.57,0.022,0.01,0.12,0.018,0.034,0.006,0.001,0.02,0.05,0.002,0,1939,X42
190,12.75,0.33,43000,71000,0.24,0.57,0.022,0.01,0.12,0.018,0.034,0.006,0.001,0.02,0.05,0.002,0,1939,X42
634,6.625,0.25,43100,69500,0.221,0.805,0.019,0.007,0.034,0.006,0.016,0.003,0.001,0.006,0.01,0.006,0.001,1948,X42
634,6.625,0.25,43300,70500,0.221,0.805,0.019,0.007,0.034,0.006,0.016,0.003,0.001,0.006,0.01,0.006,0.001,1948,X42
731,16,0.375,43500,70000,0.283,0.673,0.022,0.005,0.051,0.005,0.015,0.002,0,0.012,0.029,0.007,0.001,1962,X42
845,16,0.375,43500,67500,0.285,0.82,0.02,0.009,0.157,0.046,0.032,0.001,0.001,0.016,0.019,0.001,0.001,1951,X42
845,16,0.375,43500,67500,0.24,1.04,0.024,0.011,0.04,0.009,0.021,0,0.002,0.011,0.015,0.005,0.001,1951,X42
845,16,0.375,43500,67500,0.251,1.04,0.024,0.01,0.04,0.008,0.021,0,0.001,0.011,0.015,0.005,0.001,1951,X42
845,16,0.375,43500,67500,0.279,0.74,0.025,0.009,0.028,0.001,0.024,0,0.001,0.015,0.017,0.007,0.001,1951,X42
845,16,0.375,43500,67500,0.277,1.09,0.035,0.013,0.041,0.006,0.022,0,0.002,0.011,0.017,0.006,0.002,1951,X42
845,16,0.375,43500,67500,0.239,0.7,0.024,0.008,0.026,0.004,0.023,0.001,0,0.014,0.016,0.006,0.001,1951,X42
845,16,0.375,43500,67500,0.338,0.74,0.035,0.009,0.026,0.001,0.025,0.001,0.001,0.015,0.017,0.007,0.001,1951,X42
845,16,0.375,43500,67500,0.293,1.1,0.026,0.011,0.042,0.006,0.022,0,0.002,0.011,0.015,0.005,0.001,1951,X42
845,16,0.375,43500,67500,0.267,0.82,0.018,0.008,0.161,0.054,0.031,0.001,0.001,0.015,0.018,0.001,0.001,1951,X42
845,16,0.375,43500,67500,0.259,1.05,0.02,0.01,0.041,0.008,0.021,0,0.001,0.011,0.014,0.004,0.001,1951,X42
828,14,0.375,43700,73500,0.283,0.912,0.026,0.012,0.013,0.015,0.029,0.003,0.001,0.025,0.098,0.004,0.002,1951,X42
828,14,0.375,43700,73500,0.286,0.913,0.024,0.011,0.013,0.017,0.029,0.003,0.001,0.025,0.097,0.004,0.002,1951,X42
828,14,0.375,43700,73500,0.284,0.916,0.025,0.011,0.013,0.015,0.03,0.003,0.001,0.025,0.099,0.004,0.002,1951,X42
828,14,0.375,43700,73500,0.285,0.911,0.024,0.011,0.013,0.015,0.029,0.003,0.001,0.025,0.098,0.004,0.002,1951,X42
828,14,0.375,43700,73500,0.285,0.916,0.027,0.012,0.013,0.015,0.03,0.003,0.001,0.025,0.098,0.004,0.002,1951,X42
828,14,0.375,43700,73500,0.285,0.904,0.024,0.011,0.013,0.016,0.029,0.003,0.001,0.025,0.097,0.004,0.002,1951,X42
828,14,0.375,43700,73500,0.284,0.904,0.022,0.011,0.013,0.017,0.029,0.003,0.001,0.024,0.097,0.004,0.003,1951,X42
828,14,0.375,43800,74000,0.283,0.912,0.026,0.012,0.013,0.015,0.029,0.003,0.001,0.025,0.098,0.004,0.002,1951,X42
828,14,0.375,43800,78000,0.283,0.912,0.026,0.012,0.013,0.015,0.029,0.003,0.001,0.025,0.098,0.004,0.002,1951,X42
828,14,0.375,43800,74000,0.286,0.913,0.024,0.011,0.013,0.017,0.029,0.003,0.001,0.025,0.097,0.004,0.002,1951,X42
828,14,0.375,43800,78000,0.286,0.913,0.024,0.011,0.013,0.017,0.029,0.003,0.001,0.025,0.097,0.004,0.002,1951,X42
828,14,0.375,43800,74000,0.284,0.916,0.025,0.011,0.013,0.015,0.03,0.003,0.001,0.025,0.099,0.004,0.002,1951,X42
828,14,0.375,43800,78000,0.284,0.916,0.025,0.011,0.013,0.015,0.03,0.003,0.001,0.025,0.099,0.004,0.002,1951,X42
828,14,0.375,43800,74000,0.285,0.911,0.024,0.011,0.013,0.015,0.029,0.003,0.001,0.025,0.098,0.004,0.002,1951,X42
828,14,0.375,43800,78000,0.285,0.911,0.024,0.011,0.013,0.015,0.029,0.003,0.001,0.025,0.098,0.004,0.002,1951,X42
828,14,0.375,43800,74000,0.285,0.916,0.027,0.012,0.013,0.015,0.03,0.003,0.001,0.025,0.098,0.004,0.002,1951,X42
828,14,0.375,43800,78000,0.285,0.916,0.027,0.012,0.013,0.015,0.03,0.003,0.001,0.025,0.098,0.004,0.002,1951,X42
828,14,0.375,43800,74000,0.285,0.904,0.024,0.011,0.013,0.016,0.029,0.003,0.001,0.025,0.097,0.004,0.002,1951,X42
828,14,0.375,43800,78000,0.285,0.904,0.024,0.011,0.013,0.016,0.029,0.003,0.001,0.025,0.097,0.004,0.002,1951,X42
828,14,0.375,43800,74000,0.284,0.904,0.022,0.011,0.013,0.017,0.029,0.003,0.001,0.024,0.097,0.004,0.003,1951,X42
828,14,0.375,43800,78000,0.284,0.904,0.022,0.011,0.013,0.017,0.029,0.003,0.001,0.024,0.097,0.004,0.003,1951,X42
845,16,0.375,43800,70500,0.285,0.82,0.02,0.009,0.157,0.046,0.032,0.001,0.001,0.016,0.019,0.001,0.001,1951,X42
845,16,0.375,43800,70500,0.24,1.04,0.024,0.011,0.04,0.009,0.021,0,0.002,0.011,0.015,0.005,0.001,1951,X42
845,16,0.375,43800,70500,0.251,1.04,0.024,0.01,0.04,0.008,0.021,0,0.001,0.011,0.015,0.005,0.001,1951,X42
845,16,0.375,43800,70500,0.279,0.74,0.025,0.009,0.028,0.001,0.024,0,0.001,0.015,0.017,0.007,0.001,1951,X42
845,16,0.375,43800,70500,0.277,1.09,0.035,0.013,0.041,0.006,0.022,0,0.002,0.011,0.017,0.006,0.002,1951,X42
845,16,0.375,43800,70500,0.239,0.7,0.024,0.008,0.026,0.004,0.023,0.001,0,0.014,0.016,0.006,0.001,1951,X42
845,16,0.375,43800,70500,0.338,0.74,0.035,0.009,0.026,0.001,0.025,0.001,0.001,0.015,0.017,0.007,0.001,1951,X42
845,16,0.375,43800,70500,0.293,1.1,0.026,0.011,0.042,0.006,0.022,0,0.002,0.011,0.015,0.005,0.001,1951,X42
845,16,0.375,43800,70500,0.267,0.82,0.018,0.008,0.161,0.054,0.031,0.001,0.001,0.015,0.018,0.001,0.001,1951,X42
845,16,0.375,43800,70500,0.259,1.05,0.02,0.01,0.041,0.008,0.021,0,0.001,0.011,0.014,0.004,0.001,1951,X42
1159,8.625,0.277,43900,69000,0.208,0.64,0.016,0.012,0.083,0.002,0.046,0.008,0,0.031,0.061,0.001,0.001,1971,X42
190,12.75,0.33,44200,74500,0.24,0.57,0.022,0.01,0.12,0.018,0.034,0.006,0.001,0.02,0.05,0.002,0,1939,X42
1516,20,0.312,44400,68900,0.256,1.04,0.023,0.009,0.023,0.002,0.015,0.008,0,0.007,0.008,0.005,0.001,1958,X42
1516,20,0.312,44400,68900,0.24,0.57,0.027,0.007,0.041,0.004,0.015,0.004,0,0.007,0.01,0.009,0.001,1958,X42
67,10.75,0.25,44500,62500,0.14,0.55,0.018,0.005,0,0,0.019,0.009,0,0.029,0.075,0,0,1954,X42
67,10.75,0.25,44800,57600,0.14,0.55,0.018,0.005,0,0,0.019,0.009,0,0.029,0.075,0,0,1954,X42
67,10.75,0.25,44800,58200,0.14,0.55,0.018,0.005,0,0,0.019,0.009,0,0.029,0.075,0,0,1954,X42
845,16,0.375,44800,71000,0.285,0.82,0.02,0.009,0.157,0.046,0.032,0.001,0.001,0.016,0.019,0.001,0.001,1951,X42
845,16,0.375,44800,71000,0.24,1.04,0.024,0.011,0.04,0.009,0.021,0,0.002,0.011,0.015,0.005,0.001,1951,X42
845,16,0.375,44800,71000,0.251,1.04,0.024,0.01,0.04,0.008,0.021,0,0.001,0.011,0.015,0.005,0.001,1951,X42
845,16,0.375,44800,71000,0.279,0.74,0.025,0.009,0.028,0.001,0.024,0,0.001,0.015,0.017,0.007,0.001,1951,X42
845,16,0.375,44800,71000,0.277,1.09,0.035,0.013,0.041,0.006,0.022,0,0.002,0.011,0.017,0.006,0.002,1951,X42
845,16,0.375,44800,71000,0.239,0.7,0.024,0.008,0.026,0.004,0.023,0.001,0,0.014,0.016,0.006,0.001,1951,X42
845,16,0.375,44800,71000,0.338,0.74,0.035,0.009,0.026,0.001,0.025,0.001,0.001,0.015,0.017,0.007,0.001,1951,X42
845,16,0.375,44800,71000,0.293,1.1,0.026,0.011,0.042,0.006,0.022,0,0.002,0.011,0.015,0.005,0.001,1951,X42
845,16,0.375,44800,71000,0.267,0.82,0.018,0.008,0.161,0.054,0.031,0.001,0.001,0.015,0.018,0.001,0.001,1951,X42
845,16,0.375,44800,71000,0.259,1.05,0.02,0.01,0.041,0.008,0.021,0,0.001,0.011,0.014,0.004,0.001,1951,X42
693,6.625,0.203,45000,63500,0.146,0.502,0.018,0.017,0.216,0.03,0.022,0.003,0,0.036,0.018,0.002,0.002,1969,X42
693,6.625,0.203,45000,63500,0.148,0.502,0.018,0.018,0.218,0.029,0.022,0.003,0,0.037,0.018,0.002,0.002,1969,X42
845,16,0.375,45000,78500,0.285,0.82,0.02,0.009,0.157,0.046,0.032,0.001,0.001,0.016,0.019,0.001,0.001,1951,X42
845,16,0.375,45000,78500,0.24,1.04,0.024,0.011,0.04,0.009,0.021,0,0.002,0.011,0.015,0.005,0.001,1951,X42
845,16,0.375,45000,78500,0.251,1.04,0.024,0.01,0.04,0.008,0.021,0,0.001,0.011,0.015,0.005,0.001,1951,X42
845,16,0.375,45000,78500,0.279,0.74,0.025,0.009,0.028,0.001,0.024,0,0.001,0.015,0.017,0.007,0.001,1951,X42
845,16,0.375,45000,78500,0.277,1.09,0.035,0.013,0.041,0.006,0.022,0,0.002,0.011,0.017,0.006,0.002,1951,X42
845,16,0.375,45000,78500,0.239,0.7,0.024,0.008,0.026,0.004,0.023,0.001,0,0.014,0.016,0.006,0.001,1951,X42
845,16,0.375,45000,78500,0.338,0.74,0.035,0.009,0.026,0.001,0.025,0.001,0.001,0.015,0.017,0.007,0.001,1951,X42
845,16,0.375,45000,78500,0.293,1.1,0.026,0.011,0.042,0.006,0.022,0,0.002,0.011,0.015,0.005,0.001,1951,X42
845,16,0.375,45000,78500,0.267,0.82,0.018,0.008,0.161,0.054,0.031,0.001,0.001,0.015,0.018,0.001,0.001,1951,X42
845,16,0.375,45000,78500,0.259,1.05,0.02,0.01,0.041,0.008,0.021,0,0.001,0.011,0.014,0.004,0.001,1951,X42
190,12.75,0.33,45100,63500,0.24,0.57,0.022,0.01,0.12,0.018,0.034,0.006,0.001,0.02,0.05,0.002,0,1939,X42
1211,6.625,0.375,45100,71500,0.245,0.542,0.014,0.009,0.012,0.004,0.026,0.008,0,0.021,0.003,0.001,0.001,1979,X42
693,6.625,0.203,45200,64000,0.146,0.502,0.018,0.017,0.216,0.03,0.022,0.003,0,0.036,0.018,0.002,0.002,1969,X42
693,6.625,0.203,45200,64000,0.148,0.502,0.018,0.018,0.218,0.029,0.022,0.003,0,0.037,0.018,0.002,0.002,1969,X42
1227,6.625,0.281,45600,68000,0.133,1.04,0.005,0.007,0.198,0.03,0.008,0.002,0.063,0.007,0.013,0.002,0.001,2001,X42
130,10.75,0.307,45800,70500,0.24,0.73,0.026,0.013,0.006,0.006,0.028,0.002,0.001,0.023,0.12,0.001,0,1953,X42
1061,4.5,0.219,45800,73500,0.226,0.829,0.012,0.005,0.016,0.014,0.013,0.004,0,0,0.015,0.001,0.001,1981,X42
1061,4.5,0.219,45800,73500,0.249,0.855,0.011,0.005,0.018,0.012,0.013,0.004,0,0,0.015,0.001,0.001,1981,X42
67,10.75,0.25,45900,57700,0.14,0.55,0.018,0.005,0,0,0.019,0.009,0,0.029,0.075,0,0,1954,X42
190,12.75,0.33,46000,73000,0.24,0.57,0.022,0.01,0.12,0.018,0.034,0.006,0.001,0.02,0.05,0.002,0,1939,X42
993,16,0.53,46100,74000,0.213,0.984,0.022,0.007,0.042,0.012,0.011,0.011,0.001,0.008,0.008,0.008,0.001,1960,X42
725,20,0.5,46200,69000,0.236,0.835,0.037,0.025,0.025,0.008,0.076,0.006,0.001,0.039,0.046,0.001,0.003,1952,X42
725,20,0.5,46200,69000,0.271,0.808,0.02,0.009,0.02,0.001,0.037,0.004,0,0.022,0.043,0.001,0.002,1952,X42
725,20,0.5,46200,69000,0.272,0.801,0.02,0.009,0.02,0.003,0.037,0.004,0,0.022,0.043,0.001,0.002,1952,X42
725,20,0.5,46200,69000,0.23,0.758,0.022,0.01,0.016,0.007,0.039,0.003,0,0.026,0.065,0.001,0.003,1952,X42
725,20,0.5,46200,69000,0.239,0.814,0.028,0.023,0.025,0.005,0.075,0.006,0,0.039,0.046,0.001,0.002,1952,X42
845,16,0.375,46300,71000,0.285,0.82,0.02,0.009,0.157,0.046,0.032,0.001,0.001,0.016,0.019,0.001,0.001,1951,X42
845,16,0.375,46300,71000,0.24,1.04,0.024,0.011,0.04,0.009,0.021,0,0.002,0.011,0.015,0.005,0.001,1951,X42
845,16,0.375,46300,71000,0.251,1.04,0.024,0.01,0.04,0.008,0.021,0,0.001,0.011,0.015,0.005,0.001,1951,X42
845,16,0.375,46300,71000,0.279,0.74,0.025,0.009,0.028,0.001,0.024,0,0.001,0.015,0.017,0.007,0.001,1951,X42
845,16,0.375,46300,71000,0.277,1.09,0.035,0.013,0.041,0.006,0.022,0,0.002,0.011,0.017,0.006,0.002,1951,X42
845,16,0.375,46300,71000,0.239,0.7,0.024,0.008,0.026,0.004,0.023,0.001,0,0.014,0.016,0.006,0.001,1951,X42
845,16,0.375,46300,71000,0.338,0.74,0.035,0.009,0.026,0.001,0.025,0.001,0.001,0.015,0.017,0.007,0.001,1951,X42
845,16,0.375,46300,71000,0.293,1.1,0.026,0.011,0.042,0.006,0.022,0,0.002,0.011,0.015,0.005,0.001,1951,X42
845,16,0.375,46300,71000,0.267,0.82,0.018,0.008,0.161,0.054,0.031,0.001,0.001,0.015,0.018,0.001,0.001,1951,X42
845,16,0.375,46300,71000,0.259,1.05,0.02,0.01,0.041,0.008,0.021,0,0.001,0.011,0.014,0.004,0.001,1951,X42
718,20,0.312,46500,62000,0.241,0.59,0.021,0.005,0.008,0.008,0.045,0.005,0,0.041,0.068,0.001,0.002,1947,X42
1463,12.75,0.25,46500,72000,0.208,0.766,0.016,0.009,0.064,0.007,0.03,0.006,0,0.011,0.017,0.005,0.001,1954,X42
1463,12.75,0.25,46500,72000,0.318,0.852,0.029,0.013,0.071,0.002,0.031,0.006,0,0.012,0.018,0.006,0.001,1954,X42
1463,12.75,0.25,46500,72000,0.237,0.785,0.024,0.01,0.065,0.002,0.03,0.006,0,0.011,0.017,0.005,0.001,1954,X42
1463,12.75,0.25,46500,72000,0.243,0.789,0.024,0.01,0.065,0.002,0.03,0.006,0,0.011,0.018,0.005,0.001,1954,X42
563,12.75,0.25,46600,71500,0.207,0.627,0.015,0.006,0.189,0.032,0.022,0.004,0.001,0.005,0.008,0.002,0.003,1971,X42
845,16,0.375,46700,76500,0.285,0.82,0.02,0.009,0.157,0.046,0.032,0.001,0.001,0.016,0.019,0.001,0.001,1951,X42
845,16,0.375,46700,76500,0.24,1.04,0.024,0.011,0.04,0.009,0.021,0,0.002,0.011,0.015,0.005,0.001,1951,X42
845,16,0.375,46700,76500,0.251,1.04,0.024,0.01,0.04,0.008,0.021,0,0.001,0.011,0.015,0.005,0.001,1951,X42
845,16,0.375,46700,76500,0.279,0.74,0.025,0.009,0.028,0.001,0.024,0,0.001,0.015,0.017,0.007,0.001,1951,X42
845,16,0.375,46700,76500,0.277,1.09,0.035,0.013,0.041,0.006,0.022,0,0.002,0.011,0.017,0.006,0.002,1951,X42
845,16,0.375,46700,76500,0.239,0.7,0.024,0.008,0.026,0.004,0.023,0.001,0,0.014,0.016,0.006,0.001,1951,X42
845,16,0.375,46700,76500,0.338,0.74,0.035,0.009,0.026,0.001,0.025,0.001,0.001,0.015,0.017,0.007,0.001,1951,X42
845,16,0.375,46700,76500,0.293,1.1,0.026,0.011,0.042,0.006,0.022,0,0.002,0.011,0.015,0.005,0.001,1951,X42
845,16,0.375,46700,76500,0.267,0.82,0.018,0.008,0.161,0.054,0.031,0.001,0.001,0.015,0.018,0.001,0.001,1951,X42
845,16,0.375,46700,76500,0.259,1.05,0.02,0.01,0.041,0.008,0.021,0,0.001,0.011,0.014,0.004,0.001,1951,X42
1061,4.5,0.219,46700,73500,0.226,0.829,0.012,0.005,0.016,0.014,0.013,0.004,0,0,0.015,0.001,0.001,1981,X42
1061,4.5,0.219,46700,73500,0.249,0.855,0.011,0.005,0.018,0.012,0.013,0.004,0,0,0.015,0.001,0.001,1981,X42
190,12.75,0.33,46800,69500,0.24,0.57,0.022,0.01,0.12,0.018,0.034,0.006,0.001,0.02,0.05,0.002,0,1939,X42
190,12.75,0.33,46800,71000,0.24,0.57,0.022,0.01,0.12,0.018,0.034,0.006,0.001,0.02,0.05,0.002,0,1939,X42
274,20,0.312,46800,77000,0.317,0.659,0.03,0.008,0.035,0.017,0.021,0.011,0.001,0.021,0.022,0.007,0.002,1953,X42
845,16,0.375,46800,78500,0.285,0.82,0.02,0.009,0.157,0.046,0.032,0.001,0.001,0.016,0.019,0.001,0.001,1951,X42
845,16,0.375,46800,71500,0.285,0.82,0.02,0.009,0.157,0.046,0.032,0.001,0.001,0.016,0.019,0.001,0.001,1951,X42
845,16,0.375,46800,78500,0.24,1.04,0.024,0.011,0.04,0.009,0.021,0,0.002,0.011,0.015,0.005,0.001,1951,X42
845,16,0.375,46800,71500,0.24,1.04,0.024,0.011,0.04,0.009,0.021,0,0.002,0.011,0.015,0.005,0.001,1951,X42
845,16,0.375,46800,78500,0.251,1.04,0.024,0.01,0.04,0.008,0.021,0,0.001,0.011,0.015,0.005,0.001,1951,X42
845,16,0.375,46800,71500,0.251,1.04,0.024,0.01,0.04,0.008,0.021,0,0.001,0.011,0.015,0.005,0.001,1951,X42
845,16,0.375,46800,78500,0.279,0.74,0.025,0.009,0.028,0.001,0.024,0,0.001,0.015,0.017,0.007,0.001,1951,X42
845,16,0.375,46800,71500,0.279,0.74,0.025,0.009,0.028,0.001,0.024,0,0.001,0.015,0.017,0.007,0.001,1951,X42
845,16,0.375,46800,78500,0.277,1.09,0.035,0.013,0.041,0.006,0.022,0,0.002,0.011,0.017,0.006,0.002,1951,X42
845,16,0.375,46800,71500,0.277,1.09,0.035,0.013,0.041,0.006,0.022,0,0.002,0.011,0.017,0.006,0.002,1951,X42
845,16,0.375,46800,78500,0.239,0.7,0.024,0.008,0.026,0.004,0.023,0.001,0,0.014,0.016,0.006,0.001,1951,X42
845,16,0.375,46800,71500,0.239,0.7,0.024,0.008,0.026,0.004,0.023,0.001,0,0.014,0.016,0.006,0.001,1951,X42
845,16,0.375,46800,78500,0.338,0.74,0.035,0.009,0.026,0.001,0.025,0.001,0.001,0.015,0.017,0.007,0.001,1951,X42
845,16,0.375,46800,71500,0.338,0.74,0.035,0.009,0.026,0.001,0.025,0.001,0.001,0.015,0.017,0.007,0.001,1951,X42
845,16,0.375,46800,78500,0.293,1.1,0.026,0.011,0.042,0.006,0.022,0,0.002,0.011,0.015,0.005,0.001,1951,X42
845,16,0.375,46800,71500,0.293,1.1,0.026,0.011,0.042,0.006,0.022,0,0.002,0.011,0.015,0.005,0.001,1951,X42
845,16,0.375,46800,78500,0.267,0.82,0.018,0.008,0.161,0.054,0.031,0.001,0.001,0.015,0.018,0.001,0.001,1951,X42
845,16,0.375,46800,71500,0.267,0.82,0.018,0.008,0.161,0.054,0.031,0.001,0.001,0.015,0.018,0.001,0.001,1951,X42
845,16,0.375,46800,78500,0.259,1.05,0.02,0.01,0.041,0.008,0.021,0,0.001,0.011,0.014,0.004,0.001,1951,X42
845,16,0.375,46800,71500,0.259,1.05,0.02,0.01,0.041,0.008,0.021,0,0.001,0.011,0.014,0.004,0.001,1951,X42
550,16,0.281,47000,70000,0.255,0.59,0.019,0.008,0.039,0.005,0.025,0.005,0.001,0.007,0.014,0.007,0.001,1953,X42
67,10.75,0.25,47300,58700,0.14,0.55,0.018,0.005,0,0,0.019,0.009,0,0.029,0.075,0,0,1954,X42
448,10.75,0.203,47300,70000,0.253,0.79,0.016,0.008,0.006,0,0.008,0.006,0.001,0.007,0.008,0.002,0.001,1959,X42
600,16,0.25,47400,71000,0.25,0.69,0.025,0.006,0.013,0.073,0.016,0.008,0.001,0.029,0.081,0.002,0.002,1960,X42
1503,22,0.5,47500,76200,0.261,0.838,0.026,0.017,0.143,0.009,0.013,0.008,0,0.016,0.016,0.001,0.001,1949,X42
1503,22,0.5,47500,76200,0.287,0.833,0.016,0.018,0.143,0.001,0.013,0.007,0,0.015,0.015,0.001,0.001,1949,X42
1503,22,0.5,47500,76200,0.276,0.831,0.016,0.016,0.144,0.006,0.011,0.006,0,0.014,0.014,0.001,0.001,1949,X42
1503,22,0.5,47500,76200,0.252,0.825,0.026,0.01,0.155,0.007,0.008,0.006,0,0.009,0.009,0.001,0.001,1949,X42
845,16,0.375,47600,78000,0.285,0.82,0.02,0.009,0.157,0.046,0.032,0.001,0.001,0.016,0.019,0.001,0.001,1951,X42
845,16,0.375,47600,78000,0.24,1.04,0.024,0.011,0.04,0.009,0.021,0,0.002,0.011,0.015,0.005,0.001,1951,X42
845,16,0.375,47600,78000,0.251,1.04,0.024,0.01,0.04,0.008,0.021,0,0.001,0.011,0.015,0.005,0.001,1951,X42
845,16,0.375,47600,78000,0.279,0.74,0.025,0.009,0.028,0.001,0.024,0,0.001,0.015,0.017,0.007,0.001,1951,X42
845,16,0.375,47600,78000,0.277,1.09,0.035,0.013,0.041,0.006,0.022,0,0.002,0.011,0.017,0.006,0.002,1951,X42
845,16,0.375,47600,78000,0.239,0.7,0.024,0.008,0.026,0.004,0.023,0.001,0,0.014,0.016,0.006,0.001,1951,X42
845,16,0.375,47600,78000,0.338,0.74,0.035,0.009,0.026,0.001,0.025,0.001,0.001,0.015,0.017,0.007,0.001,1951,X42
845,16,0.375,47600,78000,0.293,1.1,0.026,0.011,0.042,0.006,0.022,0,0.002,0.011,0.015,0.005,0.001,1951,X42
845,16,0.375,47600,78000,0.267,0.82,0.018,0.008,0.161,0.054,0.031,0.001,0.001,0.015,0.018,0.001,0.001,1951,X42
845,16,0.375,47600,78000,0.259,1.05,0.02,0.01,0.041,0.008,0.021,0,0.001,0.011,0.014,0.004,0.001,1951,X42
1121,8.625,0.203,47600,68500,0.136,0.766,0.018,0.027,0.021,0.032,0.026,0.005,0,0.03,0.017,0.003,0.001,1970,X42
630,8.625,0.25,47700,67500,0.164,0.79,0.007,0.016,0.147,0.034,0.032,0.006,0.002,0.02,0.007,0.002,0.001,1980,X42
816,12.75,0.25,47700,72500,0.188,0.936,0.004,0.011,0.231,0.045,0.013,0.004,0.003,0.032,0.032,0.003,0.001,2000,X42
828,14,0.375,47700,76500,0.283,0.912,0.026,0.012,0.013,0.015,0.029,0.003,0.001,0.025,0.098,0.004,0.002,1951,X42
828,14,0.375,47700,76500,0.286,0.913,0.024,0.011,0.013,0.017,0.029,0.003,0.001,0.025,0.097,0.004,0.002,1951,X42
828,14,0.375,47700,76500,0.284,0.916,0.025,0.011,0.013,0.015,0.03,0.003,0.001,0.025,0.099,0.004,0.002,1951,X42
828,14,0.375,47700,76500,0.285,0.911,0.024,0.011,0.013,0.015,0.029,0.003,0.001,0.025,0.098,0.004,0.002,1951,X42
828,14,0.375,47700,76500,0.285,0.916,0.027,0.012,0.013,0.015,0.03,0.003,0.001,0.025,0.098,0.004,0.002,1951,X42
828,14,0.375,47700,76500,0.285,0.904,0.024,0.011,0.013,0.016,0.029,0.003,0.001,0.025,0.097,0.004,0.002,1951,X42
828,14,0.375,47700,76500,0.284,0.904,0.022,0.011,0.013,0.017,0.029,0.003,0.001,0.024,0.097,0.004,0.003,1951,X42
1183,8.625,0.203,47700,70000,0.148,0.605,0.017,0.017,0.222,0.037,0.046,0.008,0,0.041,0.121,0.001,0.001,1969,X42
1080,4.5,0.237,47800,66500,0.049,0.408,0.02,0.075,0.018,0.001,0.01,0.002,0.009,0.01,0.009,0.001,0.001,1950,X42
211,12.75,0.25,47900,66000,0.26,0.79,0.02,0.012,0.012,0.004,0.033,0.012,0.002,0.032,0.075,0.002,0.003,1950,X42
828,14,0.375,47900,77500,0.283,0.912,0.026,0.012,0.013,0.015,0.029,0.003,0.001,0.025,0.098,0.004,0.002,1951,X42
828,14,0.375,47900,77500,0.286,0.913,0.024,0.011,0.013,0.017,0.029,0.003,0.001,0.025,0.097,0.004,0.002,1951,X42
828,14,0.375,47900,77500,0.284,0.916,0.025,0.011,0.013,0.015,0.03,0.003,0.001,0.025,0.099,0.004,0.002,1951,X42
828,14,0.375,47900,77500,0.285,0.911,0.024,0.011,0.013,0.015,0.029,0.003,0.001,0.025,0.098,0.004,0.002,1951,X42
828,14,0.375,47900,77500,0.285,0.916,0.027,0.012,0.013,0.015,0.03,0.003,0.001,0.025,0.098,0.004,0.002,1951,X42
828,14,0.375,47900,77500,0.285,0.904,0.024,0.011,0.013,0.016,0.029,0.003,0.001,0.025,0.097,0.004,0.002,1951,X42
828,14,0.375,47900,77500,0.284,0.904,0.022,0.011,0.013,0.017,0.029,0.003,0.001,0.024,0.097,0.004,0.003,1951,X42
190,12.75,0.33,48100,74000,0.24,0.57,0.022,0.01,0.12,0.018,0.034,0.006,0.001,0.02,0.05,0.002,0,1939,X42
190,12.75,0.33,48100,74000,0.24,0.57,0.022,0.01,0.12,0.018,0.034,0.006,0.001,0.02,0.05,0.002,0,1939,X42
828,14,0.375,48200,77500,0.283,0.912,0.026,0.012,0.013,0.015,0.029,0.003,0.001,0.025,0.098,0.004,0.002,1951,X42
828,14,0.375,48200,77500,0.286,0.913,0.024,0.011,0.013,0.017,0.029,0.003,0.001,0.025,0.097,0.004,0.002,1951,X42
828,14,0.375,48200,77500,0.284,0.916,0.025,0.011,0.013,0.015,0.03,0.003,0.001,0.025,0.099,0.004,0.002,1951,X42
828,14,0.375,48200,77500,0.285,0.911,0.024,0.011,0.013,0.015,0.029,0.003,0.001,0.025,0.098,0.004,0.002,1951,X42
828,14,0.375,48200,77500,0.285,0.916,0.027,0.012,0.013,0.015,0.03,0.003,0.001,0.025,0.098,0.004,0.002,1951,X42
828,14,0.375,48200,77500,0.285,0.904,0.024,0.011,0.013,0.016,0.029,0.003,0.001,0.025,0.097,0.004,0.002,1951,X42
828,14,0.375,48200,77500,0.284,0.904,0.022,0.011,0.013,0.017,0.029,0.003,0.001,0.024,0.097,0.004,0.003,1951,X42
1503,22,0.5,48200,76500,0.261,0.838,0.026,0.017,0.143,0.009,0.013,0.008,0,0.016,0.016,0.001,0.001,1949,X42
1503,22,0.5,48200,76500,0.287,0.833,0.016,0.018,0.143,0.001,0.013,0.007,0,0.015,0.015,0.001,0.001,1949,X42
1503,22,0.5,48200,76500,0.276,0.831,0.016,0.016,0.144,0.006,0.011,0.006,0,0.014,0.014,0.001,0.001,1949,X42
1503,22,0.5,48200,76500,0.252,0.825,0.026,0.01,0.155,0.007,0.008,0.006,0,0.009,0.009,0.001,0.001,1949,X42
845,16,0.375,48300,78500,0.285,0.82,0.02,0.009,0.157,0.046,0.032,0.001,0.001,0.016,0.019,0.001,0.001,1951,X42
845,16,0.375,48300,78500,0.24,1.04,0.024,0.011,0.04,0.009,0.021,0,0.002,0.011,0.015,0.005,0.001,1951,X42
845,16,0.375,48300,78500,0.251,1.04,0.024,0.01,0.04,0.008,0.021,0,0.001,0.011,0.015,0.005,0.001,1951,X42
845,16,0.375,48300,78500,0.279,0.74,0.025,0.009,0.028,0.001,0.024,0,0.001,0.015,0.017,0.007,0.001,1951,X42
845,16,0.375,48300,78500,0.277,1.09,0.035,0.013,0.041,0.006,0.022,0,0.002,0.011,0.017,0.006,0.002,1951,X42
845,16,0.375,48300,78500,0.239,0.7,0.024,0.008,0.026,0.004,0.023,0.001,0,0.014,0.016,0.006,0.001,1951,X42
845,16,0.375,48300,78500,0.338,0.74,0.035,0.009,0.026,0.001,0.025,0.001,0.001,0.015,0.017,0.007,0.001,1951,X42
845,16,0.375,48300,78500,0.293,1.1,0.026,0.011,0.042,0.006,0.022,0,0.002,0.011,0.015,0.005,0.001,1951,X42
845,16,0.375,48300,78500,0.267,0.82,0.018,0.008,0.161,0.054,0.031,0.001,0.001,0.015,0.018,0.001,0.001,1951,X42
845,16,0.375,48300,78500,0.259,1.05,0.02,0.01,0.041,0.008,0.021,0,0.001,0.011,0.014,0.004,0.001,1951,X42
1503,22,0.5,48300,76500,0.261,0.838,0.026,0.017,0.143,0.009,0.013,0.008,0,0.016,0.016,0.001,0.001,1949,X42
1503,22,0.5,48300,76500,0.287,0.833,0.016,0.018,0.143,0.001,0.013,0.007,0,0.015,0.015,0.001,0.001,1949,X42
1503,22,0.5,48300,76500,0.276,0.831,0.016,0.016,0.144,0.006,0.011,0.006,0,0.014,0.014,0.001,0.001,1949,X42
1503,22,0.5,48300,76500,0.252,0.825,0.026,0.01,0.155,0.007,0.008,0.006,0,0.009,0.009,0.001,0.001,1949,X42
133,8.625,0.25,48400,64500,0.24,0.54,0.033,0.009,0.069,0.002,0.011,0.003,0,0.065,0.076,0.001,0,1956,X42
550,16,0.281,48400,71000,0.255,0.59,0.019,0.008,0.039,0.005,0.025,0.005,0.001,0.007,0.014,0.007,0.001,1953,X42
828,14,0.375,48400,77000,0.283,0.912,0.026,0.012,0.013,0.015,0.029,0.003,0.001,0.025,0.098,0.004,0.002,1951,X42
828,14,0.375,48400,77000,0.286,0.913,0.024,0.011,0.013,0.017,0.029,0.003,0.001,0.025,0.097,0.004,0.002,1951,X42
828,14,0.375,48400,77000,0.284,0.916,0.025,0.011,0.013,0.015,0.03,0.003,0.001,0.025,0.099,0.004,0.002,1951,X42
828,14,0.375,48400,77000,0.285,0.911,0.024,0.011,0.013,0.015,0.029,0.003,0.001,0.025,0.098,0.004,0.002,1951,X42
828,14,0.375,48400,77000,0.285,0.916,0.027,0.012,0.013,0.015,0.03,0.003,0.001,0.025,0.098,0.004,0.002,1951,X42
828,14,0.375,48400,77000,0.285,0.904,0.024,0.011,0.013,0.016,0.029,0.003,0.001,0.025,0.097,0.004,0.002,1951,X42
828,14,0.375,48400,77000,0.284,0.904,0.022,0.011,0.013,0.017,0.029,0.003,0.001,0.024,0.097,0.004,0.003,1951,X42
55,16,0.312,48500,60500,0.24,0.72,0.04,0.01,0.005,0.028,0.024,0.013,0,0.047,0.087,0,0,1959,X42
793,12.75,0.188,48500,69000,0.226,0.961,0.018,0.006,0.013,0.002,0.064,0.024,0.001,0.095,0.088,0.001,0.002,1974,X42
845,16,0.375,48500,79000,0.285,0.82,0.02,0.009,0.157,0.046,0.032,0.001,0.001,0.016,0.019,0.001,0.001,1951,X42
845,16,0.375,48500,79000,0.24,1.04,0.024,0.011,0.04,0.009,0.021,0,0.002,0.011,0.015,0.005,0.001,1951,X42
845,16,0.375,48500,79000,0.251,1.04,0.024,0.01,0.04,0.008,0.021,0,0.001,0.011,0.015,0.005,0.001,1951,X42
845,16,0.375,48500,79000,0.279,0.74,0.025,0.009,0.028,0.001,0.024,0,0.001,0.015,0.017,0.007,0.001,1951,X42
845,16,0.375,48500,79000,0.277,1.09,0.035,0.013,0.041,0.006,0.022,0,0.002,0.011,0.017,0.006,0.002,1951,X42
845,16,0.375,48500,79000,0.239,0.7,0.024,0.008,0.026,0.004,0.023,0.001,0,0.014,0.016,0.006,0.001,1951,X42
845,16,0.375,48500,79000,0.338,0.74,0.035,0.009,0.026,0.001,0.025,0.001,0.001,0.015,0.017,0.007,0.001,1951,X42
845,16,0.375,48500,79000,0.293,1.1,0.026,0.011,0.042,0.006,0.022,0,0.002,0.011,0.015,0.005,0.001,1951,X42
845,16,0.375,48500,79000,0.267,0.82,0.018,0.008,0.161,0.054,0.031,0.001,0.001,0.015,0.018,0.001,0.001,1951,X42
845,16,0.375,48500,79000,0.259,1.05,0.02,0.01,0.041,0.008,0.021,0,0.001,0.011,0.014,0.004,0.001,1951,X42
1390,6.625,0.188,48566,60233,0.24,1.31,0.019,0.01,0.07,0.001,0.031,0.006,0,0.044,0.04,0.001,0.001,1965,X42
969,16,0.375,48600,68000,0.163,1.02,0.007,0.007,0.215,0.026,0.033,0.004,0.001,0.012,0.033,0.002,0.001,2008,X42
969,16,0.375,48600,68000,0.151,1.03,0.006,0.006,0.225,0.031,0.031,0.004,0.001,0.011,0.027,0.002,0.001,2008,X42
1520,16,0.25,48600,65700,0.209,0.926,0.016,0.007,0.011,0.001,0.036,0.006,0,0.019,0.033,0.001,0.001,1970,X42
828,14,0.375,48700,79000,0.283,0.912,0.026,0.012,0.013,0.015,0.029,0.003,0.001,0.025,0.098,0.004,0.002,1951,X42
828,14,0.375,48700,79000,0.286,0.913,0.024,0.011,0.013,0.017,0.029,0.003,0.001,0.025,0.097,0.004,0.002,1951,X42
828,14,0.375,48700,79000,0.284,0.916,0.025,0.011,0.013,0.015,0.03,0.003,0.001,0.025,0.099,0.004,0.002,1951,X42
828,14,0.375,48700,79000,0.285,0.911,0.024,0.011,0.013,0.015,0.029,0.003,0.001,0.025,0.098,0.004,0.002,1951,X42
828,14,0.375,48700,79000,0.285,0.916,0.027,0.012,0.013,0.015,0.03,0.003,0.001,0.025,0.098,0.004,0.002,1951,X42
828,14,0.375,48700,79000,0.285,0.904,0.024,0.011,0.013,0.016,0.029,0.003,0.001,0.025,0.097,0.004,0.002,1951,X42
828,14,0.375,48700,79000,0.284,0.904,0.022,0.011,0.013,0.017,0.029,0.003,0.001,0.024,0.097,0.004,0.003,1951,X42
845,16,0.375,48800,78000,0.285,0.82,0.02,0.009,0.157,0.046,0.032,0.001,0.001,0.016,0.019,0.001,0.001,1951,X42
845,16,0.375,48800,78000,0.24,1.04,0.024,0.011,0.04,0.009,0.021,0,0.002,0.011,0.015,0.005,0.001,1951,X42
845,16,0.375,48800,78000,0.251,1.04,0.024,0.01,0.04,0.008,0.021,0,0.001,0.011,0.015,0.005,0.001,1951,X42
845,16,0.375,48800,78000,0.279,0.74,0.025,0.009,0.028,0.001,0.024,0,0.001,0.015,0.017,0.007,0.001,1951,X42
845,16,0.375,48800,78000,0.277,1.09,0.035,0.013,0.041,0.006,0.022,0,0.002,0.011,0.017,0.006,0.002,1951,X42
845,16,0.375,48800,78000,0.239,0.7,0.024,0.008,0.026,0.004,0.023,0.001,0,0.014,0.016,0.006,0.001,1951,X42
845,16,0.375,48800,78000,0.338,0.74,0.035,0.009,0.026,0.001,0.025,0.001,0.001,0.015,0.017,0.007,0.001,1951,X42
845,16,0.375,48800,78000,0.293,1.1,0.026,0.011,0.042,0.006,0.022,0,0.002,0.011,0.015,0.005,0.001,1951,X42
845,16,0.375,48800,78000,0.267,0.82,0.018,0.008,0.161,0.054,0.031,0.001,0.001,0.015,0.018,0.001,0.001,1951,X42
845,16,0.375,48800,78000,0.259,1.05,0.02,0.01,0.041,0.008,0.021,0,0.001,0.011,0.014,0.004,0.001,1951,X42
954,12.75,0.75,48800,65500,0.234,0.618,0.027,0.009,0.004,0.001,0.042,0.003,0,0.02,0.036,0.001,0.001,1954,X42
190,12.75,0.33,48900,73500,0.24,0.57,0.022,0.01,0.12,0.018,0.034,0.006,0.001,0.02,0.05,0.002,0,1939,X42
726,8.625,0.322,48900,72000,0.047,0.983,0.005,0.013,0.179,0.018,0.032,0.009,0.002,0.039,0.076,0.007,0.013,2002,X42
726,8.625,0.322,48900,72000,0.046,0.974,0.005,0.013,0.178,0.019,0.031,0.009,0.001,0.039,0.075,0.007,0.012,2002,X42
726,8.625,0.322,48900,72000,0.186,0.562,0.008,0.006,0.318,0.021,0.035,0.003,0.001,0.032,0.126,0.001,0.001,2002,X42
1512,8.625,0.188,48900,64300,0.235,0.801,0.027,0.005,0.017,0.009,0.018,0.016,0,0.029,0.194,0.001,0.001,1960,X42
828,14,0.375,49000,77000,0.283,0.912,0.026,0.012,0.013,0.015,0.029,0.003,0.001,0.025,0.098,0.004,0.002,1951,X42
828,14,0.375,49000,77000,0.283,0.912,0.026,0.012,0.013,0.015,0.029,0.003,0.001,0.025,0.098,0.004,0.002,1951,X42
828,14,0.375,49000,80000,0.283,0.912,0.026,0.012,0.013,0.015,0.029,0.003,0.001,0.025,0.098,0.004,0.002,1951,X42
828,14,0.375,49000,77000,0.286,0.913,0.024,0.011,0.013,0.017,0.029,0.003,0.001,0.025,0.097,0.004,0.002,1951,X42
828,14,0.375,49000,77000,0.286,0.913,0.024,0.011,0.013,0.017,0.029,0.003,0.001,0.025,0.097,0.004,0.002,1951,X42
828,14,0.375,49000,80000,0.286,0.913,0.024,0.011,0.013,0.017,0.029,0.003,0.001,0.025,0.097,0.004,0.002,1951,X42
828,14,0.375,49000,77000,0.284,0.916,0.025,0.011,0.013,0.015,0.03,0.003,0.001,0.025,0.099,0.004,0.002,1951,X42
828,14,0.375,49000,77000,0.284,0.916,0.025,0.011,0.013,0.015,0.03,0.003,0.001,0.025,0.099,0.004,0.002,1951,X42
828,14,0.375,49000,80000,0.284,0.916,0.025,0.011,0.013,0.015,0.03,0.003,0.001,0.025,0.099,0.004,0.002,1951,X42
828,14,0.375,49000,77000,0.285,0.911,0.024,0.011,0.013,0.015,0.029,0.003,0.001,0.025,0.098,0.004,0.002,1951,X42
828,14,0.375,49000,77000,0.285,0.911,0.024,0.011,0.013,0.015,0.029,0.003,0.001,0.025,0.098,0.004,0.002,1951,X42
828,14,0.375,49000,80000,0.285,0.911,0.024,0.011,0.013,0.015,0.029,0.003,0.001,0.025,0.098,0.004,0.002,1951,X42
828,14,0.375,49000,77000,0.285,0.916,0.027,0.012,0.013,0.015,0.03,0.003,0.001,0.025,0.098,0.004,0.002,1951,X42
828,14,0.375,49000,77000,0.285,0.916,0.027,0.012,0.013,0.015,0.03,0.003,0.001,0.025,0.098,0.004,0.002,1951,X42
828,14,0.375,49000,80000,0.285,0.916,0.027,0.012,0.013,0.015,0.03,0.003,0.001,0.025,0.098,0.004,0.002,1951,X42
828,14,0.375,49000,77000,0.285,0.904,0.024,0.011,0.013,0.016,0.029,0.003,0.001,0.025,0.097,0.004,0.002,1951,X42
828,14,0.375,49000,77000,0.285,0.904,0.024,0.011,0.013,0.016,0.029,0.003,0.001,0.025,0.097,0.004,0.002,1951,X42
828,14,0.375,49000,80000,0.285,0.904,0.024,0.011,0.013,0.016,0.029,0.003,0.001,0.025,0.097,0.004,0.002,1951,X42
828,14,0.375,49000,77000,0.284,0.904,0.022,0.011,0.013,0.017,0.029,0.003,0.001,0.024,0.097,0.004,0.003,1951,X42
828,14,0.375,49000,77000,0.284,0.904,0.022,0.011,0.013,0.017,0.029,0.003,0.001,0.024,0.097,0.004,0.003,1951,X42
828,14,0.375,49000,80000,0.284,0.904,0.022,0.011,0.013,0.017,0.029,0.003,0.001,0.024,0.097,0.004,0.003,1951,X42
1134,16,0.312,49000,73500,0.227,1.03,0.019,0.007,0.012,0.006,0.013,0.006,0,0.012,0.009,0.001,0.001,1976,X42
650,12.75,0.312,49100,76000,0.31,0.92,0.041,0.012,0.012,0.006,0.04,0.008,0.002,0.029,0.05,0.006,0.002,1950,X42
650,12.75,0.312,49100,76000,0.29,0.891,0.027,0.008,0.017,0.026,0.023,0.011,0.002,0.019,0.04,0.005,0.003,1950,X42
845,16,0.375,49300,79000,0.285,0.82,0.02,0.009,0.157,0.046,0.032,0.001,0.001,0.016,0.019,0.001,0.001,1951,X42
845,16,0.375,49300,79000,0.24,1.04,0.024,0.011,0.04,0.009,0.021,0,0.002,0.011,0.015,0.005,0.001,1951,X42
845,16,0.375,49300,79000,0.251,1.04,0.024,0.01,0.04,0.008,0.021,0,0.001,0.011,0.015,0.005,0.001,1951,X42
845,16,0.375,49300,79000,0.279,0.74,0.025,0.009,0.028,0.001,0.024,0,0.001,0.015,0.017,0.007,0.001,1951,X42
845,16,0.375,49300,79000,0.277,1.09,0.035,0.013,0.041,0.006,0.022,0,0.002,0.011,0.017,0.006,0.002,1951,X42
845,16,0.375,49300,79000,0.239,0.7,0.024,0.008,0.026,0.004,0.023,0.001,0,0.014,0.016,0.006,0.001,1951,X42
845,16,0.375,49300,79000,0.338,0.74,0.035,0.009,0.026,0.001,0.025,0.001,0.001,0.015,0.017,0.007,0.001,1951,X42
845,16,0.375,49300,79000,0.293,1.1,0.026,0.011,0.042,0.006,0.022,0,0.002,0.011,0.015,0.005,0.001,1951,X42
845,16,0.375,49300,79000,0.267,0.82,0.018,0.008,0.161,0.054,0.031,0.001,0.001,0.015,0.018,0.001,0.001,1951,X42
845,16,0.375,49300,79000,0.259,1.05,0.02,0.01,0.041,0.008,0.021,0,0.001,0.011,0.014,0.004,0.001,1951,X42
1463,12.75,0.25,49300,75500,0.208,0.766,0.016,0.009,0.064,0.007,0.03,0.006,0,0.011,0.017,0.005,0.001,1954,X42
1463,12.75,0.25,49300,75500,0.318,0.852,0.029,0.013,0.071,0.002,0.031,0.006,0,0.012,0.018,0.006,0.001,1954,X42
1463,12.75,0.25,49300,75500,0.237,0.785,0.024,0.01,0.065,0.002,0.03,0.006,0,0.011,0.017,0.005,0.001,1954,X42
1463,12.75,0.25,49300,75500,0.243,0.789,0.024,0.01,0.065,0.002,0.03,0.006,0,0.011,0.018,0.005,0.001,1954,X42
256,4.5,0.156,49500,69000,0.288,0.63,0.015,0.005,0.018,0.004,0.026,0.011,0.001,0.01,0.006,0.002,0.002,1964,X42
1115,16,0.312,49750,68000,0.162,1.06,0.007,0.015,0.189,0.033,0.041,0.007,0.002,0.013,0.016,0.002,0.001,2002,X42
708,6.625,0.25,49800,73500,0.191,0.592,0.027,0.006,0.129,0.027,0.026,0.018,0,0.062,0.077,0.002,0.002,1977,X42
708,6.625,0.25,49800,73500,0.178,0.715,0.018,0.005,0.191,0.047,0.047,0.028,0,0.071,0.079,0.002,0.003,1977,X42
708,6.625,0.25,49800,73500,0.168,0.698,0.016,0.005,0.189,0.048,0.047,0.027,0,0.07,0.078,0.002,0.003,1977,X42
708,6.625,0.25,49800,73500,0.195,0.586,0.028,0.005,0.132,0.028,0.026,0.018,0,0.062,0.077,0.002,0.003,1977,X42
708,6.625,0.25,49800,73500,0.233,0.721,0.024,0.007,0.16,0.047,0.034,0.025,0,0.06,0.072,0.002,0.003,1977,X42
969,16,0.375,49800,68500,0.163,1.02,0.007,0.007,0.215,0.026,0.033,0.004,0.001,0.012,0.033,0.002,0.001,2008,X42
969,16,0.375,49800,68500,0.151,1.03,0.006,0.006,0.225,0.031,0.031,0.004,0.001,0.011,0.027,0.002,0.001,2008,X42
845,16,0.375,50000,74500,0.285,0.82,0.02,0.009,0.157,0.046,0.032,0.001,0.001,0.016,0.019,0.001,0.001,1951,X42
845,16,0.375,50000,79000,0.285,0.82,0.02,0.009,0.157,0.046,0.032,0.001,0.001,0.016,0.019,0.001,0.001,1951,X42
845,16,0.375,50000,74500,0.24,1.04,0.024,0.011,0.04,0.009,0.021,0,0.002,0.011,0.015,0.005,0.001,1951,X42
845,16,0.375,50000,79000,0.24,1.04,0.024,0.011,0.04,0.009,0.021,0,0.002,0.011,0.015,0.005,0.001,1951,X42
845,16,0.375,50000,74500,0.251,1.04,0.024,0.01,0.04,0.008,0.021,0,0.001,0.011,0.015,0.005,0.001,1951,X42
845,16,0.375,50000,79000,0.251,1.04,0.024,0.01,0.04,0.008,0.021,0,0.001,0.011,0.015,0.005,0.001,1951,X42
845,16,0.375,50000,74500,0.279,0.74,0.025,0.009,0.028,0.001,0.024,0,0.001,0.015,0.017,0.007,0.001,1951,X42
845,16,0.375,50000,79000,0.279,0.74,0.025,0.009,0.028,0.001,0.024,0,0.001,0.015,0.017,0.007,0.001,1951,X42
845,16,0.375,50000,74500,0.277,1.09,0.035,0.013,0.041,0.006,0.022,0,0.002,0.011,0.017,0.006,0.002,1951,X42
845,16,0.375,50000,79000,0.277,1.09,0.035,0.013,0.041,0.006,0.022,0,0.002,0.011,0.017,0.006,0.002,1951,X42
845,16,0.375,50000,74500,0.239,0.7,0.024,0.008,0.026,0.004,0.023,0.001,0,0.014,0.016,0.006,0.001,1951,X42
845,16,0.375,50000,79000,0.239,0.7,0.024,0.008,0.026,0.004,0.023,0.001,0,0.014,0.016,0.006,0.001,1951,X42
845,16,0.375,50000,74500,0.338,0.74,0.035,0.009,0.026,0.001,0.025,0.001,0.001,0.015,0.017,0.007,0.001,1951,X42
845,16,0.375,50000,79000,0.338,0.74,0.035,0.009,0.026,0.001,0.025,0.001,0.001,0.015,0.017,0.007,0.001,1951,X42
845,16,0.375,50000,74500,0.293,1.1,0.026,0.011,0.042,0.006,0.022,0,0.002,0.011,0.015,0.005,0.001,1951,X42
845,16,0.375,50000,79000,0.293,1.1,0.026,0.011,0.042,0.006,0.022,0,0.002,0.011,0.015,0.005,0.001,1951,X42
845,16,0.375,50000,74500,0.267,0.82,0.018,0.008,0.161,0.054,0.031,0.001,0.001,0.015,0.018,0.001,0.001,1951,X42
845,16,0.375,50000,79000,0.267,0.82,0.018,0.008,0.161,0.054,0.031,0.001,0.001,0.015,0.018,0.001,0.001,1951,X42
845,16,0.375,50000,74500,0.259,1.05,0.02,0.01,0.041,0.008,0.021,0,0.001,0.011,0.014,0.004,0.001,1951,X42
845,16,0.375,50000,79000,0.259,1.05,0.02,0.01,0.041,0.008,0.021,0,0.001,0.011,0.014,0.004,0.001,1951,X42
1463,12.75,0.25,50000,72000,0.208,0.766,0.016,0.009,0.064,0.007,0.03,0.006,0,0.011,0.017,0.005,0.001,1954,X42
1463,12.75,0.25,50000,72000,0.318,0.852,0.029,0.013,0.071,0.002,0.031,0.006,0,0.012,0.018,0.006,0.001,1954,X42
1463,12.75,0.25,50000,72000,0.237,0.785,0.024,0.01,0.065,0.002,0.03,0.006,0,0.011,0.017,0.005,0.001,1954,X42
1463,12.75,0.25,50000,72000,0.243,0.789,0.024,0.01,0.065,0.002,0.03,0.006,0,0.011,0.018,0.005,0.001,1954,X42
1522,10.75,0.188,50000,69100,0.237,0.751,0.02,0.01,0.08,0.002,0.025,0.004,0,0.053,0.041,0.001,0.001,1963,X42
55,16,0.312,50100,69800,0.24,0.72,0.04,0.01,0.005,0.028,0.024,0.013,0,0.047,0.087,0,0,1959,X42
1516,20,0.312,50300,75700,0.256,1.04,0.023,0.009,0.023,0.002,0.015,0.008,0,0.007,0.008,0.005,0.001,1958,X42
1516,20,0.312,50300,75700,0.24,0.57,0.027,0.007,0.041,0.004,0.015,0.004,0,0.007,0.01,0.009,0.001,1958,X42
196,12.75,0.25,50500,66000,0.27,0.78,0.03,0.012,0.003,0.001,0.028,0.011,0.001,0.036,0.13,0.002,0.002,1950,X42
623,10.75,0.25,50500,60500,0.24,0.566,0.03,0.007,0.007,0.001,0.023,0.009,0.001,0.045,0.17,0.002,0.001,1954,X42
828,14,0.375,50500,79000,0.283,0.912,0.026,0.012,0.013,0.015,0.029,0.003,0.001,0.025,0.098,0.004,0.002,1951,X42
828,14,0.375,50500,79000,0.286,0.913,0.024,0.011,0.013,0.017,0.029,0.003,0.001,0.025,0.097,0.004,0.002,1951,X42
828,14,0.375,50500,79000,0.284,0.916,0.025,0.011,0.013,0.015,0.03,0.003,0.001,0.025,0.099,0.004,0.002,1951,X42
828,14,0.375,50500,79000,0.285,0.911,0.024,0.011,0.013,0.015,0.029,0.003,0.001,0.025,0.098,0.004,0.002,1951,X42
828,14,0.375,50500,79000,0.285,0.916,0.027,0.012,0.013,0.015,0.03,0.003,0.001,0.025,0.098,0.004,0.002,1951,X42
828,14,0.375,50500,79000,0.285,0.904,0.024,0.011,0.013,0.016,0.029,0.003,0.001,0.025,0.097,0.004,0.002,1951,X42
828,14,0.375,50500,79000,0.284,0.904,0.022,0.011,0.013,0.017,0.029,0.003,0.001,0.024,0.097,0.004,0.003,1951,X42
1081,8.625,0.203,50500,73000,0.151,0.748,0.017,0.012,0.239,0.026,0.041,0.009,0,0.043,0.068,0.002,0.001,1970,X42
650,12.75,0.312,51000,75000,0.31,0.92,0.041,0.012,0.012,0.006,0.04,0.008,0.002,0.029,0.05,0.006,0.002,1950,X42
650,12.75,0.312,51000,75000,0.29,0.891,0.027,0.008,0.017,0.026,0.023,0.011,0.002,0.019,0.04,0.005,0.003,1950,X42
845,16,0.375,51000,80500,0.285,0.82,0.02,0.009,0.157,0.046,0.032,0.001,0.001,0.016,0.019,0.001,0.001,1951,X42
845,16,0.375,51000,80500,0.24,1.04,0.024,0.011,0.04,0.009,0.021,0,0.002,0.011,0.015,0.005,0.001,1951,X42
845,16,0.375,51000,80500,0.251,1.04,0.024,0.01,0.04,0.008,0.021,0,0.001,0.011,0.015,0.005,0.001,1951,X42
845,16,0.375,51000,80500,0.279,0.74,0.025,0.009,0.028,0.001,0.024,0,0.001,0.015,0.017,0.007,0.001,1951,X42
845,16,0.375,51000,80500,0.277,1.09,0.035,0.013,0.041,0.006,0.022,0,0.002,0.011,0.017,0.006,0.002,1951,X42
845,16,0.375,51000,80500,0.239,0.7,0.024,0.008,0.026,0.004,0.023,0.001,0,0.014,0.016,0.006,0.001,1951,X42
845,16,0.375,51000,80500,0.338,0.74,0.035,0.009,0.026,0.001,0.025,0.001,0.001,0.015,0.017,0.007,0.001,1951,X42
845,16,0.375,51000,80500,0.293,1.1,0.026,0.011,0.042,0.006,0.022,0,0.002,0.011,0.015,0.005,0.001,1951,X42
845,16,0.375,51000,80500,0.267,0.82,0.018,0.008,0.161,0.054,0.031,0.001,0.001,0.015,0.018,0.001,0.001,1951,X42
845,16,0.375,51000,80500,0.259,1.05,0.02,0.01,0.041,0.008,0.021,0,0.001,0.011,0.014,0.004,0.001,1951,X42
892,12.75,0.219,51000,72000,0.207,0.859,0.016,0.014,0.067,0.006,0.024,0.005,0.001,0.036,0.119,0.001,0.001,1962,X42
1412,12.75,0.25,51000,68000,0.216,0.432,0.027,0.007,0.032,0.003,0.017,0.005,0,0.027,0.073,0.001,0.001,1954,X42
1311,8.625,0.203,51000,69000,0.225,0.739,0.03,0.014,0.014,0.005,0.032,0.006,0,0.031,0.142,0.001,0.001,1954,X42
1311,8.625,0.203,51000,69000,0.246,0.728,0.029,0.008,0.01,0.01,0.025,0.01,0,0.04,0.137,0.001,0.001,1954,X42
1503,22,0.5,51000,79000,0.261,0.838,0.026,0.017,0.143,0.009,0.013,0.008,0,0.016,0.016,0.001,0.001,1949,X42
1503,22,0.5,51000,79000,0.287,0.833,0.016,0.018,0.143,0.001,0.013,0.007,0,0.015,0.015,0.001,0.001,1949,X42
1503,22,0.5,51000,79000,0.276,0.831,0.016,0.016,0.144,0.006,0.011,0.006,0,0.014,0.014,0.001,0.001,1949,X42
1503,22,0.5,51000,79000,0.252,0.825,0.026,0.01,0.155,0.007,0.008,0.006,0,0.009,0.009,0.001,0.001,1949,X42
1531,8.625,0.25,51000,62500,0.223,0.6,0.019,0.012,0.014,0.003,0.042,0.01,0,0.054,0.094,0.001,0.001,1990,X42
134,8.625,0.25,51500,72600,0.25,0.6,0.042,0.025,0.067,0.004,0.023,0.003,0.001,0.065,0.09,0.001,0,1956,X42
462,8.625,0.219,51500,67000,0.211,0.679,0.008,0.016,0.017,0.098,0.038,0.005,0.003,0.016,0.014,0.003,0.002,1989,X42
690,10.75,0.28,51500,76000,0.245,1.01,0.027,0.009,0.015,0.02,0.026,0.007,0.001,0.048,0.057,0.004,0.002,1950,X42
828,14,0.375,51500,79000,0.283,0.912,0.026,0.012,0.013,0.015,0.029,0.003,0.001,0.025,0.098,0.004,0.002,1951,X42
828,14,0.375,51500,79000,0.286,0.913,0.024,0.011,0.013,0.017,0.029,0.003,0.001,0.025,0.097,0.004,0.002,1951,X42
828,14,0.375,51500,79000,0.284,0.916,0.025,0.011,0.013,0.015,0.03,0.003,0.001,0.025,0.099,0.004,0.002,1951,X42
828,14,0.375,51500,79000,0.285,0.911,0.024,0.011,0.013,0.015,0.029,0.003,0.001,0.025,0.098,0.004,0.002,1951,X42
828,14,0.375,51500,79000,0.285,0.916,0.027,0.012,0.013,0.015,0.03,0.003,0.001,0.025,0.098,0.004,0.002,1951,X42
828,14,0.375,51500,79000,0.285,0.904,0.024,0.011,0.013,0.016,0.029,0.003,0.001,0.025,0.097,0.004,0.002,1951,X42
828,14,0.375,51500,79000,0.284,0.904,0.022,0.011,0.013,0.017,0.029,0.003,0.001,0.024,0.097,0.004,0.003,1951,X42
1311,8.625,0.203,51500,65000,0.225,0.739,0.03,0.014,0.014,0.005,0.032,0.006,0,0.031,0.142,0.001,0.001,1954,X42
1311,8.625,0.203,51500,65000,0.246,0.728,0.029,0.008,0.01,0.01,0.025,0.01,0,0.04,0.137,0.001,0.001,1954,X42
1426,8.625,0.188,51500,71000,0.199,1.33,0.013,0.011,0.011,0.001,0.01,0.004,0.002,0.011,0.04,0.001,0.001,1979,X42
1463,12.75,0.25,51500,75500,0.208,0.766,0.016,0.009,0.064,0.007,0.03,0.006,0,0.011,0.017,0.005,0.001,1954,X42
1463,12.75,0.25,51500,75500,0.318,0.852,0.029,0.013,0.071,0.002,0.031,0.006,0,0.012,0.018,0.006,0.001,1954,X42
1463,12.75,0.25,51500,75500,0.237,0.785,0.024,0.01,0.065,0.002,0.03,0.006,0,0.011,0.017,0.005,0.001,1954,X42
1463,12.75,0.25,51500,75500,0.243,0.789,0.024,0.01,0.065,0.002,0.03,0.006,0,0.011,0.018,0.005,0.001,1954,X42
492,6.625,0.25,52000,83000,0.253,0.871,0.023,0.006,0.205,0.021,0.017,0.015,0.002,0.03,0.036,0.003,0.002,1962,X42
631,3.5,0.156,52000,63000,0.268,0.488,0.015,0.008,0.015,0.017,0.056,0.009,0,0.036,0.062,0.002,0.001,1968,X42
749,6.625,0.188,52000,78500,0.249,1.06,0.025,0.016,0.051,0.03,0.027,0.003,0.002,0.012,0.011,0.005,0.002,1960,X42
1187,8.625,0.312,52000,64500,0.193,1.19,0.023,0.022,0.019,0.046,0.02,0.008,0,0.012,0.014,0.003,0.041,1973,X42
1187,8.625,0.312,52000,64500,0.186,0.7,0.012,0.005,0.005,0.002,0.021,0.01,0,0.029,0.031,0.001,0.001,1973,X42
1440,16,0.25,52000,66000,0.213,0.67,0.032,0.011,0.005,0.007,0.04,0.028,0,0.051,0.08,0.001,0.001,1959,X42
1440,16,0.25,52000,66000,0.207,0.67,0.016,0.006,0.004,0.006,0.033,0.014,0,0.029,0.06,0.001,0.001,1959,X42
1440,16,0.25,52000,66000,0.243,0.71,0.025,0.008,0.004,0.007,0.031,0.027,0,0.029,0.045,0.001,0.001,1959,X42
1471,12.75,0.312,52000,71500,0.238,0.746,0.016,0.008,0.009,0.01,0.025,0.005,0,0.03,0.158,0.001,0.001,1955,X42
588,10.75,0.25,52500,72000,0.215,0.734,0.014,0.007,0.003,0.001,0.022,0.004,0.001,0.011,0.016,0.002,0.002,1954,X42
260,18,0.25,52500,80500,0.338,0.517,0.03,0.036,0.069,0.003,0.039,0.007,0,0.026,0.054,0.002,0.001,1943,X42
372,8.625,0.188,52500,72000,0.205,0.869,0.024,0.008,0.006,0.003,0.028,0.005,0.001,0.022,0.016,0.002,0.002,1982,X42
434,16,0.219,52500,71500,0.209,0.816,0.015,0.008,0.013,0.008,0.015,0.007,0.001,0.008,0.008,0.002,0.001,1971,X42
1078,6.625,0.156,52500,68000,0.201,0.547,0.007,0.008,0.016,0.005,0.035,0.006,0,0.009,0.074,0.001,0.001,1965,X42
1135,12.75,0.25,52500,72000,0.231,0.84,0.022,0.009,0.036,0.005,0.016,0.005,0,0.024,0.101,0.002,0.001,1957,X42
1207,8.625,0.375,52500,63000,0.177,0.805,0.017,0.006,0.005,0.001,0.017,0.003,0,0.009,0.01,0.001,0.001,1957,X42
1399,12.75,0.203,52500,73500,0.229,0.829,0.017,0.016,0.025,0.003,0.016,0.005,0,0.021,0.059,0.001,0.001,1966,X42
1431,10.75,0.219,52500,61500,0.168,0.671,0.02,0.006,0.011,0.003,0.028,0.01,0,0.028,0.042,0.001,0.001,1958,X42
737,14,0.281,53000,69500,0.219,0.866,0.022,0.007,0.017,0.003,0.031,0,0.002,0.011,0.014,0.001,0.002,1964,X42
330,8.625,0.203,53000,78500,0.29,0.507,0.021,0.011,0.113,0.006,0.013,0.014,0.001,0.006,0.013,0.002,0.002,1962,X42
845,16,0.375,53000,75500,0.285,0.82,0.02,0.009,0.157,0.046,0.032,0.001,0.001,0.016,0.019,0.001,0.001,1951,X42
845,16,0.375,53000,75500,0.24,1.04,0.024,0.011,0.04,0.009,0.021,0,0.002,0.011,0.015,0.005,0.001,1951,X42
845,16,0.375,53000,75500,0.251,1.04,0.024,0.01,0.04,0.008,0.021,0,0.001,0.011,0.015,0.005,0.001,1951,X42
845,16,0.375,53000,75500,0.279,0.74,0.025,0.009,0.028,0.001,0.024,0,0.001,0.015,0.017,0.007,0.001,1951,X42
845,16,0.375,53000,75500,0.277,1.09,0.035,0.013,0.041,0.006,0.022,0,0.002,0.011,0.017,0.006,0.002,1951,X42
845,16,0.375,53000,75500,0.239,0.7,0.024,0.008,0.026,0.004,0.023,0.001,0,0.014,0.016,0.006,0.001,1951,X42
845,16,0.375,53000,75500,0.338,0.74,0.035,0.009,0.026,0.001,0.025,0.001,0.001,0.015,0.017,0.007,0.001,1951,X42
845,16,0.375,53000,75500,0.293,1.1,0.026,0.011,0.042,0.006,0.022,0,0.002,0.011,0.015,0.005,0.001,1951,X42
845,16,0.375,53000,75500,0.267,0.82,0.018,0.008,0.161,0.054,0.031,0.001,0.001,0.015,0.018,0.001,0.001,1951,X42
845,16,0.375,53000,75500,0.259,1.05,0.02,0.01,0.041,0.008,0.021,0,0.001,0.011,0.014,0.004,0.001,1951,X42
1133,20,0.312,53000,75500,0.165,1.06,0.009,0.015,0.196,0.029,0.054,0.007,0.001,0.013,0.019,0.001,0.001,1976,X42
1151,8.625,0.188,53000,70000,0.233,0.858,0.023,0.01,0.014,0.005,0.014,0.005,0,0.012,0.012,0.001,0.001,1969,X42
573,8.625,0.188,53500,66500,0.232,0.79,0.027,0.005,0.014,0.023,0.017,0.017,0.002,0.027,0.198,0.002,0.003,1960,X42
708,6.625,0.25,53500,81000,0.191,0.592,0.027,0.006,0.129,0.027,0.026,0.018,0,0.062,0.077,0.002,0.002,1977,X42
708,6.625,0.25,53500,81000,0.178,0.715,0.018,0.005,0.191,0.047,0.047,0.028,0,0.071,0.079,0.002,0.003,1977,X42
708,6.625,0.25,53500,81000,0.168,0.698,0.016,0.005,0.189,0.048,0.047,0.027,0,0.07,0.078,0.002,0.003,1977,X42
708,6.625,0.25,53500,81000,0.195,0.586,0.028,0.005,0.132,0.028,0.026,0.018,0,0.062,0.077,0.002,0.003,1977,X42
708,6.625,0.25,53500,81000,0.233,0.721,0.024,0.007,0.16,0.047,0.034,0.025,0,0.06,0.072,0.002,0.003,1977,X42
145,8.625,0.188,54000,72000,0.23,0.83,0.009,0.01,0.009,0.002,0.018,0.005,0.002,0.014,0.023,0.002,0.001,1963,X42
511,6.625,0.156,54000,69500,0.206,0.544,0.038,0.014,0.057,0.005,0.027,0.01,0.001,0.046,0.178,0.002,0.002,1963,X42
587,10.75,0.25,54000,67000,0.177,0.616,0.015,0.006,0.003,0.001,0.023,0.005,0.001,0.016,0.058,0.002,0.002,1954,X42
691,10.75,0.28,54000,77000,0.259,0.76,0.024,0.01,0.052,0.018,0.033,0.005,0,0.028,0.036,0.005,0.002,1950,X42
765,8.625,0.188,54000,65000,0.225,0.8,0.018,0.006,0.013,0.005,0.012,0.003,0,0.013,0.017,0.001,0.001,1969,X42
765,8.625,0.188,54000,65000,0.225,0.8,0.02,0.006,0.013,0.005,0.012,0.003,0,0.013,0.018,0.001,0.001,1969,X42
975,4.5,0.237,54000,63500,0.221,0.634,0.032,0.007,0.011,0.001,0.012,0.002,0,0.013,0.009,0.001,0.001,1968,X42
1063,8.625,0.219,54000,71500,0.226,0.58,0.015,0.006,0.01,0.006,0.027,0.008,0,0.045,0.118,0.001,0.001,1960,X42
1089,8.625,0.5,54000,74000,0.185,1.07,0.007,0.005,0.215,0.034,0.021,0.007,0,0.013,0.024,0.002,0.001,2005,X42
1089,8.625,0.5,54000,74000,0.198,1.07,0.007,0.005,0.214,0.034,0.021,0.006,0,0.013,0.024,0.002,0.001,2005,X42
1107,8.625,0.185,54000,70000,0.276,0.645,0.018,0.003,0.006,0.005,0.011,0.003,0,0.019,0.081,0.001,0.001,1965,X42
1234,8.625,0.203,54000,68500,0.233,0.769,0.024,0.008,0.013,0.006,0.01,0.005,0,0.011,0.026,0.001,0.001,1964,X42
1491,10.75,0.219,54000,73000,0.237,0.592,0.018,0.005,0.056,0.002,0.022,0.005,0,0.014,0.068,0.001,0.001,1965,X42
1491,10.75,0.219,54000,73500,0.237,0.592,0.018,0.005,0.056,0.002,0.022,0.005,0,0.014,0.068,0.001,0.001,1965,X42
1491,10.75,0.219,54000,73000,0.237,0.595,0.02,0.005,0.055,0.002,0.022,0.005,0,0.014,0.069,0.001,0.001,1965,X42
1491,10.75,0.219,54000,73500,0.237,0.595,0.02,0.005,0.055,0.002,0.022,0.005,0,0.014,0.069,0.001,0.001,1965,X42
671,6.625,0.156,54500,74000,0.282,0.584,0.018,0.007,0.015,0.007,0.033,0.012,0,0.076,0.138,0.001,0.001,1970,X42
748,6.625,0.188,54500,79500,0.245,1.08,0.025,0.015,0.052,0.004,0.027,0.003,0.002,0.012,0.01,0.005,0.002,1960,X42
1070,6.625,0.156,54500,69000,0.216,0.543,0.024,0.005,0.011,0.005,0.021,0.006,0,0.04,0.075,0.001,0.001,1964,X42
1070,6.625,0.156,54500,69000,0.178,0.5,0.017,0.005,0.013,0.012,0.018,0.009,0,0.05,0.137,0.001,0.001,1964,X42
1070,6.625,0.156,54500,69000,0.233,0.573,0.021,0.008,0.012,0.009,0.037,0.009,0,0.053,0.14,0.001,0.001,1964,X42
392,8.625,0.322,55000,67500,0.25,0.724,0.024,0.01,0.008,0.007,0.026,0.007,0.001,0.039,0.141,0.002,0.002,1952,X42
765,8.625,0.188,55000,65500,0.225,0.8,0.018,0.006,0.013,0.005,0.012,0.003,0,0.013,0.017,0.001,0.001,1969,X42
765,8.625,0.188,55000,65500,0.225,0.8,0.02,0.006,0.013,0.005,0.012,0.003,0,0.013,0.018,0.001,0.001,1969,X42
797,12.75,0.25,55000,68000,0.215,0.604,0.016,0.011,0.007,0,0.023,0.004,0,0.019,0.042,0,0.001,1954,X42
985,8.625,0.203,55000,74500,0.195,0.87,0.019,0.01,0.014,0.003,0.022,0.003,0.001,0.014,0.021,0.001,0.001,1964,X42
1070,6.625,0.156,55000,71500,0.216,0.543,0.024,0.005,0.011,0.005,0.021,0.006,0,0.04,0.075,0.001,0.001,1964,X42
1070,6.625,0.156,55000,71500,0.178,0.5,0.017,0.005,0.013,0.012,0.018,0.009,0,0.05,0.137,0.001,0.001,1964,X42
1070,6.625,0.156,55000,71500,0.233,0.573,0.021,0.008,0.012,0.009,0.037,0.009,0,0.053,0.14,0.001,0.001,1964,X42
1528,18,0.312,55000,73000,0.279,0.83,0.031,0.01,0.109,0.001,0.03,0.007,0,0.062,0.225,0.001,0.001,1950,X42
1528,18,0.312,55000,73000,0.254,0.63,0.022,0.009,0.077,0.006,0.033,0.009,0,0.067,0.154,0.001,0.001,1950,X42
153,10.75,0.281,55400,75600,0.25,0.84,0.03,0.012,0.094,0.002,0.054,0.009,0.002,0.068,0.26,0.002,0.002,1956,X42
346,12.75,0.312,55500,77500,0.332,1.01,0.036,0.011,0.026,0.007,0.017,0.008,0.003,0.015,0.039,0.003,0.003,1950,X42
676,12.75,0.25,55500,75500,0.249,1.05,0.026,0.009,0.045,0.002,0.017,0.003,0.001,0.025,0.106,0.001,0.002,1957,X42
1207,8.625,0.375,55500,61500,0.177,0.805,0.017,0.006,0.005,0.001,0.017,0.003,0,0.009,0.01,0.001,0.001,1957,X42
1469,12.75,0.25,55500,74500,0.237,0.621,0.028,0.008,0.055,0.003,0.036,0.011,0,0.074,0.237,0.001,0.001,1954,X42
1528,18,0.312,55500,82000,0.279,0.83,0.031,0.01,0.109,0.001,0.03,0.007,0,0.062,0.225,0.001,0.001,1950,X42
1528,18,0.312,55500,82000,0.254,0.63,0.022,0.009,0.077,0.006,0.033,0.009,0,0.067,0.154,0.001,0.001,1950,X42
272,6.625,0.156,56000,72500,0.237,0.582,0.027,0.008,0.058,0.003,0.043,0.017,0.001,0.078,0.246,0.002,0.002,1964,X42
371,8.625,0.203,56000,71500,0.206,0.903,0.02,0.009,0.014,0.004,0.024,0.007,0.002,0.018,0.025,0.003,0.001,1963,X42
272,6.625,0.156,56000,72500,0.234,0.575,0.023,0.006,0.058,0.003,0.04,0.017,0.001,0.077,0.296,0.002,0.002,1964,X42
371,8.625,0.203,56000,71500,0.207,0.912,0.017,0.008,0.014,0.005,0.024,0.007,0.003,0.018,0.025,0.003,0.002,1963,X42
391,8.625,0.322,56000,66000,0.216,0.689,0.02,0.007,0.006,0.007,0.026,0.006,0.001,0.039,0.16,0.002,0.002,1952,X42
393,8.625,0.322,56500,65500,0.218,0.719,0.033,0.013,0.009,0.009,0.019,0.005,0.001,0.031,0.128,0.002,0.002,1952,X42
1129,20,0.312,56500,83000,0.226,1.11,0.019,0.007,0.044,0.009,0.057,0.006,0.049,0.008,0.01,0.008,0.001,2003,X42
1457,6.625,0.25,56700,64700,0.047,0.955,0.003,0.012,0.215,0.02,0.005,0.008,0.002,0.041,0.095,0.014,0.013,1999,X42
55,16,0.312,57000,71500,0.24,0.72,0.04,0.01,0.005,0.028,0.024,0.013,0,0.047,0.087,0,0,1959,X42
510,6.625,0.188,57000,73000,0.271,0.57,0.022,0.007,0.008,0.007,0.04,0.02,0.001,0.086,0.203,0.002,0.002,1963,X42
371,8.625,0.203,57000,73500,0.206,0.903,0.02,0.009,0.014,0.004,0.024,0.007,0.002,0.018,0.025,0.003,0.001,1963,X42
371,8.625,0.203,57000,73500,0.207,0.912,0.017,0.008,0.014,0.005,0.024,0.007,0.003,0.018,0.025,0.003,0.002,1963,X42
1199,12.75,0.312,57000,87000,0.28,1.08,0.019,0.014,0.036,0.013,0.016,0.005,0.002,0.01,0.014,0.001,0.001,1960,X42
1440,16,0.25,57000,71500,0.213,0.67,0.032,0.011,0.005,0.007,0.04,0.028,0,0.051,0.08,0.001,0.001,1959,X42
1440,16,0.25,57000,70500,0.213,0.67,0.032,0.011,0.005,0.007,0.04,0.028,0,0.051,0.08,0.001,0.001,1959,X42
1440,16,0.25,57000,71500,0.207,0.67,0.016,0.006,0.004,0.006,0.033,0.014,0,0.029,0.06,0.001,0.001,1959,X42
1440,16,0.25,57000,70500,0.207,0.67,0.016,0.006,0.004,0.006,0.033,0.014,0,0.029,0.06,0.001,0.001,1959,X42
1440,16,0.25,57000,71500,0.243,0.71,0.025,0.008,0.004,0.007,0.031,0.027,0,0.029,0.045,0.001,0.001,1959,X42
1440,16,0.25,57000,70500,0.243,0.71,0.025,0.008,0.004,0.007,0.031,0.027,0,0.029,0.045,0.001,0.001,1959,X42
365,6.625,0.188,57500,70000,0.198,0.418,0.028,0.006,0.069,0,0.077,0.033,0,0.098,0.259,0.002,0.002,1988,X42
1070,6.625,0.156,57500,74500,0.216,0.543,0.024,0.005,0.011,0.005,0.021,0.006,0,0.04,0.075,0.001,0.001,1964,X42
1070,6.625,0.156,57500,74500,0.178,0.5,0.017,0.005,0.013,0.012,0.018,0.009,0,0.05,0.137,0.001,0.001,1964,X42
1070,6.625,0.156,57500,74500,0.233,0.573,0.021,0.008,0.012,0.009,0.037,0.009,0,0.053,0.14,0.001,0.001,1964,X42
1314,16,0.375,57700,70500,0.06,0.969,0.007,0.005,0.175,0.034,0.012,0.004,0,0.004,0.005,0.002,0.02,1999,X42
1314,16,0.375,57700,70500,0.056,0.956,0.006,0.006,0.165,0.029,0.015,0.003,0,0.004,0.005,0.002,0.022,1999,X42
272,6.625,0.156,58000,74500,0.237,0.582,0.027,0.008,0.058,0.003,0.043,0.017,0.001,0.078,0.246,0.002,0.002,1964,X42
272,6.625,0.156,58000,74500,0.234,0.575,0.023,0.006,0.058,0.003,0.04,0.017,0.001,0.077,0.296,0.002,0.002,1964,X42
390,8.625,0.322,58000,67500,0.227,0.696,0.033,0.009,0.008,0.013,0.015,0.005,0.001,0.033,0.185,0.002,0.002,1952,X42
411,8.625,0.188,58000,75500,0.247,0.838,0.016,0.005,0.003,0,0.018,0.005,0.001,0.024,0.019,0.002,0.003,1982,X42
985,8.625,0.203,58000,74000,0.195,0.87,0.019,0.01,0.014,0.003,0.022,0.003,0.001,0.014,0.021,0.001,0.001,1964,X42
1144,8.625,0.203,58000,74000,0.217,0.924,0.017,0.009,0.019,0.005,0.023,0.004,0,0.012,0.016,0.002,0.001,1963,X42
245,12.75,0.312,58100,81500,0.285,0.96,0.025,0.009,0.025,0.008,0.017,0.007,0.002,0.015,0.038,0.003,0.003,1950,X42
1083,12.75,0.25,58275,82850,0.218,1.01,0.006,0.008,0.021,0.036,0.023,0.004,0,0.01,0.013,0.001,0.001,1985,X42
202,6.625,0.188,58500,73500,0.22,0.65,0.021,0.005,0.024,0.015,0.036,0.018,0.001,0.07,0.17,0.002,0.003,1960,X42
938,8.625,0.203,58500,75500,0.202,0.952,0.02,0.011,0.017,0.004,0.027,0.003,0.001,0.014,0.018,0.001,0.001,1964,X42
938,8.625,0.203,58500,75500,0.2,0.991,0.016,0.01,0.014,0.004,0.023,0.003,0.001,0.014,0.023,0.001,0.001,1964,X42
1314,16,0.375,58500,70000,0.06,0.969,0.007,0.005,0.175,0.034,0.012,0.004,0,0.004,0.005,0.002,0.02,1999,X42
1314,16,0.375,58500,70000,0.056,0.956,0.006,0.006,0.165,0.029,0.015,0.003,0,0.004,0.005,0.002,0.022,1999,X42
927,8.625,0.25,59000,69000,0.176,0.888,0.017,0.005,0.011,0.005,0.035,0.003,0,0.017,0.02,0.001,0.001,1960,X42
938,8.625,0.203,59000,76500,0.202,0.952,0.02,0.011,0.017,0.004,0.027,0.003,0.001,0.014,0.018,0.001,0.001,1964,X42
938,8.625,0.203,59000,76500,0.2,0.991,0.016,0.01,0.014,0.004,0.023,0.003,0.001,0.014,0.023,0.001,0.001,1964,X42
1089,8.625,0.5,59000,75500,0.185,1.07,0.007,0.005,0.215,0.034,0.021,0.007,0,0.013,0.024,0.002,0.001,2005,X42
1089,8.625,0.5,59000,75500,0.198,1.07,0.007,0.005,0.214,0.034,0.021,0.006,0,0.013,0.024,0.002,0.001,2005,X42
1314,16,0.375,59500,71000,0.06,0.969,0.007,0.005,0.175,0.034,0.012,0.004,0,0.004,0.005,0.002,0.02,1999,X42
1314,16,0.375,59500,71000,0.056,0.956,0.006,0.006,0.165,0.029,0.015,0.003,0,0.004,0.005,0.002,0.022,1999,X42
1445,10.75,0.219,59500,78000,0.22,0.88,0.023,0.009,0.037,0.004,0.018,0.006,0,0.025,0.082,0.001,0.001,1958,X42
108,16,0.312,59900,74500,0.29,0.88,0.032,0.017,0.002,0.007,0.022,0.012,0,0.013,0.034,0,0,1953,X42
464,12.75,0.25,60000,76000,0.205,0.686,0.02,0.007,0.007,0,0.023,0.007,0.001,0.023,0.094,0.002,0.001,1951,X42
619,8.625,0.25,60000,76000,0.275,0.85,0.028,0.01,0.045,0.007,0.022,0.006,0.002,0.03,0.135,0.002,0.002,1957,X42
758,6.625,0.188,60000,73500,0.219,0.88,0.023,0.008,0.014,0.002,0.009,0.001,0.001,0.01,0.011,0.001,0.002,1960,X42
806,8.625,0.312,60000,75500,0.247,0.796,0.022,0.011,0.014,0.005,0.012,0,0,0.008,0.005,0.001,0.001,1971,X42
1156,6.625,0.28,60000,67000,0.066,0.622,0.006,0.02,0.152,0.032,0.031,0.006,0,0.012,0.015,0.002,0.013,1993,X42
1203,6.625,0.219,60000,76764,0.076,0.945,0.006,0.014,0.224,0.012,0.088,0.092,0,0.0327,0.433,0.002,0.002,1993,X42
55,16,0.312,60500,69500,0.24,0.72,0.04,0.01,0.005,0.028,0.024,0.013,0,0.047,0.087,0,0,1959,X42
499,8.625,0.219,60500,69500,0.21,0.92,0.021,0.007,0.021,0.008,0.025,0,0.002,0.053,0.029,0.002,0.002,1969,X42
501,6.625,0.156,60500,75500,0.23,0.532,0.02,0.01,0.049,0.006,0.021,0.01,0.001,0.054,0.233,0.002,0.003,1962,X42
365,6.625,0.188,60500,73500,0.198,0.418,0.028,0.006,0.069,0,0.077,0.033,0,0.098,0.259,0.002,0.002,1988,X42
720,6.625,0.188,60500,67500,0.185,0.64,0.025,0.008,0.045,0.003,0.024,0.005,0.001,0.04,0.13,0.001,0.002,1965,X42
1351,6.625,0.156,60500,72500,0.216,0.811,0.02,0.007,0.016,0.015,0.011,0.004,0,0.009,0.011,0.002,0.001,1966,X42
369,8.625,0.25,61000,77000,0.239,0.879,0.018,0.009,0.014,0.003,0.011,0.008,0.002,0.009,0.017,0.002,0.003,1962,X42
805,8.625,0.312,61000,74500,0.204,0.792,0.024,0.008,0.013,0.005,0.012,0,0,0.008,0.006,0.001,0.001,1971,X42
564,8.625,0.25,61500,74000,0.244,0.754,0.018,0.008,0.008,0.009,0.011,0.005,0.002,0.011,0.012,0.002,0.003,1968,X42
195,6.625,0.219,61500,73000,0.21,0.48,0.018,0.014,0.13,0.021,0.025,0.012,0.001,0.019,0.058,0.002,0.001,1960,X42
331,12.75,0.203,61500,74000,0.255,1.12,0.022,0.01,0.013,0.006,0.031,0.012,0.003,0.016,0.011,0.002,0.014,1965,X42
726,8.625,0.322,61500,69000,0.047,0.983,0.005,0.013,0.179,0.018,0.032,0.009,0.002,0.039,0.076,0.007,0.013,2002,X42
726,8.625,0.322,61500,69000,0.046,0.974,0.005,0.013,0.178,0.019,0.031,0.009,0.001,0.039,0.075,0.007,0.012,2002,X42
726,8.625,0.322,61500,69000,0.186,0.562,0.008,0.006,0.318,0.021,0.035,0.003,0.001,0.032,0.126,0.001,0.001,2002,X42
726,8.625,0.322,62500,69500,0.047,0.983,0.005,0.013,0.179,0.018,0.032,0.009,0.002,0.039,0.076,0.007,0.013,2002,X42
726,8.625,0.322,62500,69500,0.046,0.974,0.005,0.013,0.178,0.019,0.031,0.009,0.001,0.039,0.075,0.007,0.012,2002,X42
986,8.625,0.203,62500,79000,0.21,1.01,0.021,0.006,0.016,0.005,0.018,0.003,0.001,0.014,0.017,0.002,0.001,1964,X42
1153,8.625,0.185,62500,77500,0.269,0.649,0.016,0.005,0.006,0.001,0.022,0.003,0,0.011,0.071,0.001,0.001,1965,X42
726,8.625,0.322,62500,69500,0.186,0.562,0.008,0.006,0.318,0.021,0.035,0.003,0.001,0.032,0.126,0.001,0.001,2002,X42
1302,8.625,0.219,62500,74000,0.228,0.72,0.026,0.014,0.01,0.002,0.024,0.004,0,0.047,0.029,0.001,0.001,1979,X42
1391,6.625,0.188,62500,76500,0.247,1.02,0.022,0.007,0.032,0.008,0.032,0.007,0,0.018,0.026,0.001,0.001,1965,X42
700,6.625,0.188,63200,71200,0.133,1.19,0.002,0.016,0.257,0.035,0.064,0.093,0.036,0.066,0.045,0.003,0.031,1994,X42
986,8.625,0.203,63500,81500,0.21,1.01,0.021,0.006,0.016,0.005,0.018,0.003,0.001,0.014,0.017,0.002,0.001,1964,X42
374,4.5,0.188,64000,77500,0.217,0.563,0.016,0.004,0.012,0.02,0.07,0.02,0.001,0.057,0.128,0.002,0.002,1981,X42
1160,6.625,0.188,64500,78500,0.244,0.856,0.02,0.007,0.016,0.005,0.014,0.005,0,0.009,0.011,0.002,0.001,1964,X42
985,8.625,0.203,67000,79500,0.195,0.87,0.019,0.01,0.014,0.003,0.022,0.003,0.001,0.014,0.021,0.001,0.001,1964,X42
986,8.625,0.203,67500,81500,0.21,1.01,0.021,0.006,0.016,0.005,0.018,0.003,0.001,0.014,0.017,0.002,0.001,1964,X42
1314,16,0.375,68000,72000,0.06,0.969,0.007,0.005,0.175,0.034,0.012,0.004,0,0.004,0.005,0.002,0.02,1999,X42
1314,16,0.375,68000,72000,0.056,0.956,0.006,0.006,0.165,0.029,0.015,0.003,0,0.004,0.005,0.002,0.022,1999,X42
1412,12.75,0.25,68500,75000,0.216,0.432,0.027,0.007,0.032,0.003,0.017,0.005,0,0.027,0.073,0.001,0.001,1954,X42
1499,6.625,0.156,69200,83800,0.257,0.889,0.022,0.009,0.012,0.003,0.009,0.004,0,0.008,0.006,0.001,0.001,1966,X42
1187,8.625,0.312,70000,86000,0.193,1.19,0.023,0.022,0.019,0.046,0.02,0.008,0,0.012,0.014,0.003,0.041,1973,X42
1187,8.625,0.312,70000,86000,0.186,0.7,0.012,0.005,0.005,0.002,0.021,0.01,0,0.029,0.031,0.001,0.001,1973,X42
1424,10.75,0.307,71500,56500,0.257,0.835,0.03,0.023,0.009,0.011,0.038,0.005,0,0.03,0.063,0.001,0.001,1951,X42
1424,10.75,0.307,71500,56500,0.244,0.844,0.03,0.011,0.009,0.011,0.037,0.007,0,0.046,0.148,0.001,0.001,1951,X42
233,4.5,0.237,72000,75500,0.064,0.859,0.006,0.008,0.202,0.037,0.033,0.01,0.006,0.021,0.054,0.003,0.024,1997,X42
1153,8.625,0.185,72000,83000,0.269,0.649,0.016,0.005,0.006,0.001,0.022,0.003,0,0.011,0.071,0.001,0.001,1965,X42
1299,6.625,0.25,72000,82000,0.234,0.565,0.019,0.005,0.015,0.007,0.074,0.009,0,0.023,0.044,0.001,0.001,1981,X42
1424,10.75,0.307,73000,56500,0.257,0.835,0.03,0.023,0.009,0.011,0.038,0.005,0,0.03,0.063,0.001,0.001,1951,X42
1424,10.75,0.307,73000,56500,0.244,0.844,0.03,0.011,0.009,0.011,0.037,0.007,0,0.046,0.148,0.001,0.001,1951,X42
1424,10.75,0.307,75000,63000,0.257,0.835,0.03,0.023,0.009,0.011,0.038,0.005,0,0.03,0.063,0.001,0.001,1951,X42
1424,10.75,0.307,75000,63000,0.244,0.844,0.03,0.011,0.009,0.011,0.037,0.007,0,0.046,0.148,0.001,0.001,1951,X42
1424,10.75,0.307,76000,63000,0.257,0.835,0.03,0.023,0.009,0.011,0.038,0.005,0,0.03,0.063,0.001,0.001,1951,X42
1424,10.75,0.307,76000,63000,0.244,0.844,0.03,0.011,0.009,0.011,0.037,0.007,0,0.046,0.148,0.001,0.001,1951,X42
1019,18,0.5,80000,111000,0.307,1.05,0.016,0.016,0.018,0.006,0.05,0.011,0,0.01,0.011,0.001,0.001,1976,X42
199,10.75,0.279,43500,79500,0.29,0.85,0.018,0.013,0.17,0.016,0.022,0.012,0.002,0.024,0.038,0.002,0.002,1953,X46
219,12.75,0.25,46100,62500,0.16,0.66,0.018,0.005,0.009,0.001,0.13,0.004,0.001,0.008,0.24,0.002,0.002,1958,X46
219,12.75,0.25,46100,62500,0.25,0.83,0.019,0.007,0.005,0.002,0.15,0.005,0.002,0.013,0.26,0.002,0.002,1958,X46
219,12.75,0.25,46100,62500,0.26,0.76,0.018,0.005,0.015,0.001,0.15,0.008,0.002,0.015,0.3,0.002,0.002,1958,X46
219,12.75,0.25,46100,62500,0.22,0.71,0.015,0.005,0.006,0.001,0.15,0.005,0.002,0.011,0.27,0.002,0.002,1958,X46
219,12.75,0.25,46100,62500,0.26,0.69,0.013,0.005,0.005,0,0.14,0.004,0.001,0.008,0.25,0.002,0.001,1958,X46
219,12.75,0.25,46100,62500,0.21,0.64,0.014,0.004,0.008,0.001,0.12,0.004,0.001,0.008,0.24,0.002,0.001,1958,X46
219,12.75,0.25,46100,62500,0.23,0.68,0.012,0.005,0.009,0.001,0.136,0.004,0.001,0.008,0.234,0.002,0.002,1958,X46
219,12.75,0.25,46100,62500,0.25,0.57,0.015,0.005,0.004,0.001,0.118,0.004,0.001,0.009,0.201,0.002,0.002,1958,X46
219,12.75,0.25,46100,62500,0.253,0.784,0.015,0.008,0.007,0.004,0.161,0.007,0.002,0.017,0.282,0.002,0.003,1958,X46
219,12.75,0.25,46100,62500,0.29,0.81,0.015,0.005,0.005,0.003,0.174,0.011,0.002,0.032,0.359,0.002,0.002,1958,X46
219,12.75,0.25,46100,62500,0.32,0.78,0.016,0.005,0.007,0.001,0.154,0.005,0.002,0.01,0.279,0.002,0.002,1958,X46
219,12.75,0.25,46100,62500,0.27,0.83,0.012,0.005,0.004,0.001,0.141,0.006,0.002,0.01,0.208,0.002,0.002,1958,X46
219,12.75,0.25,46100,62500,0.22,0.63,0.016,0.005,0.005,0.001,0.147,0.009,0.001,0.028,0.158,0.002,0.002,1958,X46
435,12.75,0.25,47200,66500,0.215,0.656,0.027,0.006,0.006,0,0.124,0.005,0.001,0.008,0.24,0.002,0.001,1958,X46
435,12.75,0.25,47200,66500,0.293,0.905,0.028,0.008,0.004,0.002,0.15,0.007,0.002,0.014,0.317,0.002,0.001,1958,X46
435,12.75,0.25,47200,66500,0.185,0.645,0.016,0.004,0.004,0,0.135,0.004,0.001,0.007,0.209,0.002,0.001,1958,X46
435,12.75,0.25,47200,66500,0.228,0.605,0.023,0.006,0.004,0,0.121,0.004,0.001,0.01,0.235,0.002,0.001,1958,X46
435,12.75,0.25,47200,66500,0.28,0.872,0.017,0.006,0.005,0.001,0.0177,0.007,0.002,0.014,0.29,0.002,0.001,1958,X46
219,12.75,0.25,47600,69500,0.16,0.66,0.018,0.005,0.009,0.001,0.13,0.004,0.001,0.008,0.24,0.002,0.002,1958,X46
219,12.75,0.25,47600,69500,0.25,0.83,0.019,0.007,0.005,0.002,0.15,0.005,0.002,0.013,0.26,0.002,0.002,1958,X46
219,12.75,0.25,47600,69500,0.26,0.76,0.018,0.005,0.015,0.001,0.15,0.008,0.002,0.015,0.3,0.002,0.002,1958,X46
219,12.75,0.25,47600,69500,0.22,0.71,0.015,0.005,0.006,0.001,0.15,0.005,0.002,0.011,0.27,0.002,0.002,1958,X46
219,12.75,0.25,47600,69500,0.26,0.69,0.013,0.005,0.005,0,0.14,0.004,0.001,0.008,0.25,0.002,0.001,1958,X46
219,12.75,0.25,47600,69500,0.21,0.64,0.014,0.004,0.008,0.001,0.12,0.004,0.001,0.008,0.24,0.002,0.001,1958,X46
219,12.75,0.25,47600,69500,0.23,0.68,0.012,0.005,0.009,0.001,0.136,0.004,0.001,0.008,0.234,0.002,0.002,1958,X46
219,12.75,0.25,47600,69500,0.25,0.57,0.015,0.005,0.004,0.001,0.118,0.004,0.001,0.009,0.201,0.002,0.002,1958,X46
219,12.75,0.25,47600,69500,0.253,0.784,0.015,0.008,0.007,0.004,0.161,0.007,0.002,0.017,0.282,0.002,0.003,1958,X46
219,12.75,0.25,47600,69500,0.29,0.81,0.015,0.005,0.005,0.003,0.174,0.011,0.002,0.032,0.359,0.002,0.002,1958,X46
219,12.75,0.25,47600,69500,0.32,0.78,0.016,0.005,0.007,0.001,0.154,0.005,0.002,0.01,0.279,0.002,0.002,1958,X46
219,12.75,0.25,47600,69500,0.27,0.83,0.012,0.005,0.004,0.001,0.141,0.006,0.002,0.01,0.208,0.002,0.002,1958,X46
219,12.75,0.25,47600,69500,0.22,0.63,0.016,0.005,0.005,0.001,0.147,0.009,0.001,0.028,0.158,0.002,0.002,1958,X46
747,10.75,0.219,47900,58000,0.19,0.616,0.034,0.01,0.009,0.001,0.031,0.006,0,0.046,0.177,0.001,0.002,1957,X46
861,16,0.25,48200,71500,0.187,1.27,0.027,0.009,0.354,0.026,0.032,0.009,0.002,0.076,0.225,0.003,0.003,1964,X46
861,16,0.25,48200,71500,0.191,1.29,0.03,0.009,0.363,0.029,0.032,0.009,0.003,0.075,0.22,0.002,0.003,1964,X46
1167,8.625,0.25,48400,60000,0.198,0.797,0.022,0.008,0.015,0.005,0.018,0.003,0,0.008,0.01,0.001,0.001,1958,X46
1525,12.75,0.25,48600,67400,0.235,0.739,0.017,0.007,0.008,0.001,0.024,0.006,0,0.034,0.064,0.001,0.001,1954,X46
1525,12.75,0.25,48600,67400,0.239,0.768,0.019,0.007,0.006,0.001,0.021,0.005,0,0.031,0.034,0.001,0.001,1954,X46
432,20,0.312,48900,70500,0.259,0.841,0.028,0.015,0.004,0.01,0.032,0.007,0.002,0.047,0.049,0.002,0.003,1950,X46
432,20,0.312,48900,70500,0.246,0.86,0.029,0.015,0.009,0.004,0.038,0.008,0.002,0.023,0.059,0.002,0.003,1950,X46
83,10.75,0.25,49000,77000,0.24,0.6,0.018,0.008,0.17,0.01,0.02,0.023,0,0.032,0.04,0,0.002,1952,X46
825,20,0.312,49000,68500,0.248,0.928,0.025,0.013,0.006,0.002,0.03,0.003,0,0.034,0.034,0.001,0.001,1950,X46
822,12.75,0.25,49100,63500,0.246,0.895,0.025,0.008,0.007,0.001,0.159,0.003,0.001,0.015,0.328,0.001,0.001,1958,X46
746,10.75,0.219,49200,60000,0.143,0.592,0.029,0.009,0.009,0.001,0.031,0.005,0,0.046,0.174,0.001,0.003,1957,X46
1212,6.625,0.156,49200,67500,0.183,0.953,0.016,0.008,0.008,0.001,0.04,0.006,0,0.02,0.052,0.001,0.001,1961,X46
1295,12.75,0.25,49200,68500,0.238,0.748,0.021,0.005,0.01,0.001,0.113,0.004,0,0.012,0.22,0.001,0.001,1958,X46
1295,12.75,0.25,49200,68500,0.26,0.709,0.014,0.005,0.008,0.001,0.153,0.003,0,0.011,0.266,0.001,0.001,1958,X46
1295,12.75,0.25,49200,68500,0.197,0.712,0.009,0.005,0.006,0.001,0.144,0.002,0,0.009,0.284,0.001,0.001,1958,X46
1295,12.75,0.25,49200,68500,0.231,0.732,0.021,0.005,0.008,0.001,0.112,0.004,0,0.012,0.223,0.001,0.001,1958,X46
1295,12.75,0.25,49200,68500,0.173,0.652,0.019,0.004,0.006,0.001,0.135,0.002,0,0.009,0.195,0.001,0.001,1958,X46
1295,12.75,0.25,49200,68500,0.234,0.68,0.021,0.006,0.008,0.001,0.139,0.003,0,0.012,0.256,0.001,0.001,1958,X46
219,12.75,0.25,49400,69000,0.16,0.66,0.018,0.005,0.009,0.001,0.13,0.004,0.001,0.008,0.24,0.002,0.002,1958,X46
219,12.75,0.25,49400,69000,0.25,0.83,0.019,0.007,0.005,0.002,0.15,0.005,0.002,0.013,0.26,0.002,0.002,1958,X46
219,12.75,0.25,49400,69000,0.26,0.76,0.018,0.005,0.015,0.001,0.15,0.008,0.002,0.015,0.3,0.002,0.002,1958,X46
219,12.75,0.25,49400,69000,0.22,0.71,0.015,0.005,0.006,0.001,0.15,0.005,0.002,0.011,0.27,0.002,0.002,1958,X46
219,12.75,0.25,49400,69000,0.26,0.69,0.013,0.005,0.005,0,0.14,0.004,0.001,0.008,0.25,0.002,0.001,1958,X46
219,12.75,0.25,49400,69000,0.21,0.64,0.014,0.004,0.008,0.001,0.12,0.004,0.001,0.008,0.24,0.002,0.001,1958,X46
219,12.75,0.25,49400,69000,0.23,0.68,0.012,0.005,0.009,0.001,0.136,0.004,0.001,0.008,0.234,0.002,0.002,1958,X46
219,12.75,0.25,49400,69000,0.25,0.57,0.015,0.005,0.004,0.001,0.118,0.004,0.001,0.009,0.201,0.002,0.002,1958,X46
219,12.75,0.25,49400,69000,0.253,0.784,0.015,0.008,0.007,0.004,0.161,0.007,0.002,0.017,0.282,0.002,0.003,1958,X46
219,12.75,0.25,49400,69000,0.29,0.81,0.015,0.005,0.005,0.003,0.174,0.011,0.002,0.032,0.359,0.002,0.002,1958,X46
219,12.75,0.25,49400,69000,0.32,0.78,0.016,0.005,0.007,0.001,0.154,0.005,0.002,0.01,0.279,0.002,0.002,1958,X46
219,12.75,0.25,49400,69000,0.27,0.83,0.012,0.005,0.004,0.001,0.141,0.006,0.002,0.01,0.208,0.002,0.002,1958,X46
219,12.75,0.25,49400,69000,0.22,0.63,0.016,0.005,0.005,0.001,0.147,0.009,0.001,0.028,0.158,0.002,0.002,1958,X46
565,22,0.375,49600,82500,0.267,0.78,0.023,0.012,0.128,0.003,0.006,0.006,0.001,0.005,0.01,0.002,0.002,1952,X46
861,16,0.25,49600,69500,0.187,1.27,0.027,0.009,0.354,0.026,0.032,0.009,0.002,0.076,0.225,0.003,0.003,1964,X46
861,16,0.25,49600,69500,0.191,1.29,0.03,0.009,0.363,0.029,0.032,0.009,0.003,0.075,0.22,0.002,0.003,1964,X46
219,12.75,0.25,49800,70500,0.16,0.66,0.018,0.005,0.009,0.001,0.13,0.004,0.001,0.008,0.24,0.002,0.002,1958,X46
219,12.75,0.25,49800,70500,0.25,0.83,0.019,0.007,0.005,0.002,0.15,0.005,0.002,0.013,0.26,0.002,0.002,1958,X46
219,12.75,0.25,49800,70500,0.26,0.76,0.018,0.005,0.015,0.001,0.15,0.008,0.002,0.015,0.3,0.002,0.002,1958,X46
219,12.75,0.25,49800,70500,0.22,0.71,0.015,0.005,0.006,0.001,0.15,0.005,0.002,0.011,0.27,0.002,0.002,1958,X46
219,12.75,0.25,49800,70500,0.26,0.69,0.013,0.005,0.005,0,0.14,0.004,0.001,0.008,0.25,0.002,0.001,1958,X46
219,12.75,0.25,49800,70500,0.21,0.64,0.014,0.004,0.008,0.001,0.12,0.004,0.001,0.008,0.24,0.002,0.001,1958,X46
219,12.75,0.25,49800,70500,0.23,0.68,0.012,0.005,0.009,0.001,0.136,0.004,0.001,0.008,0.234,0.002,0.002,1958,X46
219,12.75,0.25,49800,70500,0.25,0.57,0.015,0.005,0.004,0.001,0.118,0.004,0.001,0.009,0.201,0.002,0.002,1958,X46
219,12.75,0.25,49800,70500,0.253,0.784,0.015,0.008,0.007,0.004,0.161,0.007,0.002,0.017,0.282,0.002,0.003,1958,X46
219,12.75,0.25,49800,70500,0.29,0.81,0.015,0.005,0.005,0.003,0.174,0.011,0.002,0.032,0.359,0.002,0.002,1958,X46
219,12.75,0.25,49800,70500,0.32,0.78,0.016,0.005,0.007,0.001,0.154,0.005,0.002,0.01,0.279,0.002,0.002,1958,X46
219,12.75,0.25,49800,70500,0.27,0.83,0.012,0.005,0.004,0.001,0.141,0.006,0.002,0.01,0.208,0.002,0.002,1958,X46
219,12.75,0.25,49800,70500,0.22,0.63,0.016,0.005,0.005,0.001,0.147,0.009,0.001,0.028,0.158,0.002,0.002,1958,X46
356,12.75,0.25,49900,65000,0.165,0.689,0.015,0.004,0.004,0.001,0.14,0.009,0.002,0.023,0.192,0.002,0.003,1958,X46
453,12.75,0.25,49900,68000,0.252,0.801,0.017,0.008,0.004,0,0.019,0.005,0.001,0.008,0.313,0.002,0.001,1958,X46
453,12.75,0.25,49900,68000,0.219,0.678,0.015,0.005,0.004,0,0.119,0.005,0.001,0.013,0.202,0.002,0.001,1958,X46
453,12.75,0.25,49900,68000,0.178,0.68,0.015,0.006,0.003,0,0.146,0.012,0.001,0.022,0.216,0.002,0.001,1958,X46
453,12.75,0.25,49900,68000,0.241,0.659,0.016,0.005,0.005,0,0.118,0.004,0.001,0.008,0.257,0.002,0.001,1958,X46
435,12.75,0.25,50000,69500,0.215,0.656,0.027,0.006,0.006,0,0.124,0.005,0.001,0.008,0.24,0.002,0.001,1958,X46
435,12.75,0.25,50000,69500,0.293,0.905,0.028,0.008,0.004,0.002,0.15,0.007,0.002,0.014,0.317,0.002,0.001,1958,X46
435,12.75,0.25,50000,69500,0.185,0.645,0.016,0.004,0.004,0,0.135,0.004,0.001,0.007,0.209,0.002,0.001,1958,X46
435,12.75,0.25,50000,69500,0.228,0.605,0.023,0.006,0.004,0,0.121,0.004,0.001,0.01,0.235,0.002,0.001,1958,X46
435,12.75,0.25,50000,69500,0.28,0.872,0.017,0.006,0.005,0.001,0.0177,0.007,0.002,0.014,0.29,0.002,0.001,1958,X46
487,12.75,0.203,50000,68000,0.194,0.699,0.027,0.023,0.215,0.025,0.043,0.009,0.001,0.036,0.089,0.002,0.002,1966,X46
1373,12.75,0.203,50000,69500,0.221,0.841,0.013,0.016,0.026,0.003,0.015,0.005,0,0.018,0.06,0.001,0.001,1966,X46
1525,12.75,0.25,50000,65700,0.235,0.739,0.017,0.007,0.008,0.001,0.024,0.006,0,0.034,0.064,0.001,0.001,1954,X46
1525,12.75,0.25,50000,65700,0.239,0.768,0.019,0.007,0.006,0.001,0.021,0.005,0,0.031,0.034,0.001,0.001,1954,X46
453,12.75,0.25,50500,64500,0.252,0.801,0.017,0.008,0.004,0,0.019,0.005,0.001,0.008,0.313,0.002,0.001,1958,X46
453,12.75,0.25,50500,64500,0.219,0.678,0.015,0.005,0.004,0,0.119,0.005,0.001,0.013,0.202,0.002,0.001,1958,X46
453,12.75,0.25,50500,64500,0.178,0.68,0.015,0.006,0.003,0,0.146,0.012,0.001,0.022,0.216,0.002,0.001,1958,X46
453,12.75,0.25,50500,64500,0.241,0.659,0.016,0.005,0.005,0,0.118,0.004,0.001,0.008,0.257,0.002,0.001,1958,X46
1411,16,0.281,50500,69000,0.183,0.866,0.013,0.03,0.007,0.001,0.016,0.01,0,0.035,0.087,0.0001,0.001,1948,X46
1411,16,0.281,50500,69000,0.23,0.866,0.021,0.035,0.011,0.002,0.022,0.005,0,0.027,0.041,0.001,0.001,1948,X46
1411,16,0.281,50500,69000,0.226,0.757,0.028,0.044,0.007,0.007,0.016,0.011,0,0.037,0.095,0.001,0.001,1948,X46
1411,16,0.281,50500,69000,0.22,0.773,0.022,0.047,0.011,0.007,0.028,0.006,0,0.05,0.046,0.001,0.001,1948,X46
1411,16,0.281,50500,69000,0.22,0.818,0.026,0.054,0.011,0.007,0.028,0.006,0,0.05,0.046,0.001,0.001,1948,X46
1411,16,0.281,50500,69000,0.22,0.769,0.023,0.048,0.011,0.007,0.028,0.006,0,0.05,0.046,0.001,0.001,1948,X46
1411,16,0.281,50500,69000,0.227,0.788,0.023,0.039,0.008,0.004,0.019,0.006,0,0.053,0.073,0.001,0.001,1948,X46
1411,16,0.281,50500,69000,0.234,0.928,0.053,0.059,0.01,0.007,0.034,0.01,0,0.045,0.085,0.001,0.001,1948,X46
1411,16,0.281,50500,69000,0.283,0.93,0.02,0.045,0.009,0.004,0.028,0.006,0,0.05,0.067,0.001,0.001,1948,X46
197,10.75,0.279,51000,83500,0.29,0.91,0.021,0.015,0.16,0.017,0.023,0.013,0.002,0.023,0.033,0.002,0.002,1953,X46
432,20,0.312,51000,73500,0.259,0.841,0.028,0.015,0.004,0.01,0.032,0.007,0.002,0.047,0.049,0.002,0.003,1950,X46
432,20,0.312,51000,73500,0.246,0.86,0.029,0.015,0.009,0.004,0.038,0.008,0.002,0.023,0.059,0.002,0.003,1950,X46
744,10.75,0.219,51000,69500,0.241,0.823,0.023,0.007,0.037,0.008,0.013,0.005,0.001,0.027,0.098,0.001,0.002,1957,X46
219,12.75,0.25,51500,71500,0.16,0.66,0.018,0.005,0.009,0.001,0.13,0.004,0.001,0.008,0.24,0.002,0.002,1958,X46
219,12.75,0.25,51500,68000,0.16,0.66,0.018,0.005,0.009,0.001,0.13,0.004,0.001,0.008,0.24,0.002,0.002,1958,X46
219,12.75,0.25,51500,71500,0.25,0.83,0.019,0.007,0.005,0.002,0.15,0.005,0.002,0.013,0.26,0.002,0.002,1958,X46
219,12.75,0.25,51500,68000,0.25,0.83,0.019,0.007,0.005,0.002,0.15,0.005,0.002,0.013,0.26,0.002,0.002,1958,X46
219,12.75,0.25,51500,71500,0.26,0.76,0.018,0.005,0.015,0.001,0.15,0.008,0.002,0.015,0.3,0.002,0.002,1958,X46
219,12.75,0.25,51500,68000,0.26,0.76,0.018,0.005,0.015,0.001,0.15,0.008,0.002,0.015,0.3,0.002,0.002,1958,X46
219,12.75,0.25,51500,71500,0.22,0.71,0.015,0.005,0.006,0.001,0.15,0.005,0.002,0.011,0.27,0.002,0.002,1958,X46
219,12.75,0.25,51500,68000,0.22,0.71,0.015,0.005,0.006,0.001,0.15,0.005,0.002,0.011,0.27,0.002,0.002,1958,X46
219,12.75,0.25,51500,71500,0.26,0.69,0.013,0.005,0.005,0,0.14,0.004,0.001,0.008,0.25,0.002,0.001,1958,X46
219,12.75,0.25,51500,68000,0.26,0.69,0.013,0.005,0.005,0,0.14,0.004,0.001,0.008,0.25,0.002,0.001,1958,X46
219,12.75,0.25,51500,71500,0.21,0.64,0.014,0.004,0.008,0.001,0.12,0.004,0.001,0.008,0.24,0.002,0.001,1958,X46
219,12.75,0.25,51500,68000,0.21,0.64,0.014,0.004,0.008,0.001,0.12,0.004,0.001,0.008,0.24,0.002,0.001,1958,X46
219,12.75,0.25,51500,71500,0.23,0.68,0.012,0.005,0.009,0.001,0.136,0.004,0.001,0.008,0.234,0.002,0.002,1958,X46
219,12.75,0.25,51500,68000,0.23,0.68,0.012,0.005,0.009,0.001,0.136,0.004,0.001,0.008,0.234,0.002,0.002,1958,X46
219,12.75,0.25,51500,71500,0.25,0.57,0.015,0.005,0.004,0.001,0.118,0.004,0.001,0.009,0.201,0.002,0.002,1958,X46
219,12.75,0.25,51500,68000,0.25,0.57,0.015,0.005,0.004,0.001,0.118,0.004,0.001,0.009,0.201,0.002,0.002,1958,X46
219,12.75,0.25,51500,71500,0.253,0.784,0.015,0.008,0.007,0.004,0.161,0.007,0.002,0.017,0.282,0.002,0.003,1958,X46
219,12.75,0.25,51500,68000,0.253,0.784,0.015,0.008,0.007,0.004,0.161,0.007,0.002,0.017,0.282,0.002,0.003,1958,X46
219,12.75,0.25,51500,71500,0.29,0.81,0.015,0.005,0.005,0.003,0.174,0.011,0.002,0.032,0.359,0.002,0.002,1958,X46
219,12.75,0.25,51500,68000,0.29,0.81,0.015,0.005,0.005,0.003,0.174,0.011,0.002,0.032,0.359,0.002,0.002,1958,X46
219,12.75,0.25,51500,71500,0.32,0.78,0.016,0.005,0.007,0.001,0.154,0.005,0.002,0.01,0.279,0.002,0.002,1958,X46
219,12.75,0.25,51500,68000,0.32,0.78,0.016,0.005,0.007,0.001,0.154,0.005,0.002,0.01,0.279,0.002,0.002,1958,X46
219,12.75,0.25,51500,71500,0.27,0.83,0.012,0.005,0.004,0.001,0.141,0.006,0.002,0.01,0.208,0.002,0.002,1958,X46
219,12.75,0.25,51500,68000,0.27,0.83,0.012,0.005,0.004,0.001,0.141,0.006,0.002,0.01,0.208,0.002,0.002,1958,X46
219,12.75,0.25,51500,71500,0.22,0.63,0.016,0.005,0.005,0.001,0.147,0.009,0.001,0.028,0.158,0.002,0.002,1958,X46
219,12.75,0.25,51500,68000,0.22,0.63,0.016,0.005,0.005,0.001,0.147,0.009,0.001,0.028,0.158,0.002,0.002,1958,X46
322,10.75,0.203,51500,71000,0.224,0.681,0.016,0.011,0.007,0.037,0.026,0.005,0.001,0.012,0.033,0.002,0.001,1955,X46
328,12.75,0.203,51500,70000,0.19,0.601,0.032,0.017,0.238,0.027,0.042,0.01,0.001,0.053,0.101,0.002,0.003,1965,X46
443,22,0.344,51500,75000,0.292,0.851,0.028,0.059,0.008,0.001,0.015,0.007,0.001,0.033,0.036,0.002,0.002,1949,X46
1185,22,0.312,51500,72000,0.233,0.74,0.019,0.044,0.008,0.002,0.022,0.004,0,0.02,0.043,0.002,0.001,1949,X46
127,8.625,0.156,52000,71000,0.22,1.02,0.013,0.007,0.007,0,0.029,0.015,0,0.063,0.14,0,0,1968,X46
422,10.75,0.203,52000,72000,0.267,1.13,0.02,0.008,0.02,0.016,0.015,0.008,0.003,0.013,0.019,0.002,0.002,1968,X46
445,22,0.312,52000,75000,0.246,0.773,0.013,0.035,0.005,0.001,0.019,0.006,0.002,0.032,0.035,0.002,0.002,1949,X46
453,12.75,0.25,52000,69000,0.252,0.801,0.017,0.008,0.004,0,0.019,0.005,0.001,0.008,0.313,0.002,0.001,1958,X46
453,12.75,0.25,52000,67500,0.252,0.801,0.017,0.008,0.004,0,0.019,0.005,0.001,0.008,0.313,0.002,0.001,1958,X46
453,12.75,0.25,52000,69000,0.219,0.678,0.015,0.005,0.004,0,0.119,0.005,0.001,0.013,0.202,0.002,0.001,1958,X46
453,12.75,0.25,52000,67500,0.219,0.678,0.015,0.005,0.004,0,0.119,0.005,0.001,0.013,0.202,0.002,0.001,1958,X46
453,12.75,0.25,52000,69000,0.178,0.68,0.015,0.006,0.003,0,0.146,0.012,0.001,0.022,0.216,0.002,0.001,1958,X46
453,12.75,0.25,52000,67500,0.178,0.68,0.015,0.006,0.003,0,0.146,0.012,0.001,0.022,0.216,0.002,0.001,1958,X46
453,12.75,0.25,52000,69000,0.241,0.659,0.016,0.005,0.005,0,0.118,0.004,0.001,0.008,0.257,0.002,0.001,1958,X46
453,12.75,0.25,52000,67500,0.241,0.659,0.016,0.005,0.005,0,0.118,0.004,0.001,0.008,0.257,0.002,0.001,1958,X46
1411,16,0.281,52000,69000,0.183,0.866,0.013,0.03,0.007,0.001,0.016,0.01,0,0.035,0.087,0.0001,0.001,1948,X46
1411,16,0.281,52000,69000,0.23,0.866,0.021,0.035,0.011,0.002,0.022,0.005,0,0.027,0.041,0.001,0.001,1948,X46
1411,16,0.281,52000,69000,0.226,0.757,0.028,0.044,0.007,0.007,0.016,0.011,0,0.037,0.095,0.001,0.001,1948,X46
1411,16,0.281,52000,69000,0.22,0.773,0.022,0.047,0.011,0.007,0.028,0.006,0,0.05,0.046,0.001,0.001,1948,X46
1411,16,0.281,52000,69000,0.22,0.818,0.026,0.054,0.011,0.007,0.028,0.006,0,0.05,0.046,0.001,0.001,1948,X46
1411,16,0.281,52000,69000,0.22,0.769,0.023,0.048,0.011,0.007,0.028,0.006,0,0.05,0.046,0.001,0.001,1948,X46
1411,16,0.281,52000,69000,0.227,0.788,0.023,0.039,0.008,0.004,0.019,0.006,0,0.053,0.073,0.001,0.001,1948,X46
1411,16,0.281,52000,69000,0.234,0.928,0.053,0.059,0.01,0.007,0.034,0.01,0,0.045,0.085,0.001,0.001,1948,X46
1411,16,0.281,52000,69000,0.283,0.93,0.02,0.045,0.009,0.004,0.028,0.006,0,0.05,0.067,0.001,0.001,1948,X46
1530,8.625,0.188,52000,69500,0.2,0.67,0.01,0.005,0.01,0.014,0.008,0.003,0,0.013,0.075,0.001,0.001,1970,X46
444,22,0.344,52500,76500,0.234,0.699,0.029,0.053,0.01,0.067,0.014,0.007,0.001,0.056,0.097,0.002,0.002,1949,X46
743,10.75,0.219,52500,75000,0.266,0.879,0.029,0.007,0.036,0.005,0.015,0.004,0.001,0.03,0.132,0.001,0.003,1957,X46
745,10.75,0.219,52500,65500,0.165,0.799,0.028,0.01,0.007,0.001,0.032,0.005,0.001,0.042,0.148,0.001,0.003,1957,X46
1411,16,0.281,52500,75000,0.183,0.866,0.013,0.03,0.007,0.001,0.016,0.01,0,0.035,0.087,0.0001,0.001,1948,X46
1411,16,0.281,52500,75000,0.23,0.866,0.021,0.035,0.011,0.002,0.022,0.005,0,0.027,0.041,0.001,0.001,1948,X46
1411,16,0.281,52500,75000,0.226,0.757,0.028,0.044,0.007,0.007,0.016,0.011,0,0.037,0.095,0.001,0.001,1948,X46
1411,16,0.281,52500,75000,0.22,0.773,0.022,0.047,0.011,0.007,0.028,0.006,0,0.05,0.046,0.001,0.001,1948,X46
1411,16,0.281,52500,75000,0.22,0.818,0.026,0.054,0.011,0.007,0.028,0.006,0,0.05,0.046,0.001,0.001,1948,X46
1411,16,0.281,52500,75000,0.22,0.769,0.023,0.048,0.011,0.007,0.028,0.006,0,0.05,0.046,0.001,0.001,1948,X46
1411,16,0.281,52500,75000,0.227,0.788,0.023,0.039,0.008,0.004,0.019,0.006,0,0.053,0.073,0.001,0.001,1948,X46
1411,16,0.281,52500,75000,0.234,0.928,0.053,0.059,0.01,0.007,0.034,0.01,0,0.045,0.085,0.001,0.001,1948,X46
1411,16,0.281,52500,75000,0.283,0.93,0.02,0.045,0.009,0.004,0.028,0.006,0,0.05,0.067,0.001,0.001,1948,X46
275,22,0.344,53000,79500,0.29,0.951,0.016,0.05,0.007,0.001,0.036,0.012,0.002,0.084,0.058,0.002,0.002,1949,X46
1100,6.625,0.188,53000,71000,0.248,0.804,0.025,0.008,0.038,0.018,0.024,0.004,0,0.01,0.021,0.001,0.001,1982,X46
1295,12.75,0.25,53000,71000,0.238,0.748,0.021,0.005,0.01,0.001,0.113,0.004,0,0.012,0.22,0.001,0.001,1958,X46
1295,12.75,0.25,53000,71000,0.26,0.709,0.014,0.005,0.008,0.001,0.153,0.003,0,0.011,0.266,0.001,0.001,1958,X46
1295,12.75,0.25,53000,71000,0.197,0.712,0.009,0.005,0.006,0.001,0.144,0.002,0,0.009,0.284,0.001,0.001,1958,X46
1411,16,0.281,53000,75500,0.183,0.866,0.013,0.03,0.007,0.001,0.016,0.01,0,0.035,0.087,0.0001,0.001,1948,X46
1411,16,0.281,53000,75500,0.23,0.866,0.021,0.035,0.011,0.002,0.022,0.005,0,0.027,0.041,0.001,0.001,1948,X46
1411,16,0.281,53000,75500,0.226,0.757,0.028,0.044,0.007,0.007,0.016,0.011,0,0.037,0.095,0.001,0.001,1948,X46
1411,16,0.281,53000,75500,0.22,0.773,0.022,0.047,0.011,0.007,0.028,0.006,0,0.05,0.046,0.001,0.001,1948,X46
1411,16,0.281,53000,75500,0.22,0.818,0.026,0.054,0.011,0.007,0.028,0.006,0,0.05,0.046,0.001,0.001,1948,X46
1411,16,0.281,53000,75500,0.22,0.769,0.023,0.048,0.011,0.007,0.028,0.006,0,0.05,0.046,0.001,0.001,1948,X46
1411,16,0.281,53000,75500,0.227,0.788,0.023,0.039,0.008,0.004,0.019,0.006,0,0.053,0.073,0.001,0.001,1948,X46
1411,16,0.281,53000,75500,0.234,0.928,0.053,0.059,0.01,0.007,0.034,0.01,0,0.045,0.085,0.001,0.001,1948,X46
1411,16,0.281,53000,75500,0.283,0.93,0.02,0.045,0.009,0.004,0.028,0.006,0,0.05,0.067,0.001,0.001,1948,X46
1295,12.75,0.25,53000,71000,0.231,0.732,0.021,0.005,0.008,0.001,0.112,0.004,0,0.012,0.223,0.001,0.001,1958,X46
1295,12.75,0.25,53000,71000,0.173,0.652,0.019,0.004,0.006,0.001,0.135,0.002,0,0.009,0.195,0.001,0.001,1958,X46
1295,12.75,0.25,53000,71000,0.234,0.68,0.021,0.006,0.008,0.001,0.139,0.003,0,0.012,0.256,0.001,0.001,1958,X46
135,8.625,0.156,53500,80000,0.24,1.14,0.019,0.015,0.26,0.043,0.055,0.007,0.003,0.063,0.13,0.004,0.003,1968,X46
219,12.75,0.25,53500,73000,0.16,0.66,0.018,0.005,0.009,0.001,0.13,0.004,0.001,0.008,0.24,0.002,0.002,1958,X46
219,12.75,0.25,53500,71000,0.16,0.66,0.018,0.005,0.009,0.001,0.13,0.004,0.001,0.008,0.24,0.002,0.002,1958,X46
219,12.75,0.25,53500,73000,0.25,0.83,0.019,0.007,0.005,0.002,0.15,0.005,0.002,0.013,0.26,0.002,0.002,1958,X46
219,12.75,0.25,53500,71000,0.25,0.83,0.019,0.007,0.005,0.002,0.15,0.005,0.002,0.013,0.26,0.002,0.002,1958,X46
219,12.75,0.25,53500,73000,0.26,0.76,0.018,0.005,0.015,0.001,0.15,0.008,0.002,0.015,0.3,0.002,0.002,1958,X46
219,12.75,0.25,53500,71000,0.26,0.76,0.018,0.005,0.015,0.001,0.15,0.008,0.002,0.015,0.3,0.002,0.002,1958,X46
219,12.75,0.25,53500,73000,0.22,0.71,0.015,0.005,0.006,0.001,0.15,0.005,0.002,0.011,0.27,0.002,0.002,1958,X46
219,12.75,0.25,53500,71000,0.22,0.71,0.015,0.005,0.006,0.001,0.15,0.005,0.002,0.011,0.27,0.002,0.002,1958,X46
219,12.75,0.25,53500,73000,0.26,0.69,0.013,0.005,0.005,0,0.14,0.004,0.001,0.008,0.25,0.002,0.001,1958,X46
219,12.75,0.25,53500,71000,0.26,0.69,0.013,0.005,0.005,0,0.14,0.004,0.001,0.008,0.25,0.002,0.001,1958,X46
219,12.75,0.25,53500,73000,0.21,0.64,0.014,0.004,0.008,0.001,0.12,0.004,0.001,0.008,0.24,0.002,0.001,1958,X46
219,12.75,0.25,53500,71000,0.21,0.64,0.014,0.004,0.008,0.001,0.12,0.004,0.001,0.008,0.24,0.002,0.001,1958,X46
219,12.75,0.25,53500,73000,0.23,0.68,0.012,0.005,0.009,0.001,0.136,0.004,0.001,0.008,0.234,0.002,0.002,1958,X46
219,12.75,0.25,53500,71000,0.23,0.68,0.012,0.005,0.009,0.001,0.136,0.004,0.001,0.008,0.234,0.002,0.002,1958,X46
219,12.75,0.25,53500,73000,0.25,0.57,0.015,0.005,0.004,0.001,0.118,0.004,0.001,0.009,0.201,0.002,0.002,1958,X46
219,12.75,0.25,53500,71000,0.25,0.57,0.015,0.005,0.004,0.001,0.118,0.004,0.001,0.009,0.201,0.002,0.002,1958,X46
219,12.75,0.25,53500,73000,0.253,0.784,0.015,0.008,0.007,0.004,0.161,0.007,0.002,0.017,0.282,0.002,0.003,1958,X46
219,12.75,0.25,53500,71000,0.253,0.784,0.015,0.008,0.007,0.004,0.161,0.007,0.002,0.017,0.282,0.002,0.003,1958,X46
219,12.75,0.25,53500,73000,0.29,0.81,0.015,0.005,0.005,0.003,0.174,0.011,0.002,0.032,0.359,0.002,0.002,1958,X46
219,12.75,0.25,53500,71000,0.29,0.81,0.015,0.005,0.005,0.003,0.174,0.011,0.002,0.032,0.359,0.002,0.002,1958,X46
219,12.75,0.25,53500,73000,0.32,0.78,0.016,0.005,0.007,0.001,0.154,0.005,0.002,0.01,0.279,0.002,0.002,1958,X46
219,12.75,0.25,53500,71000,0.32,0.78,0.016,0.005,0.007,0.001,0.154,0.005,0.002,0.01,0.279,0.002,0.002,1958,X46
219,12.75,0.25,53500,73000,0.27,0.83,0.012,0.005,0.004,0.001,0.141,0.006,0.002,0.01,0.208,0.002,0.002,1958,X46
219,12.75,0.25,53500,71000,0.27,0.83,0.012,0.005,0.004,0.001,0.141,0.006,0.002,0.01,0.208,0.002,0.002,1958,X46
219,12.75,0.25,53500,73000,0.22,0.63,0.016,0.005,0.005,0.001,0.147,0.009,0.001,0.028,0.158,0.002,0.002,1958,X46
219,12.75,0.25,53500,71000,0.22,0.63,0.016,0.005,0.005,0.001,0.147,0.009,0.001,0.028,0.158,0.002,0.002,1958,X46
247,8.625,0.219,53500,71000,0.24,0.89,0.019,0.006,0.013,0.004,0.032,0.011,0.002,0.03,0.041,0,0,1963,X46
435,12.75,0.25,53500,71500,0.215,0.656,0.027,0.006,0.006,0,0.124,0.005,0.001,0.008,0.24,0.002,0.001,1958,X46
435,12.75,0.25,53500,71500,0.293,0.905,0.028,0.008,0.004,0.002,0.15,0.007,0.002,0.014,0.317,0.002,0.001,1958,X46
435,12.75,0.25,53500,71500,0.185,0.645,0.016,0.004,0.004,0,0.135,0.004,0.001,0.007,0.209,0.002,0.001,1958,X46
435,12.75,0.25,53500,71500,0.228,0.605,0.023,0.006,0.004,0,0.121,0.004,0.001,0.01,0.235,0.002,0.001,1958,X46
435,12.75,0.25,53500,71500,0.28,0.872,0.017,0.006,0.005,0.001,0.0177,0.007,0.002,0.014,0.29,0.002,0.001,1958,X46
203,10.75,0.279,54000,75500,0.26,0.88,0.023,0.007,0.005,0.02,0.026,0.012,0.002,0.018,0.035,0.002,0.002,1958,X46
206,12.75,0.25,54000,74500,0.19,0.75,0.011,0.008,0.006,0.001,0.16,0.007,0.002,0.008,0.27,0.002,0.002,1959,X46
219,12.75,0.25,54000,72000,0.16,0.66,0.018,0.005,0.009,0.001,0.13,0.004,0.001,0.008,0.24,0.002,0.002,1958,X46
219,12.75,0.25,54000,72000,0.25,0.83,0.019,0.007,0.005,0.002,0.15,0.005,0.002,0.013,0.26,0.002,0.002,1958,X46
219,12.75,0.25,54000,72000,0.26,0.76,0.018,0.005,0.015,0.001,0.15,0.008,0.002,0.015,0.3,0.002,0.002,1958,X46
219,12.75,0.25,54000,72000,0.22,0.71,0.015,0.005,0.006,0.001,0.15,0.005,0.002,0.011,0.27,0.002,0.002,1958,X46
219,12.75,0.25,54000,72000,0.26,0.69,0.013,0.005,0.005,0,0.14,0.004,0.001,0.008,0.25,0.002,0.001,1958,X46
219,12.75,0.25,54000,72000,0.21,0.64,0.014,0.004,0.008,0.001,0.12,0.004,0.001,0.008,0.24,0.002,0.001,1958,X46
219,12.75,0.25,54000,72000,0.23,0.68,0.012,0.005,0.009,0.001,0.136,0.004,0.001,0.008,0.234,0.002,0.002,1958,X46
219,12.75,0.25,54000,72000,0.25,0.57,0.015,0.005,0.004,0.001,0.118,0.004,0.001,0.009,0.201,0.002,0.002,1958,X46
219,12.75,0.25,54000,72000,0.253,0.784,0.015,0.008,0.007,0.004,0.161,0.007,0.002,0.017,0.282,0.002,0.003,1958,X46
219,12.75,0.25,54000,72000,0.29,0.81,0.015,0.005,0.005,0.003,0.174,0.011,0.002,0.032,0.359,0.002,0.002,1958,X46
219,12.75,0.25,54000,72000,0.32,0.78,0.016,0.005,0.007,0.001,0.154,0.005,0.002,0.01,0.279,0.002,0.002,1958,X46
219,12.75,0.25,54000,72000,0.27,0.83,0.012,0.005,0.004,0.001,0.141,0.006,0.002,0.01,0.208,0.002,0.002,1958,X46
219,12.75,0.25,54000,72000,0.22,0.63,0.016,0.005,0.005,0.001,0.147,0.009,0.001,0.028,0.158,0.002,0.002,1958,X46
344,10.75,0.25,54000,69000,0.219,0.769,0.027,0.011,0.088,0.001,0.015,0.007,0.001,0.021,0.046,0.002,0.001,1954,X46
669,6.625,0.188,54000,74000,0.197,0.434,0.033,0.041,0.238,0.012,0.063,0.006,0.001,0.058,0.192,0.002,0.001,1957,X46
823,12.75,0.25,54000,70500,0.205,0.641,0.019,0.005,0.006,0.002,0.136,0.002,0,0.013,0.246,0.001,0.001,1958,X46
1295,12.75,0.25,54000,69500,0.238,0.748,0.021,0.005,0.01,0.001,0.113,0.004,0,0.012,0.22,0.001,0.001,1958,X46
1295,12.75,0.25,54000,71000,0.238,0.748,0.021,0.005,0.01,0.001,0.113,0.004,0,0.012,0.22,0.001,0.001,1958,X46
1295,12.75,0.25,54000,71000,0.238,0.748,0.021,0.005,0.01,0.001,0.113,0.004,0,0.012,0.22,0.001,0.001,1958,X46
1295,12.75,0.25,54000,69500,0.26,0.709,0.014,0.005,0.008,0.001,0.153,0.003,0,0.011,0.266,0.001,0.001,1958,X46
1295,12.75,0.25,54000,71000,0.26,0.709,0.014,0.005,0.008,0.001,0.153,0.003,0,0.011,0.266,0.001,0.001,1958,X46
1295,12.75,0.25,54000,71000,0.26,0.709,0.014,0.005,0.008,0.001,0.153,0.003,0,0.011,0.266,0.001,0.001,1958,X46
1295,12.75,0.25,54000,69500,0.197,0.712,0.009,0.005,0.006,0.001,0.144,0.002,0,0.009,0.284,0.001,0.001,1958,X46
1295,12.75,0.25,54000,71000,0.197,0.712,0.009,0.005,0.006,0.001,0.144,0.002,0,0.009,0.284,0.001,0.001,1958,X46
1295,12.75,0.25,54000,71000,0.197,0.712,0.009,0.005,0.006,0.001,0.144,0.002,0,0.009,0.284,0.001,0.001,1958,X46
1295,12.75,0.25,54000,69500,0.231,0.732,0.021,0.005,0.008,0.001,0.112,0.004,0,0.012,0.223,0.001,0.001,1958,X46
1295,12.75,0.25,54000,71000,0.231,0.732,0.021,0.005,0.008,0.001,0.112,0.004,0,0.012,0.223,0.001,0.001,1958,X46
1295,12.75,0.25,54000,71000,0.231,0.732,0.021,0.005,0.008,0.001,0.112,0.004,0,0.012,0.223,0.001,0.001,1958,X46
1295,12.75,0.25,54000,69500,0.173,0.652,0.019,0.004,0.006,0.001,0.135,0.002,0,0.009,0.195,0.001,0.001,1958,X46
1295,12.75,0.25,54000,71000,0.173,0.652,0.019,0.004,0.006,0.001,0.135,0.002,0,0.009,0.195,0.001,0.001,1958,X46
1295,12.75,0.25,54000,71000,0.173,0.652,0.019,0.004,0.006,0.001,0.135,0.002,0,0.009,0.195,0.001,0.001,1958,X46
1295,12.75,0.25,54000,69500,0.234,0.68,0.021,0.006,0.008,0.001,0.139,0.003,0,0.012,0.256,0.001,0.001,1958,X46
1295,12.75,0.25,54000,71000,0.234,0.68,0.021,0.006,0.008,0.001,0.139,0.003,0,0.012,0.256,0.001,0.001,1958,X46
1295,12.75,0.25,54000,71000,0.234,0.68,0.021,0.006,0.008,0.001,0.139,0.003,0,0.012,0.256,0.001,0.001,1958,X46
1433,8.625,0.188,54000,72000,0.171,1.28,0.011,0.008,0.011,0.001,0.007,0.005,0,0.011,0.037,0.001,0.001,1979,X46
200,10.75,0.307,54500,79500,0.15,0.68,0.016,0.016,0.004,0.001,0.042,0.008,0.001,0.017,0.021,0.002,0.001,1953,X46
219,12.75,0.25,54500,70000,0.16,0.66,0.018,0.005,0.009,0.001,0.13,0.004,0.001,0.008,0.24,0.002,0.002,1958,X46
219,12.75,0.25,54500,70000,0.25,0.83,0.019,0.007,0.005,0.002,0.15,0.005,0.002,0.013,0.26,0.002,0.002,1958,X46
219,12.75,0.25,54500,70000,0.26,0.76,0.018,0.005,0.015,0.001,0.15,0.008,0.002,0.015,0.3,0.002,0.002,1958,X46
219,12.75,0.25,54500,70000,0.22,0.71,0.015,0.005,0.006,0.001,0.15,0.005,0.002,0.011,0.27,0.002,0.002,1958,X46
219,12.75,0.25,54500,70000,0.26,0.69,0.013,0.005,0.005,0,0.14,0.004,0.001,0.008,0.25,0.002,0.001,1958,X46
219,12.75,0.25,54500,70000,0.21,0.64,0.014,0.004,0.008,0.001,0.12,0.004,0.001,0.008,0.24,0.002,0.001,1958,X46
219,12.75,0.25,54500,70000,0.23,0.68,0.012,0.005,0.009,0.001,0.136,0.004,0.001,0.008,0.234,0.002,0.002,1958,X46
219,12.75,0.25,54500,70000,0.25,0.57,0.015,0.005,0.004,0.001,0.118,0.004,0.001,0.009,0.201,0.002,0.002,1958,X46
219,12.75,0.25,54500,70000,0.253,0.784,0.015,0.008,0.007,0.004,0.161,0.007,0.002,0.017,0.282,0.002,0.003,1958,X46
219,12.75,0.25,54500,70000,0.29,0.81,0.015,0.005,0.005,0.003,0.174,0.011,0.002,0.032,0.359,0.002,0.002,1958,X46
219,12.75,0.25,54500,70000,0.32,0.78,0.016,0.005,0.007,0.001,0.154,0.005,0.002,0.01,0.279,0.002,0.002,1958,X46
219,12.75,0.25,54500,70000,0.27,0.83,0.012,0.005,0.004,0.001,0.141,0.006,0.002,0.01,0.208,0.002,0.002,1958,X46
219,12.75,0.25,54500,70000,0.22,0.63,0.016,0.005,0.005,0.001,0.147,0.009,0.001,0.028,0.158,0.002,0.002,1958,X46
799,12.75,0.25,54500,69500,0.249,0.71,0.01,0.004,0.007,0.001,0.152,0.001,0.001,0.017,0.257,0.001,0.002,1958,X46
800,12.75,0.25,54500,68500,0.241,0.736,0.014,0.005,0.008,0.001,0.136,0,0.001,0.011,0.268,0,0.001,1958,X46
1157,12.75,0.203,54500,79500,0.221,0.857,0.013,0.014,0.028,0.004,0.014,0.005,0,0.017,0.06,0.001,0.001,1966,X46
1460,10.75,0.203,54500,74600,0.247,0.76,0.014,0.012,0.008,0.018,0.026,0.005,0,0.01,0.015,0.001,0.001,1955,X46
435,12.75,0.25,55000,80500,0.215,0.656,0.027,0.006,0.006,0,0.124,0.005,0.001,0.008,0.24,0.002,0.001,1958,X46
435,12.75,0.25,55000,80500,0.293,0.905,0.028,0.008,0.004,0.002,0.15,0.007,0.002,0.014,0.317,0.002,0.001,1958,X46
435,12.75,0.25,55000,80500,0.185,0.645,0.016,0.004,0.004,0,0.135,0.004,0.001,0.007,0.209,0.002,0.001,1958,X46
435,12.75,0.25,55000,80500,0.228,0.605,0.023,0.006,0.004,0,0.121,0.004,0.001,0.01,0.235,0.002,0.001,1958,X46
435,12.75,0.25,55000,80500,0.28,0.872,0.017,0.006,0.005,0.001,0.0177,0.007,0.002,0.014,0.29,0.002,0.001,1958,X46
442,22,0.344,55000,80500,0.268,0.816,0.031,0.051,0.008,0.011,0.015,0.006,0.002,0.033,0.031,0.002,0.002,1949,X46
1411,16,0.281,55000,75500,0.183,0.866,0.013,0.03,0.007,0.001,0.016,0.01,0,0.035,0.087,0.0001,0.001,1948,X46
1411,16,0.281,55000,75500,0.23,0.866,0.021,0.035,0.011,0.002,0.022,0.005,0,0.027,0.041,0.001,0.001,1948,X46
1411,16,0.281,55000,75500,0.226,0.757,0.028,0.044,0.007,0.007,0.016,0.011,0,0.037,0.095,0.001,0.001,1948,X46
1411,16,0.281,55000,75500,0.22,0.773,0.022,0.047,0.011,0.007,0.028,0.006,0,0.05,0.046,0.001,0.001,1948,X46
1411,16,0.281,55000,75500,0.22,0.818,0.026,0.054,0.011,0.007,0.028,0.006,0,0.05,0.046,0.001,0.001,1948,X46
1411,16,0.281,55000,75500,0.22,0.769,0.023,0.048,0.011,0.007,0.028,0.006,0,0.05,0.046,0.001,0.001,1948,X46
1411,16,0.281,55000,75500,0.227,0.788,0.023,0.039,0.008,0.004,0.019,0.006,0,0.053,0.073,0.001,0.001,1948,X46
1411,16,0.281,55000,75500,0.234,0.928,0.053,0.059,0.01,0.007,0.034,0.01,0,0.045,0.085,0.001,0.001,1948,X46
1411,16,0.281,55000,75500,0.283,0.93,0.02,0.045,0.009,0.004,0.028,0.006,0,0.05,0.067,0.001,0.001,1948,X46
416,10.75,0.25,55500,77500,0.216,0.933,0.016,0.014,0.035,0.012,0.008,0.007,0.002,0.006,0.013,0.002,0.002,1954,X46
446,22,0.312,55500,80000,0.262,0.857,0.032,0.052,0.007,0.025,0.017,0.007,0.002,0.027,0.051,0.002,0.003,1949,X46
955,12.75,0.25,55500,74500,0.219,0.677,0.021,0.005,0.006,0.001,0.148,0.001,0,0.009,0.231,0.001,0.001,1958,X46
1295,12.75,0.25,55500,71000,0.238,0.748,0.021,0.005,0.01,0.001,0.113,0.004,0,0.012,0.22,0.001,0.001,1958,X46
1295,12.75,0.25,55500,71000,0.26,0.709,0.014,0.005,0.008,0.001,0.153,0.003,0,0.011,0.266,0.001,0.001,1958,X46
1295,12.75,0.25,55500,71000,0.197,0.712,0.009,0.005,0.006,0.001,0.144,0.002,0,0.009,0.284,0.001,0.001,1958,X46
1295,12.75,0.25,55500,71000,0.231,0.732,0.021,0.005,0.008,0.001,0.112,0.004,0,0.012,0.223,0.001,0.001,1958,X46
1295,12.75,0.25,55500,71000,0.173,0.652,0.019,0.004,0.006,0.001,0.135,0.002,0,0.009,0.195,0.001,0.001,1958,X46
1295,12.75,0.25,55500,71000,0.234,0.68,0.021,0.006,0.008,0.001,0.139,0.003,0,0.012,0.256,0.001,0.001,1958,X46
1477,6.625,0.156,55800,73200,0.238,0.95,0.026,0.009,0.011,0.001,0.037,0.014,0,0.054,0.115,0.001,0.001,1967,X46
219,12.75,0.25,56000,73500,0.16,0.66,0.018,0.005,0.009,0.001,0.13,0.004,0.001,0.008,0.24,0.002,0.002,1958,X46
219,12.75,0.25,56000,73500,0.25,0.83,0.019,0.007,0.005,0.002,0.15,0.005,0.002,0.013,0.26,0.002,0.002,1958,X46
219,12.75,0.25,56000,73500,0.26,0.76,0.018,0.005,0.015,0.001,0.15,0.008,0.002,0.015,0.3,0.002,0.002,1958,X46
219,12.75,0.25,56000,73500,0.22,0.71,0.015,0.005,0.006,0.001,0.15,0.005,0.002,0.011,0.27,0.002,0.002,1958,X46
219,12.75,0.25,56000,73500,0.26,0.69,0.013,0.005,0.005,0,0.14,0.004,0.001,0.008,0.25,0.002,0.001,1958,X46
219,12.75,0.25,56000,73500,0.21,0.64,0.014,0.004,0.008,0.001,0.12,0.004,0.001,0.008,0.24,0.002,0.001,1958,X46
219,12.75,0.25,56000,73500,0.23,0.68,0.012,0.005,0.009,0.001,0.136,0.004,0.001,0.008,0.234,0.002,0.002,1958,X46
219,12.75,0.25,56000,73500,0.25,0.57,0.015,0.005,0.004,0.001,0.118,0.004,0.001,0.009,0.201,0.002,0.002,1958,X46
219,12.75,0.25,56000,73500,0.253,0.784,0.015,0.008,0.007,0.004,0.161,0.007,0.002,0.017,0.282,0.002,0.003,1958,X46
219,12.75,0.25,56000,73500,0.29,0.81,0.015,0.005,0.005,0.003,0.174,0.011,0.002,0.032,0.359,0.002,0.002,1958,X46
219,12.75,0.25,56000,73500,0.32,0.78,0.016,0.005,0.007,0.001,0.154,0.005,0.002,0.01,0.279,0.002,0.002,1958,X46
219,12.75,0.25,56000,73500,0.27,0.83,0.012,0.005,0.004,0.001,0.141,0.006,0.002,0.01,0.208,0.002,0.002,1958,X46
219,12.75,0.25,56000,73500,0.22,0.63,0.016,0.005,0.005,0.001,0.147,0.009,0.001,0.028,0.158,0.002,0.002,1958,X46
247,8.625,0.219,56000,70500,0.24,0.89,0.019,0.006,0.013,0.004,0.032,0.011,0.002,0.03,0.041,0,0,1963,X46
821,12.75,0.25,56000,76500,0.268,0.773,0.017,0.007,0.006,0.001,0.0186,0.002,0.001,0.01,0.271,0.001,0.001,1958,X46
1411,16,0.281,56000,81500,0.183,0.866,0.013,0.03,0.007,0.001,0.016,0.01,0,0.035,0.087,0.0001,0.001,1948,X46
1411,16,0.281,56000,76000,0.183,0.866,0.013,0.03,0.007,0.001,0.016,0.01,0,0.035,0.087,0.0001,0.001,1948,X46
1411,16,0.281,56000,77500,0.183,0.866,0.013,0.03,0.007,0.001,0.016,0.01,0,0.035,0.087,0.0001,0.001,1948,X46
1411,16,0.281,56000,81500,0.23,0.866,0.021,0.035,0.011,0.002,0.022,0.005,0,0.027,0.041,0.001,0.001,1948,X46
1411,16,0.281,56000,76000,0.23,0.866,0.021,0.035,0.011,0.002,0.022,0.005,0,0.027,0.041,0.001,0.001,1948,X46
1411,16,0.281,56000,77500,0.23,0.866,0.021,0.035,0.011,0.002,0.022,0.005,0,0.027,0.041,0.001,0.001,1948,X46
1411,16,0.281,56000,81500,0.226,0.757,0.028,0.044,0.007,0.007,0.016,0.011,0,0.037,0.095,0.001,0.001,1948,X46
1411,16,0.281,56000,76000,0.226,0.757,0.028,0.044,0.007,0.007,0.016,0.011,0,0.037,0.095,0.001,0.001,1948,X46
1411,16,0.281,56000,77500,0.226,0.757,0.028,0.044,0.007,0.007,0.016,0.011,0,0.037,0.095,0.001,0.001,1948,X46
1411,16,0.281,56000,81500,0.22,0.773,0.022,0.047,0.011,0.007,0.028,0.006,0,0.05,0.046,0.001,0.001,1948,X46
1411,16,0.281,56000,76000,0.22,0.773,0.022,0.047,0.011,0.007,0.028,0.006,0,0.05,0.046,0.001,0.001,1948,X46
1411,16,0.281,56000,77500,0.22,0.773,0.022,0.047,0.011,0.007,0.028,0.006,0,0.05,0.046,0.001,0.001,1948,X46
1411,16,0.281,56000,81500,0.22,0.818,0.026,0.054,0.011,0.007,0.028,0.006,0,0.05,0.046,0.001,0.001,1948,X46
1411,16,0.281,56000,76000,0.22,0.818,0.026,0.054,0.011,0.007,0.028,0.006,0,0.05,0.046,0.001,0.001,1948,X46
1411,16,0.281,56000,77500,0.22,0.818,0.026,0.054,0.011,0.007,0.028,0.006,0,0.05,0.046,0.001,0.001,1948,X46
1411,16,0.281,56000,81500,0.22,0.769,0.023,0.048,0.011,0.007,0.028,0.006,0,0.05,0.046,0.001,0.001,1948,X46
1411,16,0.281,56000,76000,0.22,0.769,0.023,0.048,0.011,0.007,0.028,0.006,0,0.05,0.046,0.001,0.001,1948,X46
1411,16,0.281,56000,77500,0.22,0.769,0.023,0.048,0.011,0.007,0.028,0.006,0,0.05,0.046,0.001,0.001,1948,X46
1411,16,0.281,56000,81500,0.227,0.788,0.023,0.039,0.008,0.004,0.019,0.006,0,0.053,0.073,0.001,0.001,1948,X46
1411,16,0.281,56000,76000,0.227,0.788,0.023,0.039,0.008,0.004,0.019,0.006,0,0.053,0.073,0.001,0.001,1948,X46
1411,16,0.281,56000,77500,0.227,0.788,0.023,0.039,0.008,0.004,0.019,0.006,0,0.053,0.073,0.001,0.001,1948,X46
1411,16,0.281,56000,81500,0.234,0.928,0.053,0.059,0.01,0.007,0.034,0.01,0,0.045,0.085,0.001,0.001,1948,X46
1411,16,0.281,56000,76000,0.234,0.928,0.053,0.059,0.01,0.007,0.034,0.01,0,0.045,0.085,0.001,0.001,1948,X46
1411,16,0.281,56000,77500,0.234,0.928,0.053,0.059,0.01,0.007,0.034,0.01,0,0.045,0.085,0.001,0.001,1948,X46
1411,16,0.281,56000,81500,0.283,0.93,0.02,0.045,0.009,0.004,0.028,0.006,0,0.05,0.067,0.001,0.001,1948,X46
1411,16,0.281,56000,76000,0.283,0.93,0.02,0.045,0.009,0.004,0.028,0.006,0,0.05,0.067,0.001,0.001,1948,X46
1411,16,0.281,56000,77500,0.283,0.93,0.02,0.045,0.009,0.004,0.028,0.006,0,0.05,0.067,0.001,0.001,1948,X46
1366,16,0.312,56000,76000,0.237,0.802,0.022,0.028,0.015,0.008,0.031,0.008,0,0.052,0.171,0.002,0.001,1965,X46
566,12.75,0.25,56500,74500,0.216,0.559,0.016,0.004,0.004,0.002,0.138,0.01,0.002,0.024,0.214,0.002,0.004,1958,X46
1411,16,0.281,56500,78500,0.183,0.866,0.013,0.03,0.007,0.001,0.016,0.01,0,0.035,0.087,0.0001,0.001,1948,X46
1411,16,0.281,56500,78500,0.23,0.866,0.021,0.035,0.011,0.002,0.022,0.005,0,0.027,0.041,0.001,0.001,1948,X46
1411,16,0.281,56500,78500,0.226,0.757,0.028,0.044,0.007,0.007,0.016,0.011,0,0.037,0.095,0.001,0.001,1948,X46
1411,16,0.281,56500,78500,0.22,0.773,0.022,0.047,0.011,0.007,0.028,0.006,0,0.05,0.046,0.001,0.001,1948,X46
1411,16,0.281,56500,78500,0.22,0.818,0.026,0.054,0.011,0.007,0.028,0.006,0,0.05,0.046,0.001,0.001,1948,X46
1411,16,0.281,56500,78500,0.22,0.769,0.023,0.048,0.011,0.007,0.028,0.006,0,0.05,0.046,0.001,0.001,1948,X46
1411,16,0.281,56500,78500,0.227,0.788,0.023,0.039,0.008,0.004,0.019,0.006,0,0.053,0.073,0.001,0.001,1948,X46
1411,16,0.281,56500,78500,0.234,0.928,0.053,0.059,0.01,0.007,0.034,0.01,0,0.045,0.085,0.001,0.001,1948,X46
1411,16,0.281,56500,78500,0.283,0.93,0.02,0.045,0.009,0.004,0.028,0.006,0,0.05,0.067,0.001,0.001,1948,X46
1498,8.625,0.156,56900,73200,0.222,0.941,0.01,0.011,0.01,0.001,0.03,0.011,0,0.052,0.081,0.001,0.001,1968,X46
219,12.75,0.25,57000,72500,0.16,0.66,0.018,0.005,0.009,0.001,0.13,0.004,0.001,0.008,0.24,0.002,0.002,1958,X46
219,12.75,0.25,57000,72500,0.25,0.83,0.019,0.007,0.005,0.002,0.15,0.005,0.002,0.013,0.26,0.002,0.002,1958,X46
219,12.75,0.25,57000,72500,0.26,0.76,0.018,0.005,0.015,0.001,0.15,0.008,0.002,0.015,0.3,0.002,0.002,1958,X46
219,12.75,0.25,57000,72500,0.22,0.71,0.015,0.005,0.006,0.001,0.15,0.005,0.002,0.011,0.27,0.002,0.002,1958,X46
219,12.75,0.25,57000,72500,0.26,0.69,0.013,0.005,0.005,0,0.14,0.004,0.001,0.008,0.25,0.002,0.001,1958,X46
219,12.75,0.25,57000,72500,0.21,0.64,0.014,0.004,0.008,0.001,0.12,0.004,0.001,0.008,0.24,0.002,0.001,1958,X46
219,12.75,0.25,57000,72500,0.23,0.68,0.012,0.005,0.009,0.001,0.136,0.004,0.001,0.008,0.234,0.002,0.002,1958,X46
219,12.75,0.25,57000,72500,0.25,0.57,0.015,0.005,0.004,0.001,0.118,0.004,0.001,0.009,0.201,0.002,0.002,1958,X46
219,12.75,0.25,57000,72500,0.253,0.784,0.015,0.008,0.007,0.004,0.161,0.007,0.002,0.017,0.282,0.002,0.003,1958,X46
219,12.75,0.25,57000,72500,0.29,0.81,0.015,0.005,0.005,0.003,0.174,0.011,0.002,0.032,0.359,0.002,0.002,1958,X46
219,12.75,0.25,57000,72500,0.32,0.78,0.016,0.005,0.007,0.001,0.154,0.005,0.002,0.01,0.279,0.002,0.002,1958,X46
219,12.75,0.25,57000,72500,0.27,0.83,0.012,0.005,0.004,0.001,0.141,0.006,0.002,0.01,0.208,0.002,0.002,1958,X46
219,12.75,0.25,57000,72500,0.22,0.63,0.016,0.005,0.005,0.001,0.147,0.009,0.001,0.028,0.158,0.002,0.002,1958,X46
435,12.75,0.25,57000,76500,0.215,0.656,0.027,0.006,0.006,0,0.124,0.005,0.001,0.008,0.24,0.002,0.001,1958,X46
435,12.75,0.25,57000,76500,0.293,0.905,0.028,0.008,0.004,0.002,0.15,0.007,0.002,0.014,0.317,0.002,0.001,1958,X46
435,12.75,0.25,57000,76500,0.185,0.645,0.016,0.004,0.004,0,0.135,0.004,0.001,0.007,0.209,0.002,0.001,1958,X46
435,12.75,0.25,57000,76500,0.228,0.605,0.023,0.006,0.004,0,0.121,0.004,0.001,0.01,0.235,0.002,0.001,1958,X46
435,12.75,0.25,57000,76500,0.28,0.872,0.017,0.006,0.005,0.001,0.0177,0.007,0.002,0.014,0.29,0.002,0.001,1958,X46
1382,10.75,0.25,57000,74000,0.212,0.839,0.024,0.014,0.008,0.017,0.041,0.008,0,0.032,0.123,0.001,0.001,1955,X46
710,4.5,0.188,57500,74000,0.218,0.609,0.02,0.008,0.014,0.005,0.027,0.005,0,0.044,0.108,0.001,0.001,1965,X46
1013,16,0.25,58500,78500,0.249,0.785,0.018,0.028,0.043,0.002,0.02,0.008,0,0.054,0.127,0.001,0.001,1963,X46
1388,8.625,0.156,58500,76000,0.224,0.819,0.012,0.006,0.011,0.007,0.028,0.012,0,0.055,0.138,0.001,0.001,1973,X46
1212,6.625,0.156,59000,73000,0.183,0.953,0.016,0.008,0.008,0.001,0.04,0.006,0,0.02,0.052,0.001,0.001,1961,X46
247,8.625,0.219,59500,71500,0.24,0.89,0.019,0.006,0.013,0.004,0.032,0.011,0.002,0.03,0.041,0,0,1963,X46
219,12.75,0.25,60000,79000,0.16,0.66,0.018,0.005,0.009,0.001,0.13,0.004,0.001,0.008,0.24,0.002,0.002,1958,X46
219,12.75,0.25,60000,79000,0.25,0.83,0.019,0.007,0.005,0.002,0.15,0.005,0.002,0.013,0.26,0.002,0.002,1958,X46
219,12.75,0.25,60000,79000,0.26,0.76,0.018,0.005,0.015,0.001,0.15,0.008,0.002,0.015,0.3,0.002,0.002,1958,X46
219,12.75,0.25,60000,79000,0.22,0.71,0.015,0.005,0.006,0.001,0.15,0.005,0.002,0.011,0.27,0.002,0.002,1958,X46
219,12.75,0.25,60000,79000,0.26,0.69,0.013,0.005,0.005,0,0.14,0.004,0.001,0.008,0.25,0.002,0.001,1958,X46
219,12.75,0.25,60000,79000,0.21,0.64,0.014,0.004,0.008,0.001,0.12,0.004,0.001,0.008,0.24,0.002,0.001,1958,X46
219,12.75,0.25,60000,79000,0.23,0.68,0.012,0.005,0.009,0.001,0.136,0.004,0.001,0.008,0.234,0.002,0.002,1958,X46
219,12.75,0.25,60000,79000,0.25,0.57,0.015,0.005,0.004,0.001,0.118,0.004,0.001,0.009,0.201,0.002,0.002,1958,X46
219,12.75,0.25,60000,79000,0.253,0.784,0.015,0.008,0.007,0.004,0.161,0.007,0.002,0.017,0.282,0.002,0.003,1958,X46
219,12.75,0.25,60000,79000,0.29,0.81,0.015,0.005,0.005,0.003,0.174,0.011,0.002,0.032,0.359,0.002,0.002,1958,X46
219,12.75,0.25,60000,79000,0.32,0.78,0.016,0.005,0.007,0.001,0.154,0.005,0.002,0.01,0.279,0.002,0.002,1958,X46
219,12.75,0.25,60000,79000,0.27,0.83,0.012,0.005,0.004,0.001,0.141,0.006,0.002,0.01,0.208,0.002,0.002,1958,X46
219,12.75,0.25,60000,79000,0.22,0.63,0.016,0.005,0.005,0.001,0.147,0.009,0.001,0.028,0.158,0.002,0.002,1958,X46
955,12.75,0.25,60000,74500,0.219,0.677,0.021,0.005,0.006,0.001,0.148,0.001,0,0.009,0.231,0.001,0.001,1958,X46
1150,6.625,0.188,60000,73000,0.177,0.599,0.017,0.01,0.006,0.001,0.025,0.002,0,0.029,0.013,0.001,0.001,1966,X46
247,8.625,0.219,60500,75500,0.24,0.89,0.019,0.006,0.013,0.004,0.032,0.011,0.002,0.03,0.041,0,0,1963,X46
1200,8.625,0.219,61000,75000,0.248,0.732,0.027,0.011,0.009,0.001,0.033,0.008,0,0.035,0.094,0.001,0.001,1953,X46
1378,6.625,0.188,61000,74500,0.19,0.836,0.018,0.01,0.029,0.001,0.037,0.006,0,0.026,0.074,0.001,0.001,1966,X46
265,8.625,0.156,61500,82000,0.252,0.943,0.013,0.011,0.009,0.006,0.046,0.015,0.002,0.054,0.113,0.002,0.002,1968,X46
936,6.625,0.188,61500,80500,0.25,0.822,0.019,0.009,0.049,0.002,0.018,0.008,0.001,0.065,0.17,0.001,0.001,1960,X46
198,10.75,0.25,62000,81500,0.28,0.71,0.022,0.008,0.13,0.019,0.02,0.01,0.001,0.045,0.19,0.002,0.002,1953,X46
463,6.625,0.156,62000,79000,0.221,0.744,0.021,0.021,0.081,0.005,0.044,0.014,0.002,0.056,0.117,0.002,0.003,1968,X46
742,10.75,0.219,62000,73500,0.284,0.823,0.029,0.007,0.036,0.006,0.014,0.003,0,0.024,0.108,0.001,0.002,1957,X46
918,6.625,0.156,62500,79000,0.248,0.662,0.015,0.006,0.013,0.006,0.024,0.007,0,0.046,0.087,0.001,0.001,1968,X46
800,12.75,0.25,63000,73500,0.241,0.736,0.014,0.005,0.008,0.001,0.136,0,0.001,0.011,0.268,0,0.001,1958,X46
1221,10.75,0.203,63500,79500,0.278,0.873,0.017,0.005,0.028,0.004,0.027,0.006,0,0.018,0.026,0.001,0.001,1965,X46
1382,10.75,0.25,63500,77500,0.212,0.839,0.024,0.014,0.008,0.017,0.041,0.008,0,0.032,0.123,0.001,0.001,1955,X46
1388,8.625,0.156,63500,78500,0.224,0.819,0.012,0.006,0.011,0.007,0.028,0.012,0,0.055,0.138,0.001,0.001,1973,X46
1496,6.625,0.188,63800,75500,0.23,0.525,0.018,0.009,0.009,0.001,0.022,0.002,0,0.041,0.016,0.001,0.001,1966,X46
1359,12.75,0.25,40800,67400,0.224,1.15,0.022,0.019,0.462,0.069,0.386,0.07,0.001,0.0151,0.103,0.002,0.001,2007,X52
348,30,0.375,43200,79500,0.252,1.12,0.022,0.012,0.036,0.002,0.046,0.008,0.003,0.015,0.029,0.002,0.003,1957,X52
348,30,0.375,43200,79500,0.243,1.06,0.015,0.012,0.012,0.005,0.048,0.024,0.003,0.079,0.162,0.002,0.003,1957,X52
348,30,0.375,43200,79500,0.272,1.1,0.018,0.015,0.029,0.003,0.045,0.009,0.003,0.027,0.038,0.002,0.003,1957,X52
323,18,0.25,45500,69900,0.281,1.22,0.013,0.005,0.015,0.007,0.021,0.005,0.002,0.016,0.021,0.002,0.002,1978,X52
323,18,0.25,45600,69000,0.281,1.22,0.013,0.005,0.015,0.007,0.021,0.005,0.002,0.016,0.021,0.002,0.002,1978,X52
348,30,0.375,45700,80500,0.252,1.12,0.022,0.012,0.036,0.002,0.046,0.008,0.003,0.015,0.029,0.002,0.003,1957,X52
348,30,0.375,45700,80500,0.243,1.06,0.015,0.012,0.012,0.005,0.048,0.024,0.003,0.079,0.162,0.002,0.003,1957,X52
348,30,0.375,45700,80500,0.272,1.1,0.018,0.015,0.029,0.003,0.045,0.009,0.003,0.027,0.038,0.002,0.003,1957,X52
49,30,0.312,46200,62800,0.087,0.48,0.027,0.009,0.07,0.005,0.029,0.041,0,0.083,0.127,0,0,1953,X52
877,12.75,0.25,47500,77000,0.306,1.3,0.019,0.011,0.038,0.004,0.063,0.025,0.054,0.034,0.038,0.001,0.001,1963,X52
877,12.75,0.25,47500,77000,0.306,1.3,0.019,0.011,0.038,0.004,0.063,0.025,0.054,0.034,0.038,0.001,0.001,1963,X52
1517,10.75,0.344,48500,65000,0.208,0.693,0.018,0.004,0.005,0.001,0.011,0.003,0,0.011,0.017,0,0.001,1955,X52
877,12.75,0.25,48700,80000,0.306,1.3,0.019,0.011,0.038,0.004,0.063,0.025,0.054,0.034,0.038,0.001,0.001,1963,X52
877,12.75,0.25,48700,80000,0.306,1.3,0.019,0.011,0.038,0.004,0.063,0.025,0.054,0.034,0.038,0.001,0.001,1963,X52
240,8.625,0.188,50000,73500,0.257,1.04,0.02,0.014,0.019,0.017,0.022,0.005,0.004,0.015,0.041,0.002,0.002,1962,X52
284,10.75,0.188,50500,69000,0.167,0.82,0.022,0.01,0.036,0.002,0.02,0.011,0.002,0.026,0.039,0.002,0.03,1970,X52
284,10.75,0.188,50500,69000,0.173,0.81,0.024,0.011,0.031,0.002,0.021,0.011,0.002,0.026,0.04,0.002,0.03,1970,X52
284,10.75,0.188,50500,69000,0.182,0.81,0.021,0.011,0.034,0.002,0.021,0.011,0.002,0.026,0.04,0.002,0.03,1970,X52
284,10.75,0.188,50500,69000,0.169,0.9,0.025,0.003,0.036,0.001,0.026,0.011,0.002,0.027,0.049,0.002,0.034,1970,X52
284,10.75,0.188,50500,69000,0.167,0.083,0.017,0.006,0.037,0.003,0.023,0.008,0.002,0.027,0.026,0.002,0.03,1970,X52
284,10.75,0.188,50500,69000,0.172,0.78,0.02,0.007,0.019,0.002,0.027,0.012,0.002,0.036,0.038,0.002,0.03,1970,X52
284,10.75,0.188,50500,69000,0.162,0.85,0.017,0.005,0.026,0,0.03,0.012,0.002,0.037,0.041,0.002,0.029,1970,X52
284,10.75,0.188,50500,69000,0.192,0.76,0.02,0.005,0.027,0.006,0.021,0.011,0.002,0.038,0.063,0.002,0.025,1970,X52
284,10.75,0.188,50500,69000,0.192,0.86,0.015,0.007,0.036,0.001,0.03,0.007,0.002,0.016,0.033,0.002,0.03,1970,X52
284,10.75,0.188,50500,69000,0.191,0.85,0.019,0.008,0.035,0.001,0.03,0.007,0.002,0.016,0.033,0.002,0.028,1970,X52
284,10.75,0.188,50500,69000,0.173,0.82,0.018,0.01,0.038,0.003,0.035,0.012,0.002,0.032,0.042,0.002,0.023,1970,X52
284,10.75,0.188,50500,69000,0.168,1.03,0.024,0.013,0.029,0,0.039,0.011,0.002,0.03,0.046,0.002,0.028,1970,X52
284,10.75,0.188,50500,69000,0.195,1,0.031,0.008,0.03,0.002,0.028,0.011,0.002,0.029,0.035,0.002,0.029,1970,X52
284,10.75,0.188,50500,69000,0.185,1.04,0.015,0.009,0.024,0,0.032,0.011,0.002,0.025,0.045,0.002,0.031,1970,X52
284,10.75,0.188,50500,69000,0.195,0.89,0.016,0.006,0.018,0.003,0.027,0.011,0.002,0.03,0.044,0.002,0.026,1970,X52
284,10.75,0.188,50500,69000,0.189,0.103,0.019,0.012,0.03,0.001,0.039,0.011,0.002,0.03,0.046,0.002,0.03,1970,X52
284,10.75,0.188,50500,69000,0.185,0.94,0.022,0.012,0.02,0.008,0.034,0.012,0.002,0.034,0.043,0.002,0.025,1970,X52
284,10.75,0.188,50500,69000,0.185,0.94,0.022,0.012,0.02,0.008,0.034,0.012,0.002,0.034,0.043,0.002,0.025,1970,X52
284,10.75,0.188,50500,69000,0.196,0.93,0.03,0.021,0.024,0.003,0.039,0.01,0.002,0.028,0.04,0.002,0.027,1970,X52
284,10.75,0.188,50500,69000,0.153,0.55,0.018,0.007,0.008,0.009,0.038,0.011,0.001,0.048,0.163,0.002,0.002,1970,X52
284,10.75,0.188,50500,69000,0.158,0.78,0.024,0.007,0.025,0,0.029,0.012,0.002,0.031,0.045,0.002,0.024,1970,X52
284,10.75,0.188,50500,69000,0.157,0.78,0.025,0.007,0.025,0,0.029,0.012,0.002,0.031,0.046,0.002,0.024,1970,X52
284,10.75,0.188,50500,69000,0.189,0.94,0.033,0.009,0.023,0,0.051,0.007,0.002,0.017,0.021,0.002,0.035,1970,X52
635,16,0.281,50600,79800,0.252,1.24,0.023,0.012,0.103,0.012,0.045,0.026,0.003,0.064,0.07,0.002,0.002,1954,X52
240,8.625,0.188,51000,72750,0.257,1.04,0.02,0.014,0.019,0.017,0.022,0.005,0.004,0.015,0.041,0.002,0.002,1962,X52
452,8.625,0.156,51500,66500,0.258,0.68,0.023,0.01,0.009,0.018,0.031,0.01,0.002,0.049,0.116,0.002,0.002,1971,X52
488,12.75,0.25,51500,66000,0.172,1.19,0.023,0.006,0.013,0.005,0.026,0.007,0.004,0.011,0.015,0.002,0.021,1968,X52
701,22,0.3,51500,84000,0.276,1.15,0.019,0.015,0.134,0.009,0.008,0.001,0.001,0.009,0.01,0.001,0.001,1949,X52
1218,12.75,0.265,51500,68500,0.142,0.68,0.02,0.007,0.005,0.002,0.048,0.007,0,0.047,0.047,0.001,0.001,1953,X52
488,12.75,0.25,51500,66000,0.17,0.987,0.016,0.006,0.009,0.002,0.02,0.006,0.013,0.019,0.014,0.002,0,1968,X52
25,12.75,0.25,51900,78700,0.14,0.88,0.01,0.01,0.096,0.01,0.013,0.014,0.022,0.014,0.02,0,0,1962,X52
348,30,0.375,52000,80000,0.252,1.12,0.022,0.012,0.036,0.002,0.046,0.008,0.003,0.015,0.029,0.002,0.003,1957,X52
348,30,0.375,52000,80000,0.243,1.06,0.015,0.012,0.012,0.005,0.048,0.024,0.003,0.079,0.162,0.002,0.003,1957,X52
348,30,0.375,52000,80000,0.272,1.1,0.018,0.015,0.029,0.003,0.045,0.009,0.003,0.027,0.038,0.002,0.003,1957,X52
695,8.625,0.25,52000,71000,0.174,0.693,0.012,0.008,0.217,0.041,0.023,0.002,0,0.044,0.039,0.001,0.002,1969,X52
72,30,0.281,52200,84500,0.27,1.12,0.032,0.014,0.017,0.005,0.025,0.015,0,0.034,0.054,0,0,1953,X52
78,24,0.281,52600,72250,0.24,1.09,0.018,0.01,0.04,0.019,0.02,0.011,0,0.005,0.014,0,0.004,1958,X52
25,12.75,0.25,52700,79000,0.14,0.88,0.01,0.01,0.096,0.01,0.013,0.014,0.022,0.014,0.02,0,0,1962,X52
118,24,0.25,52900,74200,0.23,0.75,0.04,0.019,0.038,0,0.026,0.012,0.001,0.086,0.23,0.001,0,1948,X52
348,30,0.375,53000,79500,0.252,1.12,0.022,0.012,0.036,0.002,0.046,0.008,0.003,0.015,0.029,0.002,0.003,1957,X52
348,30,0.375,53000,79000,0.252,1.12,0.022,0.012,0.036,0.002,0.046,0.008,0.003,0.015,0.029,0.002,0.003,1957,X52
348,30,0.375,53000,79500,0.243,1.06,0.015,0.012,0.012,0.005,0.048,0.024,0.003,0.079,0.162,0.002,0.003,1957,X52
348,30,0.375,53000,79000,0.243,1.06,0.015,0.012,0.012,0.005,0.048,0.024,0.003,0.079,0.162,0.002,0.003,1957,X52
208,16,0.25,53000,73000,0.27,0.86,0.021,0.016,0.004,0.022,0.023,0.007,0.002,0.01,0.022,0.002,0.002,1954,X52
208,16,0.25,53000,73000,0.25,0.77,0.02,0.012,0.005,0.03,0.027,0.007,0.001,0.009,0.016,0.002,0.002,1954,X52
208,16,0.25,53000,73000,0.27,0.89,0.022,0.011,0.004,0.017,0.019,0.016,0.002,0.013,0.02,0.002,0.002,1954,X52
348,30,0.375,53000,79500,0.272,1.1,0.018,0.015,0.029,0.003,0.045,0.009,0.003,0.027,0.038,0.002,0.003,1957,X52
348,30,0.375,53000,79000,0.272,1.1,0.018,0.015,0.029,0.003,0.045,0.009,0.003,0.027,0.038,0.002,0.003,1957,X52
609,12.75,0.203,53000,68000,0.225,1.04,0.015,0.009,0.015,0.003,0.017,0.005,0.003,0.01,0.013,0.002,0.012,1964,X52
1206,12.75,0.172,53000,65000,0.222,0.89,0.021,0.006,0.006,0.008,0.103,0.012,0,0.023,0.027,0.001,0.001,1965,X52
1206,12.75,0.172,53000,65000,0.273,1.13,0.015,0.008,0.01,0.006,0.06,0.008,0,0.017,0.021,0.001,0.001,1965,X52
1393,12.75,0.265,53000,68000,0.142,0.68,0.02,0.007,0.005,0.002,0.048,0.007,0,0.047,0.047,0.001,0.001,1953,X52
1402,16,0.25,53000,86500,0.225,0.85,0.018,0.013,0.006,0.009,0.021,0.004,0,0.01,0.017,0.001,0.001,1954,X52
1402,16,0.25,53000,86500,0.231,1.16,0.016,0.016,0.104,0.021,0.049,0.021,0,0.051,0.05,0.001,0.001,1954,X52
1402,16,0.25,53000,86500,0.25,0.92,0.02,0.012,0.006,0.006,0.025,0.005,0,0.012,0.016,0.001,0.001,1954,X52
105,26,0.281,53500,76000,0.23,0.93,0.024,0.019,0.032,0,0.057,0.012,0,0.053,0.096,0,0,1957,X52
107,18,0.281,53500,75500,0.29,0.71,0.03,0.017,0.032,0.001,0.02,0.014,0,0.076,0.067,0,0,1950,X52
488,12.75,0.25,53500,64000,0.172,1.19,0.023,0.006,0.013,0.005,0.026,0.007,0.004,0.011,0.015,0.002,0.021,1968,X52
488,12.75,0.25,53500,64000,0.17,0.987,0.016,0.006,0.009,0.002,0.02,0.006,0.013,0.019,0.014,0.002,0,1968,X52
349,8.625,0.188,53900,74500,0.237,0.97,0.021,0.012,0.053,0.004,0.024,0.005,0.003,0.009,0.014,0.002,0.003,1961,X52
349,8.625,0.188,53900,74500,0.233,0.98,0.022,0.013,0.046,0.015,0.02,0.007,0.002,0.031,0.093,0.002,0.001,1961,X52
349,8.625,0.188,53900,74500,0.24,0.99,0.021,0.012,0.047,0.007,0.019,0.006,0.002,0.031,0.093,0.002,0.001,1961,X52
349,8.625,0.188,53900,74500,0.271,1.13,0.023,0.016,0.048,0.001,0.027,0.009,0.004,0.047,0.149,0.002,0.003,1961,X52
349,8.625,0.188,53900,74500,0.227,0.95,0.016,0.018,0.04,0.005,0.016,0.004,0.002,0.008,0.011,0.002,0.001,1961,X52
349,8.625,0.188,53900,74500,0.234,1.29,0.024,0.016,0.051,0.001,0.041,0.011,0.004,0.052,0.145,0.002,0.002,1961,X52
113,34,0.281,54000,83200,0.23,0.121,0.014,0.01,0.018,0.005,0.025,0.012,0,0.012,0.015,0,0,1967,X52
115,36,0.281,54000,78500,0.22,0.7,0.023,0.008,0.21,0.002,0.042,0.009,0.001,0.07,0.2,0.002,0.008,1952,X52
284,10.75,0.188,54000,69500,0.167,0.82,0.022,0.01,0.036,0.002,0.02,0.011,0.002,0.026,0.039,0.002,0.03,1970,X52
284,10.75,0.188,54000,69500,0.173,0.81,0.024,0.011,0.031,0.002,0.021,0.011,0.002,0.026,0.04,0.002,0.03,1970,X52
284,10.75,0.188,54000,69500,0.182,0.81,0.021,0.011,0.034,0.002,0.021,0.011,0.002,0.026,0.04,0.002,0.03,1970,X52
284,10.75,0.188,54000,69500,0.169,0.9,0.025,0.003,0.036,0.001,0.026,0.011,0.002,0.027,0.049,0.002,0.034,1970,X52
284,10.75,0.188,54000,69500,0.167,0.083,0.017,0.006,0.037,0.003,0.023,0.008,0.002,0.027,0.026,0.002,0.03,1970,X52
284,10.75,0.188,54000,69500,0.172,0.78,0.02,0.007,0.019,0.002,0.027,0.012,0.002,0.036,0.038,0.002,0.03,1970,X52
284,10.75,0.188,54000,69500,0.162,0.85,0.017,0.005,0.026,0,0.03,0.012,0.002,0.037,0.041,0.002,0.029,1970,X52
284,10.75,0.188,54000,69500,0.192,0.76,0.02,0.005,0.027,0.006,0.021,0.011,0.002,0.038,0.063,0.002,0.025,1970,X52
284,10.75,0.188,54000,69500,0.192,0.86,0.015,0.007,0.036,0.001,0.03,0.007,0.002,0.016,0.033,0.002,0.03,1970,X52
284,10.75,0.188,54000,69500,0.191,0.85,0.019,0.008,0.035,0.001,0.03,0.007,0.002,0.016,0.033,0.002,0.028,1970,X52
284,10.75,0.188,54000,69500,0.173,0.82,0.018,0.01,0.038,0.003,0.035,0.012,0.002,0.032,0.042,0.002,0.023,1970,X52
284,10.75,0.188,54000,69500,0.168,1.03,0.024,0.013,0.029,0,0.039,0.011,0.002,0.03,0.046,0.002,0.028,1970,X52
284,10.75,0.188,54000,69500,0.195,1,0.031,0.008,0.03,0.002,0.028,0.011,0.002,0.029,0.035,0.002,0.029,1970,X52
284,10.75,0.188,54000,69500,0.185,1.04,0.015,0.009,0.024,0,0.032,0.011,0.002,0.025,0.045,0.002,0.031,1970,X52
284,10.75,0.188,54000,69500,0.195,0.89,0.016,0.006,0.018,0.003,0.027,0.011,0.002,0.03,0.044,0.002,0.026,1970,X52
284,10.75,0.188,54000,69500,0.189,0.103,0.019,0.012,0.03,0.001,0.039,0.011,0.002,0.03,0.046,0.002,0.03,1970,X52
284,10.75,0.188,54000,69500,0.185,0.94,0.022,0.012,0.02,0.008,0.034,0.012,0.002,0.034,0.043,0.002,0.025,1970,X52
284,10.75,0.188,54000,69500,0.185,0.94,0.022,0.012,0.02,0.008,0.034,0.012,0.002,0.034,0.043,0.002,0.025,1970,X52
284,10.75,0.188,54000,69500,0.196,0.93,0.03,0.021,0.024,0.003,0.039,0.01,0.002,0.028,0.04,0.002,0.027,1970,X52
284,10.75,0.188,54000,69500,0.153,0.55,0.018,0.007,0.008,0.009,0.038,0.011,0.001,0.048,0.163,0.002,0.002,1970,X52
284,10.75,0.188,54000,69500,0.158,0.78,0.024,0.007,0.025,0,0.029,0.012,0.002,0.031,0.045,0.002,0.024,1970,X52
284,10.75,0.188,54000,69500,0.157,0.78,0.025,0.007,0.025,0,0.029,0.012,0.002,0.031,0.046,0.002,0.024,1970,X52
284,10.75,0.188,54000,69500,0.189,0.94,0.033,0.009,0.023,0,0.051,0.007,0.002,0.017,0.021,0.002,0.035,1970,X52
601,16,0.25,54000,68000,0.177,0.47,0.026,0.028,0.184,0.016,0.042,0.008,0.001,0.041,0.096,0.002,0.002,1960,X52
696,8.625,0.25,54000,72000,0.177,0.694,0.013,0.008,0.218,0.04,0.023,0.002,0,0.044,0.039,0.001,0.001,1969,X52
1230,24,0.375,54000,79000,0.272,1.15,0.019,0.009,0.054,0.003,0.04,0.018,0,0.119,0.188,0.001,0.001,1952,X52
1230,24,0.375,54000,79000,0.265,1.01,0.019,0.013,0.04,0.002,0.068,0.018,0,0.079,0.186,0.001,0.001,1952,X52
1230,24,0.375,54000,79000,0.275,1.11,0.02,0.012,0.047,0.003,0.059,0.026,0,0.08,0.194,0.001,0.001,1952,X52
1230,24,0.375,54000,79000,0.27,1.14,0.017,0.01,0.054,0.004,0.04,0.018,0,0.119,0.189,0.001,0.001,1952,X52
1230,24,0.375,54000,79000,0.289,1.2,0.02,0.011,0.048,0.002,0.04,0.02,0,0.079,0.217,0.001,0.001,1952,X52
1230,24,0.375,54000,79000,0.264,1.01,0.018,0.013,0.042,0.0003,0.068,0.018,0,0.079,0.186,0.001,0.001,1952,X52
51,8.625,0.219,54250,72500,0.32,0.92,0.021,0.006,0.006,0.016,0.013,0.012,0,0.018,0.074,0,0,1960,X52
51,8.625,0.219,54250,72500,0.29,1.14,0.018,0.009,0.003,0.005,0.009,0.011,0,0.008,0.016,0,0,1960,X52
51,8.625,0.219,54250,72500,0.31,1.17,0.03,0.011,0.006,0.004,0.009,0.014,0,0.008,0.015,0,0,1960,X52
51,8.625,0.219,54250,72500,0.25,1.09,0.014,0.008,0.006,0.002,0.009,0.011,0,0.009,0.021,0,0,1960,X52
236,26,0.281,54500,76000,0.255,1.049,0.022,0.017,0.029,0.004,0.036,0.009,0.003,0.024,0.04,0.002,0.003,1954,X52
242,20,0.25,54500,79500,0.269,0.981,0.027,0.022,0.02,0.003,0.031,0.007,0.002,0.02,0.033,0.002,0.002,1949,X52
252,12.75,0.219,54500,70000,0.199,1.04,0.028,0.009,0.015,0.007,0.022,0.007,0.003,0.011,0.027,0.002,0.014,1969,X52
284,10.75,0.188,54500,69500,0.167,0.82,0.022,0.01,0.036,0.002,0.02,0.011,0.002,0.026,0.039,0.002,0.03,1970,X52
284,10.75,0.188,54500,71000,0.167,0.82,0.022,0.01,0.036,0.002,0.02,0.011,0.002,0.026,0.039,0.002,0.03,1970,X52
284,10.75,0.188,54500,71000,0.167,0.82,0.022,0.01,0.036,0.002,0.02,0.011,0.002,0.026,0.039,0.002,0.03,1970,X52
284,10.75,0.188,54500,72500,0.167,0.82,0.022,0.01,0.036,0.002,0.02,0.011,0.002,0.026,0.039,0.002,0.03,1970,X52
284,10.75,0.188,54500,69500,0.173,0.81,0.024,0.011,0.031,0.002,0.021,0.011,0.002,0.026,0.04,0.002,0.03,1970,X52
284,10.75,0.188,54500,71000,0.173,0.81,0.024,0.011,0.031,0.002,0.021,0.011,0.002,0.026,0.04,0.002,0.03,1970,X52
284,10.75,0.188,54500,71000,0.173,0.81,0.024,0.011,0.031,0.002,0.021,0.011,0.002,0.026,0.04,0.002,0.03,1970,X52
284,10.75,0.188,54500,72500,0.173,0.81,0.024,0.011,0.031,0.002,0.021,0.011,0.002,0.026,0.04,0.002,0.03,1970,X52
284,10.75,0.188,54500,69500,0.182,0.81,0.021,0.011,0.034,0.002,0.021,0.011,0.002,0.026,0.04,0.002,0.03,1970,X52
284,10.75,0.188,54500,71000,0.182,0.81,0.021,0.011,0.034,0.002,0.021,0.011,0.002,0.026,0.04,0.002,0.03,1970,X52
284,10.75,0.188,54500,71000,0.182,0.81,0.021,0.011,0.034,0.002,0.021,0.011,0.002,0.026,0.04,0.002,0.03,1970,X52
284,10.75,0.188,54500,72500,0.182,0.81,0.021,0.011,0.034,0.002,0.021,0.011,0.002,0.026,0.04,0.002,0.03,1970,X52
284,10.75,0.188,54500,69500,0.169,0.9,0.025,0.003,0.036,0.001,0.026,0.011,0.002,0.027,0.049,0.002,0.034,1970,X52
284,10.75,0.188,54500,71000,0.169,0.9,0.025,0.003,0.036,0.001,0.026,0.011,0.002,0.027,0.049,0.002,0.034,1970,X52
284,10.75,0.188,54500,71000,0.169,0.9,0.025,0.003,0.036,0.001,0.026,0.011,0.002,0.027,0.049,0.002,0.034,1970,X52
284,10.75,0.188,54500,72500,0.169,0.9,0.025,0.003,0.036,0.001,0.026,0.011,0.002,0.027,0.049,0.002,0.034,1970,X52
284,10.75,0.188,54500,69500,0.167,0.083,0.017,0.006,0.037,0.003,0.023,0.008,0.002,0.027,0.026,0.002,0.03,1970,X52
284,10.75,0.188,54500,71000,0.167,0.083,0.017,0.006,0.037,0.003,0.023,0.008,0.002,0.027,0.026,0.002,0.03,1970,X52
284,10.75,0.188,54500,71000,0.167,0.083,0.017,0.006,0.037,0.003,0.023,0.008,0.002,0.027,0.026,0.002,0.03,1970,X52
284,10.75,0.188,54500,72500,0.167,0.083,0.017,0.006,0.037,0.003,0.023,0.008,0.002,0.027,0.026,0.002,0.03,1970,X52
284,10.75,0.188,54500,69500,0.172,0.78,0.02,0.007,0.019,0.002,0.027,0.012,0.002,0.036,0.038,0.002,0.03,1970,X52
284,10.75,0.188,54500,71000,0.172,0.78,0.02,0.007,0.019,0.002,0.027,0.012,0.002,0.036,0.038,0.002,0.03,1970,X52
284,10.75,0.188,54500,71000,0.172,0.78,0.02,0.007,0.019,0.002,0.027,0.012,0.002,0.036,0.038,0.002,0.03,1970,X52
284,10.75,0.188,54500,72500,0.172,0.78,0.02,0.007,0.019,0.002,0.027,0.012,0.002,0.036,0.038,0.002,0.03,1970,X52
284,10.75,0.188,54500,69500,0.162,0.85,0.017,0.005,0.026,0,0.03,0.012,0.002,0.037,0.041,0.002,0.029,1970,X52
284,10.75,0.188,54500,71000,0.162,0.85,0.017,0.005,0.026,0,0.03,0.012,0.002,0.037,0.041,0.002,0.029,1970,X52
284,10.75,0.188,54500,71000,0.162,0.85,0.017,0.005,0.026,0,0.03,0.012,0.002,0.037,0.041,0.002,0.029,1970,X52
284,10.75,0.188,54500,72500,0.162,0.85,0.017,0.005,0.026,0,0.03,0.012,0.002,0.037,0.041,0.002,0.029,1970,X52
284,10.75,0.188,54500,69500,0.192,0.76,0.02,0.005,0.027,0.006,0.021,0.011,0.002,0.038,0.063,0.002,0.025,1970,X52
284,10.75,0.188,54500,71000,0.192,0.76,0.02,0.005,0.027,0.006,0.021,0.011,0.002,0.038,0.063,0.002,0.025,1970,X52
284,10.75,0.188,54500,71000,0.192,0.76,0.02,0.005,0.027,0.006,0.021,0.011,0.002,0.038,0.063,0.002,0.025,1970,X52
284,10.75,0.188,54500,72500,0.192,0.76,0.02,0.005,0.027,0.006,0.021,0.011,0.002,0.038,0.063,0.002,0.025,1970,X52
284,10.75,0.188,54500,69500,0.192,0.86,0.015,0.007,0.036,0.001,0.03,0.007,0.002,0.016,0.033,0.002,0.03,1970,X52
284,10.75,0.188,54500,71000,0.192,0.86,0.015,0.007,0.036,0.001,0.03,0.007,0.002,0.016,0.033,0.002,0.03,1970,X52
284,10.75,0.188,54500,71000,0.192,0.86,0.015,0.007,0.036,0.001,0.03,0.007,0.002,0.016,0.033,0.002,0.03,1970,X52
284,10.75,0.188,54500,72500,0.192,0.86,0.015,0.007,0.036,0.001,0.03,0.007,0.002,0.016,0.033,0.002,0.03,1970,X52
284,10.75,0.188,54500,69500,0.191,0.85,0.019,0.008,0.035,0.001,0.03,0.007,0.002,0.016,0.033,0.002,0.028,1970,X52
284,10.75,0.188,54500,71000,0.191,0.85,0.019,0.008,0.035,0.001,0.03,0.007,0.002,0.016,0.033,0.002,0.028,1970,X52
284,10.75,0.188,54500,71000,0.191,0.85,0.019,0.008,0.035,0.001,0.03,0.007,0.002,0.016,0.033,0.002,0.028,1970,X52
284,10.75,0.188,54500,72500,0.191,0.85,0.019,0.008,0.035,0.001,0.03,0.007,0.002,0.016,0.033,0.002,0.028,1970,X52
284,10.75,0.188,54500,69500,0.173,0.82,0.018,0.01,0.038,0.003,0.035,0.012,0.002,0.032,0.042,0.002,0.023,1970,X52
284,10.75,0.188,54500,71000,0.173,0.82,0.018,0.01,0.038,0.003,0.035,0.012,0.002,0.032,0.042,0.002,0.023,1970,X52
284,10.75,0.188,54500,71000,0.173,0.82,0.018,0.01,0.038,0.003,0.035,0.012,0.002,0.032,0.042,0.002,0.023,1970,X52
284,10.75,0.188,54500,72500,0.173,0.82,0.018,0.01,0.038,0.003,0.035,0.012,0.002,0.032,0.042,0.002,0.023,1970,X52
284,10.75,0.188,54500,69500,0.168,1.03,0.024,0.013,0.029,0,0.039,0.011,0.002,0.03,0.046,0.002,0.028,1970,X52
284,10.75,0.188,54500,71000,0.168,1.03,0.024,0.013,0.029,0,0.039,0.011,0.002,0.03,0.046,0.002,0.028,1970,X52
284,10.75,0.188,54500,71000,0.168,1.03,0.024,0.013,0.029,0,0.039,0.011,0.002,0.03,0.046,0.002,0.028,1970,X52
284,10.75,0.188,54500,72500,0.168,1.03,0.024,0.013,0.029,0,0.039,0.011,0.002,0.03,0.046,0.002,0.028,1970,X52
284,10.75,0.188,54500,69500,0.195,1,0.031,0.008,0.03,0.002,0.028,0.011,0.002,0.029,0.035,0.002,0.029,1970,X52
284,10.75,0.188,54500,71000,0.195,1,0.031,0.008,0.03,0.002,0.028,0.011,0.002,0.029,0.035,0.002,0.029,1970,X52
284,10.75,0.188,54500,71000,0.195,1,0.031,0.008,0.03,0.002,0.028,0.011,0.002,0.029,0.035,0.002,0.029,1970,X52
284,10.75,0.188,54500,72500,0.195,1,0.031,0.008,0.03,0.002,0.028,0.011,0.002,0.029,0.035,0.002,0.029,1970,X52
284,10.75,0.188,54500,69500,0.185,1.04,0.015,0.009,0.024,0,0.032,0.011,0.002,0.025,0.045,0.002,0.031,1970,X52
284,10.75,0.188,54500,71000,0.185,1.04,0.015,0.009,0.024,0,0.032,0.011,0.002,0.025,0.045,0.002,0.031,1970,X52
284,10.75,0.188,54500,71000,0.185,1.04,0.015,0.009,0.024,0,0.032,0.011,0.002,0.025,0.045,0.002,0.031,1970,X52
284,10.75,0.188,54500,72500,0.185,1.04,0.015,0.009,0.024,0,0.032,0.011,0.002,0.025,0.045,0.002,0.031,1970,X52
284,10.75,0.188,54500,69500,0.195,0.89,0.016,0.006,0.018,0.003,0.027,0.011,0.002,0.03,0.044,0.002,0.026,1970,X52
284,10.75,0.188,54500,71000,0.195,0.89,0.016,0.006,0.018,0.003,0.027,0.011,0.002,0.03,0.044,0.002,0.026,1970,X52
284,10.75,0.188,54500,71000,0.195,0.89,0.016,0.006,0.018,0.003,0.027,0.011,0.002,0.03,0.044,0.002,0.026,1970,X52
284,10.75,0.188,54500,72500,0.195,0.89,0.016,0.006,0.018,0.003,0.027,0.011,0.002,0.03,0.044,0.002,0.026,1970,X52
284,10.75,0.188,54500,69500,0.189,0.103,0.019,0.012,0.03,0.001,0.039,0.011,0.002,0.03,0.046,0.002,0.03,1970,X52
284,10.75,0.188,54500,71000,0.189,0.103,0.019,0.012,0.03,0.001,0.039,0.011,0.002,0.03,0.046,0.002,0.03,1970,X52
284,10.75,0.188,54500,71000,0.189,0.103,0.019,0.012,0.03,0.001,0.039,0.011,0.002,0.03,0.046,0.002,0.03,1970,X52
284,10.75,0.188,54500,72500,0.189,0.103,0.019,0.012,0.03,0.001,0.039,0.011,0.002,0.03,0.046,0.002,0.03,1970,X52
284,10.75,0.188,54500,69500,0.185,0.94,0.022,0.012,0.02,0.008,0.034,0.012,0.002,0.034,0.043,0.002,0.025,1970,X52
284,10.75,0.188,54500,71000,0.185,0.94,0.022,0.012,0.02,0.008,0.034,0.012,0.002,0.034,0.043,0.002,0.025,1970,X52
284,10.75,0.188,54500,71000,0.185,0.94,0.022,0.012,0.02,0.008,0.034,0.012,0.002,0.034,0.043,0.002,0.025,1970,X52
284,10.75,0.188,54500,72500,0.185,0.94,0.022,0.012,0.02,0.008,0.034,0.012,0.002,0.034,0.043,0.002,0.025,1970,X52
284,10.75,0.188,54500,69500,0.185,0.94,0.022,0.012,0.02,0.008,0.034,0.012,0.002,0.034,0.043,0.002,0.025,1970,X52
284,10.75,0.188,54500,71000,0.185,0.94,0.022,0.012,0.02,0.008,0.034,0.012,0.002,0.034,0.043,0.002,0.025,1970,X52
284,10.75,0.188,54500,71000,0.185,0.94,0.022,0.012,0.02,0.008,0.034,0.012,0.002,0.034,0.043,0.002,0.025,1970,X52
284,10.75,0.188,54500,72500,0.185,0.94,0.022,0.012,0.02,0.008,0.034,0.012,0.002,0.034,0.043,0.002,0.025,1970,X52
284,10.75,0.188,54500,69500,0.196,0.93,0.03,0.021,0.024,0.003,0.039,0.01,0.002,0.028,0.04,0.002,0.027,1970,X52
284,10.75,0.188,54500,71000,0.196,0.93,0.03,0.021,0.024,0.003,0.039,0.01,0.002,0.028,0.04,0.002,0.027,1970,X52
284,10.75,0.188,54500,71000,0.196,0.93,0.03,0.021,0.024,0.003,0.039,0.01,0.002,0.028,0.04,0.002,0.027,1970,X52
284,10.75,0.188,54500,72500,0.196,0.93,0.03,0.021,0.024,0.003,0.039,0.01,0.002,0.028,0.04,0.002,0.027,1970,X52
284,10.75,0.188,54500,69500,0.153,0.55,0.018,0.007,0.008,0.009,0.038,0.011,0.001,0.048,0.163,0.002,0.002,1970,X52
284,10.75,0.188,54500,71000,0.153,0.55,0.018,0.007,0.008,0.009,0.038,0.011,0.001,0.048,0.163,0.002,0.002,1970,X52
284,10.75,0.188,54500,71000,0.153,0.55,0.018,0.007,0.008,0.009,0.038,0.011,0.001,0.048,0.163,0.002,0.002,1970,X52
284,10.75,0.188,54500,72500,0.153,0.55,0.018,0.007,0.008,0.009,0.038,0.011,0.001,0.048,0.163,0.002,0.002,1970,X52
284,10.75,0.188,54500,69500,0.158,0.78,0.024,0.007,0.025,0,0.029,0.012,0.002,0.031,0.045,0.002,0.024,1970,X52
284,10.75,0.188,54500,71000,0.158,0.78,0.024,0.007,0.025,0,0.029,0.012,0.002,0.031,0.045,0.002,0.024,1970,X52
284,10.75,0.188,54500,71000,0.158,0.78,0.024,0.007,0.025,0,0.029,0.012,0.002,0.031,0.045,0.002,0.024,1970,X52
284,10.75,0.188,54500,72500,0.158,0.78,0.024,0.007,0.025,0,0.029,0.012,0.002,0.031,0.045,0.002,0.024,1970,X52
284,10.75,0.188,54500,69500,0.157,0.78,0.025,0.007,0.025,0,0.029,0.012,0.002,0.031,0.046,0.002,0.024,1970,X52
284,10.75,0.188,54500,71000,0.157,0.78,0.025,0.007,0.025,0,0.029,0.012,0.002,0.031,0.046,0.002,0.024,1970,X52
284,10.75,0.188,54500,71000,0.157,0.78,0.025,0.007,0.025,0,0.029,0.012,0.002,0.031,0.046,0.002,0.024,1970,X52
284,10.75,0.188,54500,72500,0.157,0.78,0.025,0.007,0.025,0,0.029,0.012,0.002,0.031,0.046,0.002,0.024,1970,X52
284,10.75,0.188,54500,69500,0.189,0.94,0.033,0.009,0.023,0,0.051,0.007,0.002,0.017,0.021,0.002,0.035,1970,X52
284,10.75,0.188,54500,71000,0.189,0.94,0.033,0.009,0.023,0,0.051,0.007,0.002,0.017,0.021,0.002,0.035,1970,X52
284,10.75,0.188,54500,71000,0.189,0.94,0.033,0.009,0.023,0,0.051,0.007,0.002,0.017,0.021,0.002,0.035,1970,X52
284,10.75,0.188,54500,72500,0.189,0.94,0.033,0.009,0.023,0,0.051,0.007,0.002,0.017,0.021,0.002,0.035,1970,X52
308,20,0.358,54500,87000,0.26,1.2,0.017,0.018,0.136,0.013,0.014,0.008,0.003,0.011,0.012,0.002,0.002,1949,X52
368,12.75,0.375,54500,86000,0.281,0.648,0.01,0.012,0.232,0.03,0.082,0.016,0.001,0.026,0.022,0.004,0.002,1970,X52
1205,8.625,0.219,54500,69000,0.14,0.462,0.019,0.009,0.151,0.023,0.008,0.004,0,0.011,0.008,0.002,0.032,1979,X52
1205,8.625,0.219,54500,69000,0.118,0.486,0.019,0.014,0.137,0.035,0.011,0.004,0,0.013,0.005,0.002,0.035,1979,X52
1235,8.625,0.188,54500,74500,0.241,0.893,0.017,0.011,0.017,0.002,0.022,0.017,0,0.023,0.034,0.002,0.001,1980,X52
138,8.625,0.219,55000,65500,0.2,1,0.012,0.009,0.01,0.001,0.007,0,0.001,0.009,0.044,0.002,0.002,1982,X52
208,16,0.25,55000,73000,0.27,0.86,0.021,0.016,0.004,0.022,0.023,0.007,0.002,0.01,0.022,0.002,0.002,1954,X52
208,16,0.25,55000,73000,0.25,0.77,0.02,0.012,0.005,0.03,0.027,0.007,0.001,0.009,0.016,0.002,0.002,1954,X52
208,16,0.25,55000,73000,0.27,0.89,0.022,0.011,0.004,0.017,0.019,0.016,0.002,0.013,0.02,0.002,0.002,1954,X52
238,28,0.281,55000,74500,0.199,1.072,0.018,0.006,0.033,0,0.025,0,0.002,0.021,0.036,0.002,0.006,1971,X52
284,10.75,0.188,55000,75000,0.167,0.82,0.022,0.01,0.036,0.002,0.02,0.011,0.002,0.026,0.039,0.002,0.03,1970,X52
284,10.75,0.188,55000,71500,0.167,0.82,0.022,0.01,0.036,0.002,0.02,0.011,0.002,0.026,0.039,0.002,0.03,1970,X52
284,10.75,0.188,55000,69500,0.167,0.82,0.022,0.01,0.036,0.002,0.02,0.011,0.002,0.026,0.039,0.002,0.03,1970,X52
284,10.75,0.188,55000,75000,0.173,0.81,0.024,0.011,0.031,0.002,0.021,0.011,0.002,0.026,0.04,0.002,0.03,1970,X52
284,10.75,0.188,55000,71500,0.173,0.81,0.024,0.011,0.031,0.002,0.021,0.011,0.002,0.026,0.04,0.002,0.03,1970,X52
284,10.75,0.188,55000,69500,0.173,0.81,0.024,0.011,0.031,0.002,0.021,0.011,0.002,0.026,0.04,0.002,0.03,1970,X52
284,10.75,0.188,55000,75000,0.182,0.81,0.021,0.011,0.034,0.002,0.021,0.011,0.002,0.026,0.04,0.002,0.03,1970,X52
284,10.75,0.188,55000,71500,0.182,0.81,0.021,0.011,0.034,0.002,0.021,0.011,0.002,0.026,0.04,0.002,0.03,1970,X52
284,10.75,0.188,55000,69500,0.182,0.81,0.021,0.011,0.034,0.002,0.021,0.011,0.002,0.026,0.04,0.002,0.03,1970,X52
284,10.75,0.188,55000,75000,0.169,0.9,0.025,0.003,0.036,0.001,0.026,0.011,0.002,0.027,0.049,0.002,0.034,1970,X52
284,10.75,0.188,55000,71500,0.169,0.9,0.025,0.003,0.036,0.001,0.026,0.011,0.002,0.027,0.049,0.002,0.034,1970,X52
284,10.75,0.188,55000,69500,0.169,0.9,0.025,0.003,0.036,0.001,0.026,0.011,0.002,0.027,0.049,0.002,0.034,1970,X52
284,10.75,0.188,55000,75000,0.167,0.083,0.017,0.006,0.037,0.003,0.023,0.008,0.002,0.027,0.026,0.002,0.03,1970,X52
284,10.75,0.188,55000,71500,0.167,0.083,0.017,0.006,0.037,0.003,0.023,0.008,0.002,0.027,0.026,0.002,0.03,1970,X52
284,10.75,0.188,55000,69500,0.167,0.083,0.017,0.006,0.037,0.003,0.023,0.008,0.002,0.027,0.026,0.002,0.03,1970,X52
284,10.75,0.188,55000,75000,0.172,0.78,0.02,0.007,0.019,0.002,0.027,0.012,0.002,0.036,0.038,0.002,0.03,1970,X52
284,10.75,0.188,55000,71500,0.172,0.78,0.02,0.007,0.019,0.002,0.027,0.012,0.002,0.036,0.038,0.002,0.03,1970,X52
284,10.75,0.188,55000,69500,0.172,0.78,0.02,0.007,0.019,0.002,0.027,0.012,0.002,0.036,0.038,0.002,0.03,1970,X52
284,10.75,0.188,55000,75000,0.162,0.85,0.017,0.005,0.026,0,0.03,0.012,0.002,0.037,0.041,0.002,0.029,1970,X52
284,10.75,0.188,55000,71500,0.162,0.85,0.017,0.005,0.026,0,0.03,0.012,0.002,0.037,0.041,0.002,0.029,1970,X52
284,10.75,0.188,55000,69500,0.162,0.85,0.017,0.005,0.026,0,0.03,0.012,0.002,0.037,0.041,0.002,0.029,1970,X52
284,10.75,0.188,55000,75000,0.192,0.76,0.02,0.005,0.027,0.006,0.021,0.011,0.002,0.038,0.063,0.002,0.025,1970,X52
284,10.75,0.188,55000,71500,0.192,0.76,0.02,0.005,0.027,0.006,0.021,0.011,0.002,0.038,0.063,0.002,0.025,1970,X52
284,10.75,0.188,55000,69500,0.192,0.76,0.02,0.005,0.027,0.006,0.021,0.011,0.002,0.038,0.063,0.002,0.025,1970,X52
284,10.75,0.188,55000,75000,0.192,0.86,0.015,0.007,0.036,0.001,0.03,0.007,0.002,0.016,0.033,0.002,0.03,1970,X52
284,10.75,0.188,55000,71500,0.192,0.86,0.015,0.007,0.036,0.001,0.03,0.007,0.002,0.016,0.033,0.002,0.03,1970,X52
284,10.75,0.188,55000,69500,0.192,0.86,0.015,0.007,0.036,0.001,0.03,0.007,0.002,0.016,0.033,0.002,0.03,1970,X52
284,10.75,0.188,55000,75000,0.191,0.85,0.019,0.008,0.035,0.001,0.03,0.007,0.002,0.016,0.033,0.002,0.028,1970,X52
284,10.75,0.188,55000,71500,0.191,0.85,0.019,0.008,0.035,0.001,0.03,0.007,0.002,0.016,0.033,0.002,0.028,1970,X52
284,10.75,0.188,55000,69500,0.191,0.85,0.019,0.008,0.035,0.001,0.03,0.007,0.002,0.016,0.033,0.002,0.028,1970,X52
284,10.75,0.188,55000,75000,0.173,0.82,0.018,0.01,0.038,0.003,0.035,0.012,0.002,0.032,0.042,0.002,0.023,1970,X52
284,10.75,0.188,55000,71500,0.173,0.82,0.018,0.01,0.038,0.003,0.035,0.012,0.002,0.032,0.042,0.002,0.023,1970,X52
284,10.75,0.188,55000,69500,0.173,0.82,0.018,0.01,0.038,0.003,0.035,0.012,0.002,0.032,0.042,0.002,0.023,1970,X52
284,10.75,0.188,55000,75000,0.168,1.03,0.024,0.013,0.029,0,0.039,0.011,0.002,0.03,0.046,0.002,0.028,1970,X52
284,10.75,0.188,55000,71500,0.168,1.03,0.024,0.013,0.029,0,0.039,0.011,0.002,0.03,0.046,0.002,0.028,1970,X52
284,10.75,0.188,55000,69500,0.168,1.03,0.024,0.013,0.029,0,0.039,0.011,0.002,0.03,0.046,0.002,0.028,1970,X52
284,10.75,0.188,55000,75000,0.195,1,0.031,0.008,0.03,0.002,0.028,0.011,0.002,0.029,0.035,0.002,0.029,1970,X52
284,10.75,0.188,55000,71500,0.195,1,0.031,0.008,0.03,0.002,0.028,0.011,0.002,0.029,0.035,0.002,0.029,1970,X52
284,10.75,0.188,55000,69500,0.195,1,0.031,0.008,0.03,0.002,0.028,0.011,0.002,0.029,0.035,0.002,0.029,1970,X52
284,10.75,0.188,55000,75000,0.185,1.04,0.015,0.009,0.024,0,0.032,0.011,0.002,0.025,0.045,0.002,0.031,1970,X52
284,10.75,0.188,55000,71500,0.185,1.04,0.015,0.009,0.024,0,0.032,0.011,0.002,0.025,0.045,0.002,0.031,1970,X52
284,10.75,0.188,55000,69500,0.185,1.04,0.015,0.009,0.024,0,0.032,0.011,0.002,0.025,0.045,0.002,0.031,1970,X52
284,10.75,0.188,55000,75000,0.195,0.89,0.016,0.006,0.018,0.003,0.027,0.011,0.002,0.03,0.044,0.002,0.026,1970,X52
284,10.75,0.188,55000,71500,0.195,0.89,0.016,0.006,0.018,0.003,0.027,0.011,0.002,0.03,0.044,0.002,0.026,1970,X52
284,10.75,0.188,55000,69500,0.195,0.89,0.016,0.006,0.018,0.003,0.027,0.011,0.002,0.03,0.044,0.002,0.026,1970,X52
284,10.75,0.188,55000,75000,0.189,0.103,0.019,0.012,0.03,0.001,0.039,0.011,0.002,0.03,0.046,0.002,0.03,1970,X52
284,10.75,0.188,55000,71500,0.189,0.103,0.019,0.012,0.03,0.001,0.039,0.011,0.002,0.03,0.046,0.002,0.03,1970,X52
284,10.75,0.188,55000,69500,0.189,0.103,0.019,0.012,0.03,0.001,0.039,0.011,0.002,0.03,0.046,0.002,0.03,1970,X52
284,10.75,0.188,55000,75000,0.185,0.94,0.022,0.012,0.02,0.008,0.034,0.012,0.002,0.034,0.043,0.002,0.025,1970,X52
284,10.75,0.188,55000,71500,0.185,0.94,0.022,0.012,0.02,0.008,0.034,0.012,0.002,0.034,0.043,0.002,0.025,1970,X52
284,10.75,0.188,55000,69500,0.185,0.94,0.022,0.012,0.02,0.008,0.034,0.012,0.002,0.034,0.043,0.002,0.025,1970,X52
284,10.75,0.188,55000,75000,0.185,0.94,0.022,0.012,0.02,0.008,0.034,0.012,0.002,0.034,0.043,0.002,0.025,1970,X52
284,10.75,0.188,55000,71500,0.185,0.94,0.022,0.012,0.02,0.008,0.034,0.012,0.002,0.034,0.043,0.002,0.025,1970,X52
284,10.75,0.188,55000,69500,0.185,0.94,0.022,0.012,0.02,0.008,0.034,0.012,0.002,0.034,0.043,0.002,0.025,1970,X52
284,10.75,0.188,55000,75000,0.196,0.93,0.03,0.021,0.024,0.003,0.039,0.01,0.002,0.028,0.04,0.002,0.027,1970,X52
284,10.75,0.188,55000,71500,0.196,0.93,0.03,0.021,0.024,0.003,0.039,0.01,0.002,0.028,0.04,0.002,0.027,1970,X52
284,10.75,0.188,55000,69500,0.196,0.93,0.03,0.021,0.024,0.003,0.039,0.01,0.002,0.028,0.04,0.002,0.027,1970,X52
284,10.75,0.188,55000,75000,0.153,0.55,0.018,0.007,0.008,0.009,0.038,0.011,0.001,0.048,0.163,0.002,0.002,1970,X52
284,10.75,0.188,55000,71500,0.153,0.55,0.018,0.007,0.008,0.009,0.038,0.011,0.001,0.048,0.163,0.002,0.002,1970,X52
284,10.75,0.188,55000,69500,0.153,0.55,0.018,0.007,0.008,0.009,0.038,0.011,0.001,0.048,0.163,0.002,0.002,1970,X52
284,10.75,0.188,55000,75000,0.158,0.78,0.024,0.007,0.025,0,0.029,0.012,0.002,0.031,0.045,0.002,0.024,1970,X52
284,10.75,0.188,55000,71500,0.158,0.78,0.024,0.007,0.025,0,0.029,0.012,0.002,0.031,0.045,0.002,0.024,1970,X52
284,10.75,0.188,55000,69500,0.158,0.78,0.024,0.007,0.025,0,0.029,0.012,0.002,0.031,0.045,0.002,0.024,1970,X52
284,10.75,0.188,55000,75000,0.157,0.78,0.025,0.007,0.025,0,0.029,0.012,0.002,0.031,0.046,0.002,0.024,1970,X52
284,10.75,0.188,55000,71500,0.157,0.78,0.025,0.007,0.025,0,0.029,0.012,0.002,0.031,0.046,0.002,0.024,1970,X52
284,10.75,0.188,55000,69500,0.157,0.78,0.025,0.007,0.025,0,0.029,0.012,0.002,0.031,0.046,0.002,0.024,1970,X52
284,10.75,0.188,55000,75000,0.189,0.94,0.033,0.009,0.023,0,0.051,0.007,0.002,0.017,0.021,0.002,0.035,1970,X52
284,10.75,0.188,55000,71500,0.189,0.94,0.033,0.009,0.023,0,0.051,0.007,0.002,0.017,0.021,0.002,0.035,1970,X52
284,10.75,0.188,55000,69500,0.189,0.94,0.033,0.009,0.023,0,0.051,0.007,0.002,0.017,0.021,0.002,0.035,1970,X52
692,16,0.281,55000,87500,0.248,1.21,0.017,0.014,0.168,0.024,0.047,0.012,0.002,0.065,0.058,0.001,0.002,1954,X52
957,16,0.25,55000,81000,0.258,1.19,0.014,0.012,0.022,0.003,0.047,0.009,0.001,0.041,0.066,0.001,0.019,1972,X52
957,16,0.25,55000,81000,0.232,1.15,0.012,0.007,0.013,0.004,0.02,0.007,0.001,0.019,0.018,0.001,0.016,1972,X52
981,14,0.281,55000,79000,0.246,1.09,0.014,0.012,0.044,0.001,0.012,0.004,0.035,0.011,0.085,0,0.001,1966,X52
1358,18,0.25,55000,73500,0.188,0.919,0.025,0.018,0.314,0.039,0.068,0.015,0,0.056,0.139,0.002,0.001,1960,X52
1358,18,0.25,55000,73500,0.173,0.95,0.026,0.024,0.307,0.033,0.068,0.012,0,0.052,0.125,0.002,0.001,1960,X52
568,8.625,0.219,55500,75000,0.24,1.06,0.027,0.021,0.019,0.007,0.035,0.007,0.004,0.023,0.09,0.002,0.002,1960,X52
106,12.75,0.219,55500,73500,0.28,1.07,0.021,0.01,0.005,0.03,0.013,0,0.017,0.033,0,0,0,1962,X52
205,10.75,0.203,55500,77000,0.19,1.03,0.018,0.012,0.22,0.054,0.024,0.01,0.036,0.008,0.01,0.003,0.002,1967,X52
337,16,0.25,55500,71500,0.247,0.848,0.021,0.007,0.03,0.006,0.042,0.012,0.002,0.032,0.06,0.002,0.004,1961,X52
689,16,0.312,55500,71500,0.233,0.78,0.027,0.014,0.006,0.014,0.044,0.009,0,0.024,0.063,0.001,0.002,1974,X52
719,24,0.25,55500,83500,0.307,1.2,0.016,0.008,0.047,0.014,0.025,0.002,0.002,0.012,0.025,0.003,0.004,1967,X52
928,10.75,0.156,55500,82500,0.254,1.25,0.024,0.006,0.016,0.005,0.032,0.005,0.001,0.021,0.029,0.001,0.001,1977,X52
1310,8.625,0.156,55500,73000,0.206,1.11,0.017,0.01,0.058,0.001,0.02,0.005,0,0.073,0.043,0.001,0.001,1962,X52
1310,8.625,0.156,55500,73000,0.22,1.18,0.018,0.013,0.083,0.001,0.003,0.006,0,0.072,0.05,0.002,0.001,1962,X52
1310,8.625,0.156,55500,73000,0.227,1.1,0.02,0.013,0.021,0.002,0.026,0.006,0,0.028,0.055,0.001,0.001,1962,X52
1310,8.625,0.156,55500,73000,0.264,1.13,0.013,0.012,0.016,0.002,0.024,0.005,0,0.014,0.028,0.001,0.001,1962,X52
132,20,0.344,55800,81000,0.25,1.1,0.029,0.016,0.048,0,0.02,0.004,0.001,0.037,0.14,0.002,0,1952,X52
174,30,0.375,55800,82600,0.24,0.98,0.027,0.011,0.02,0.006,0.026,0.009,0.003,0.044,0.041,0.002,0.003,1952,X52
174,30,0.375,55800,82600,0.27,1.08,0.025,0.013,0.026,0.004,0.022,0.006,0.003,0.031,0.04,0.002,0.003,1952,X52
132,20,0.344,55800,81000,0.27,1.1,0.03,0.012,0.064,0,0.019,0.004,0.002,0.035,0.14,0.002,0.001,1952,X52
132,20,0.344,55800,81000,0.23,0.93,0.032,0.014,0.038,0.001,0.026,0.005,0.001,0.032,0.14,0.002,0,1952,X52
76,18,0.312,55900,68650,0.21,1.02,0.019,0.011,0.057,0,0.012,0.01,0,0.02,0.076,0,0.021,1970,X52
92,8.625,0.203,56000,74000,0.23,1.12,0.023,0.009,0.006,0,0.028,0.013,0,0.057,0.17,0,0.013,1961,X52
179,8.625,0.156,56000,80500,0.29,1.18,0.022,0.011,0.009,0.008,0.027,0.011,0.003,0.034,0.077,0.002,0.003,1966,X52
208,16,0.25,56000,76000,0.27,0.86,0.021,0.016,0.004,0.022,0.023,0.007,0.002,0.01,0.022,0.002,0.002,1954,X52
208,16,0.25,56000,76000,0.25,0.77,0.02,0.012,0.005,0.03,0.027,0.007,0.001,0.009,0.016,0.002,0.002,1954,X52
208,16,0.25,56000,76000,0.27,0.89,0.022,0.011,0.004,0.017,0.019,0.016,0.002,0.013,0.02,0.002,0.002,1954,X52
284,10.75,0.188,56000,73000,0.167,0.82,0.022,0.01,0.036,0.002,0.02,0.011,0.002,0.026,0.039,0.002,0.03,1970,X52
284,10.75,0.188,56000,71000,0.167,0.82,0.022,0.01,0.036,0.002,0.02,0.011,0.002,0.026,0.039,0.002,0.03,1970,X52
284,10.75,0.188,56000,73000,0.173,0.81,0.024,0.011,0.031,0.002,0.021,0.011,0.002,0.026,0.04,0.002,0.03,1970,X52
284,10.75,0.188,56000,71000,0.173,0.81,0.024,0.011,0.031,0.002,0.021,0.011,0.002,0.026,0.04,0.002,0.03,1970,X52
284,10.75,0.188,56000,73000,0.182,0.81,0.021,0.011,0.034,0.002,0.021,0.011,0.002,0.026,0.04,0.002,0.03,1970,X52
284,10.75,0.188,56000,71000,0.182,0.81,0.021,0.011,0.034,0.002,0.021,0.011,0.002,0.026,0.04,0.002,0.03,1970,X52
284,10.75,0.188,56000,73000,0.169,0.9,0.025,0.003,0.036,0.001,0.026,0.011,0.002,0.027,0.049,0.002,0.034,1970,X52
284,10.75,0.188,56000,71000,0.169,0.9,0.025,0.003,0.036,0.001,0.026,0.011,0.002,0.027,0.049,0.002,0.034,1970,X52
284,10.75,0.188,56000,73000,0.167,0.083,0.017,0.006,0.037,0.003,0.023,0.008,0.002,0.027,0.026,0.002,0.03,1970,X52
284,10.75,0.188,56000,71000,0.167,0.083,0.017,0.006,0.037,0.003,0.023,0.008,0.002,0.027,0.026,0.002,0.03,1970,X52
284,10.75,0.188,56000,73000,0.172,0.78,0.02,0.007,0.019,0.002,0.027,0.012,0.002,0.036,0.038,0.002,0.03,1970,X52
284,10.75,0.188,56000,71000,0.172,0.78,0.02,0.007,0.019,0.002,0.027,0.012,0.002,0.036,0.038,0.002,0.03,1970,X52
284,10.75,0.188,56000,73000,0.162,0.85,0.017,0.005,0.026,0,0.03,0.012,0.002,0.037,0.041,0.002,0.029,1970,X52
284,10.75,0.188,56000,71000,0.162,0.85,0.017,0.005,0.026,0,0.03,0.012,0.002,0.037,0.041,0.002,0.029,1970,X52
284,10.75,0.188,56000,73000,0.192,0.76,0.02,0.005,0.027,0.006,0.021,0.011,0.002,0.038,0.063,0.002,0.025,1970,X52
284,10.75,0.188,56000,71000,0.192,0.76,0.02,0.005,0.027,0.006,0.021,0.011,0.002,0.038,0.063,0.002,0.025,1970,X52
284,10.75,0.188,56000,73000,0.192,0.86,0.015,0.007,0.036,0.001,0.03,0.007,0.002,0.016,0.033,0.002,0.03,1970,X52
284,10.75,0.188,56000,71000,0.192,0.86,0.015,0.007,0.036,0.001,0.03,0.007,0.002,0.016,0.033,0.002,0.03,1970,X52
284,10.75,0.188,56000,73000,0.191,0.85,0.019,0.008,0.035,0.001,0.03,0.007,0.002,0.016,0.033,0.002,0.028,1970,X52
284,10.75,0.188,56000,71000,0.191,0.85,0.019,0.008,0.035,0.001,0.03,0.007,0.002,0.016,0.033,0.002,0.028,1970,X52
284,10.75,0.188,56000,73000,0.173,0.82,0.018,0.01,0.038,0.003,0.035,0.012,0.002,0.032,0.042,0.002,0.023,1970,X52
284,10.75,0.188,56000,71000,0.173,0.82,0.018,0.01,0.038,0.003,0.035,0.012,0.002,0.032,0.042,0.002,0.023,1970,X52
284,10.75,0.188,56000,73000,0.168,1.03,0.024,0.013,0.029,0,0.039,0.011,0.002,0.03,0.046,0.002,0.028,1970,X52
284,10.75,0.188,56000,71000,0.168,1.03,0.024,0.013,0.029,0,0.039,0.011,0.002,0.03,0.046,0.002,0.028,1970,X52
284,10.75,0.188,56000,73000,0.195,1,0.031,0.008,0.03,0.002,0.028,0.011,0.002,0.029,0.035,0.002,0.029,1970,X52
284,10.75,0.188,56000,71000,0.195,1,0.031,0.008,0.03,0.002,0.028,0.011,0.002,0.029,0.035,0.002,0.029,1970,X52
284,10.75,0.188,56000,73000,0.185,1.04,0.015,0.009,0.024,0,0.032,0.011,0.002,0.025,0.045,0.002,0.031,1970,X52
284,10.75,0.188,56000,71000,0.185,1.04,0.015,0.009,0.024,0,0.032,0.011,0.002,0.025,0.045,0.002,0.031,1970,X52
284,10.75,0.188,56000,73000,0.195,0.89,0.016,0.006,0.018,0.003,0.027,0.011,0.002,0.03,0.044,0.002,0.026,1970,X52
284,10.75,0.188,56000,71000,0.195,0.89,0.016,0.006,0.018,0.003,0.027,0.011,0.002,0.03,0.044,0.002,0.026,1970,X52
284,10.75,0.188,56000,73000,0.189,0.103,0.019,0.012,0.03,0.001,0.039,0.011,0.002,0.03,0.046,0.002,0.03,1970,X52
284,10.75,0.188,56000,71000,0.189,0.103,0.019,0.012,0.03,0.001,0.039,0.011,0.002,0.03,0.046,0.002,0.03,1970,X52
284,10.75,0.188,56000,73000,0.185,0.94,0.022,0.012,0.02,0.008,0.034,0.012,0.002,0.034,0.043,0.002,0.025,1970,X52
284,10.75,0.188,56000,71000,0.185,0.94,0.022,0.012,0.02,0.008,0.034,0.012,0.002,0.034,0.043,0.002,0.025,1970,X52
284,10.75,0.188,56000,73000,0.185,0.94,0.022,0.012,0.02,0.008,0.034,0.012,0.002,0.034,0.043,0.002,0.025,1970,X52
284,10.75,0.188,56000,71000,0.185,0.94,0.022,0.012,0.02,0.008,0.034,0.012,0.002,0.034,0.043,0.002,0.025,1970,X52
284,10.75,0.188,56000,73000,0.196,0.93,0.03,0.021,0.024,0.003,0.039,0.01,0.002,0.028,0.04,0.002,0.027,1970,X52
284,10.75,0.188,56000,71000,0.196,0.93,0.03,0.021,0.024,0.003,0.039,0.01,0.002,0.028,0.04,0.002,0.027,1970,X52
284,10.75,0.188,56000,73000,0.153,0.55,0.018,0.007,0.008,0.009,0.038,0.011,0.001,0.048,0.163,0.002,0.002,1970,X52
284,10.75,0.188,56000,71000,0.153,0.55,0.018,0.007,0.008,0.009,0.038,0.011,0.001,0.048,0.163,0.002,0.002,1970,X52
284,10.75,0.188,56000,73000,0.158,0.78,0.024,0.007,0.025,0,0.029,0.012,0.002,0.031,0.045,0.002,0.024,1970,X52
284,10.75,0.188,56000,71000,0.158,0.78,0.024,0.007,0.025,0,0.029,0.012,0.002,0.031,0.045,0.002,0.024,1970,X52
284,10.75,0.188,56000,73000,0.157,0.78,0.025,0.007,0.025,0,0.029,0.012,0.002,0.031,0.046,0.002,0.024,1970,X52
284,10.75,0.188,56000,71000,0.157,0.78,0.025,0.007,0.025,0,0.029,0.012,0.002,0.031,0.046,0.002,0.024,1970,X52
284,10.75,0.188,56000,73000,0.189,0.94,0.033,0.009,0.023,0,0.051,0.007,0.002,0.017,0.021,0.002,0.035,1970,X52
284,10.75,0.188,56000,71000,0.189,0.94,0.033,0.009,0.023,0,0.051,0.007,0.002,0.017,0.021,0.002,0.035,1970,X52
326,16,0.25,56000,79500,0.307,1.09,0.019,0.015,0.065,0.003,0.023,0.008,0.002,0.02,0.034,0.002,0.002,1960,X52
449,8.625,0.156,56000,72500,0.211,0.649,0.018,0.012,0.01,0.005,0.032,0.013,0.001,0.057,0.137,0.002,0.001,1971,X52
1300,8.625,0.188,56000,78500,0.25,0.822,0.03,0.011,0.094,0.001,0.071,0.016,0,0.081,0.252,0.001,0.001,1967,X52
1300,8.625,0.188,56000,78500,0.25,0.824,0.033,0.011,0.093,0.001,0.071,0.016,0,0.082,0.253,0.001,0.001,1967,X52
50,18,0.312,56500,67500,0.2,1.1,0.024,0.015,0.076,0.002,0.025,0.01,0,0.011,0.072,0,0.021,1970,X52
114,34,0.281,56500,80000,0.25,1.31,0.012,0.005,0.016,0,0.042,0.01,0,0.018,0.021,0,0,1967,X52
490,24,0.281,56500,79000,0.264,0.976,0.025,0.012,0.075,0.004,0.02,0.006,0.003,0.069,0.125,0.002,0.003,1952,X52
284,10.75,0.188,56500,73500,0.167,0.82,0.022,0.01,0.036,0.002,0.02,0.011,0.002,0.026,0.039,0.002,0.03,1970,X52
284,10.75,0.188,56500,73500,0.173,0.81,0.024,0.011,0.031,0.002,0.021,0.011,0.002,0.026,0.04,0.002,0.03,1970,X52
284,10.75,0.188,56500,73500,0.182,0.81,0.021,0.011,0.034,0.002,0.021,0.011,0.002,0.026,0.04,0.002,0.03,1970,X52
284,10.75,0.188,56500,73500,0.169,0.9,0.025,0.003,0.036,0.001,0.026,0.011,0.002,0.027,0.049,0.002,0.034,1970,X52
284,10.75,0.188,56500,73500,0.167,0.083,0.017,0.006,0.037,0.003,0.023,0.008,0.002,0.027,0.026,0.002,0.03,1970,X52
284,10.75,0.188,56500,73500,0.172,0.78,0.02,0.007,0.019,0.002,0.027,0.012,0.002,0.036,0.038,0.002,0.03,1970,X52
284,10.75,0.188,56500,73500,0.162,0.85,0.017,0.005,0.026,0,0.03,0.012,0.002,0.037,0.041,0.002,0.029,1970,X52
284,10.75,0.188,56500,73500,0.192,0.76,0.02,0.005,0.027,0.006,0.021,0.011,0.002,0.038,0.063,0.002,0.025,1970,X52
284,10.75,0.188,56500,73500,0.192,0.86,0.015,0.007,0.036,0.001,0.03,0.007,0.002,0.016,0.033,0.002,0.03,1970,X52
284,10.75,0.188,56500,73500,0.191,0.85,0.019,0.008,0.035,0.001,0.03,0.007,0.002,0.016,0.033,0.002,0.028,1970,X52
284,10.75,0.188,56500,73500,0.173,0.82,0.018,0.01,0.038,0.003,0.035,0.012,0.002,0.032,0.042,0.002,0.023,1970,X52
284,10.75,0.188,56500,73500,0.168,1.03,0.024,0.013,0.029,0,0.039,0.011,0.002,0.03,0.046,0.002,0.028,1970,X52
284,10.75,0.188,56500,73500,0.195,1,0.031,0.008,0.03,0.002,0.028,0.011,0.002,0.029,0.035,0.002,0.029,1970,X52
284,10.75,0.188,56500,73500,0.185,1.04,0.015,0.009,0.024,0,0.032,0.011,0.002,0.025,0.045,0.002,0.031,1970,X52
284,10.75,0.188,56500,73500,0.195,0.89,0.016,0.006,0.018,0.003,0.027,0.011,0.002,0.03,0.044,0.002,0.026,1970,X52
284,10.75,0.188,56500,73500,0.189,0.103,0.019,0.012,0.03,0.001,0.039,0.011,0.002,0.03,0.046,0.002,0.03,1970,X52
284,10.75,0.188,56500,73500,0.185,0.94,0.022,0.012,0.02,0.008,0.034,0.012,0.002,0.034,0.043,0.002,0.025,1970,X52
284,10.75,0.188,56500,73500,0.185,0.94,0.022,0.012,0.02,0.008,0.034,0.012,0.002,0.034,0.043,0.002,0.025,1970,X52
284,10.75,0.188,56500,73500,0.196,0.93,0.03,0.021,0.024,0.003,0.039,0.01,0.002,0.028,0.04,0.002,0.027,1970,X52
284,10.75,0.188,56500,73500,0.153,0.55,0.018,0.007,0.008,0.009,0.038,0.011,0.001,0.048,0.163,0.002,0.002,1970,X52
284,10.75,0.188,56500,73500,0.158,0.78,0.024,0.007,0.025,0,0.029,0.012,0.002,0.031,0.045,0.002,0.024,1970,X52
284,10.75,0.188,56500,73500,0.157,0.78,0.025,0.007,0.025,0,0.029,0.012,0.002,0.031,0.046,0.002,0.024,1970,X52
284,10.75,0.188,56500,73500,0.189,0.94,0.033,0.009,0.023,0,0.051,0.007,0.002,0.017,0.021,0.002,0.035,1970,X52
405,16,0.28,56500,72500,0.249,0.856,0.037,0.016,0.004,0.011,0.027,0.007,0.001,0.023,0.078,0.002,0.002,1954,X52
451,32,0.312,56500,78000,0.202,1,0.02,0.007,0.023,0.002,0.047,0.016,0.002,0.024,0.021,0.002,0.002,1961,X52
490,24,0.281,56500,79000,0.261,0.948,0.027,0.017,0.064,0.004,0.019,0.008,0.003,0.072,0.149,0.002,0.003,1952,X52
919,20,0.23,56500,84500,0.248,1.16,0.017,0.011,0.036,0.004,0.052,0.009,0.044,0.028,0.022,0.001,0.001,1968,X52
919,20,0.23,56500,84500,0.252,1.17,0.014,0.009,0.011,0.009,0.038,0.027,0.04,0.141,0.016,0.001,0.001,1968,X52
919,20,0.23,56500,84500,0.236,1.22,0.021,0.019,0.019,0.004,0.074,0.01,0.002,0.041,0.03,0.001,0.029,1968,X52
919,20,0.23,56500,84500,0.268,1.12,0.017,0.014,0.015,0.006,0.059,0.012,0.04,0.033,0.028,0.001,0.001,1968,X52
1310,8.625,0.156,56500,74000,0.206,1.11,0.017,0.01,0.058,0.001,0.02,0.005,0,0.073,0.043,0.001,0.001,1962,X52
1310,8.625,0.156,56500,74000,0.22,1.18,0.018,0.013,0.083,0.001,0.003,0.006,0,0.072,0.05,0.002,0.001,1962,X52
1310,8.625,0.156,56500,74000,0.227,1.1,0.02,0.013,0.021,0.002,0.026,0.006,0,0.028,0.055,0.001,0.001,1962,X52
1310,8.625,0.156,56500,74000,0.264,1.13,0.013,0.012,0.016,0.002,0.024,0.005,0,0.014,0.028,0.001,0.001,1962,X52
174,30,0.375,56600,82500,0.24,0.98,0.027,0.011,0.02,0.006,0.026,0.009,0.003,0.044,0.041,0.002,0.003,1952,X52
174,30,0.375,56600,82500,0.27,1.08,0.025,0.013,0.026,0.004,0.022,0.006,0.003,0.031,0.04,0.002,0.003,1952,X52
1418,30,0.312,56800,82100,0.243,1.29,0.011,0.01,0.036,0.001,0.035,0.014,0,0.063,0.112,0.001,0.001,1969,X52
1418,30,0.312,56800,82100,0.207,1.34,0.017,0.009,0.009,0.032,0.027,0.014,0.064,0.076,0.017,0.001,0.001,1969,X52
1515,10.75,0.188,56800,79200,0.165,0.933,0.014,0.009,0.026,0.001,0.04,0.008,0,0.025,0.04,0.001,0.034,1970,X52
1515,10.75,0.188,56800,79200,0.192,0.927,0.02,0.03,0.028,0.004,0.047,0.012,0,0.04,0.037,0.001,0.033,1970,X52
58,20,0.23,57000,74000,0.27,1.06,0.015,0.007,0.059,0,0.019,0.011,0,0.027,0.062,0,0,1968,X52
738,16,0.281,57000,69000,0.223,0.835,0.021,0.01,0.005,0.003,0.026,0.004,0,0.018,0.033,0.001,0.002,1955,X52
132,20,0.344,57000,76000,0.25,1.1,0.029,0.016,0.048,0,0.02,0.004,0.001,0.037,0.14,0.002,0,1952,X52
348,30,0.375,57000,82000,0.252,1.12,0.022,0.012,0.036,0.002,0.046,0.008,0.003,0.015,0.029,0.002,0.003,1957,X52
348,30,0.375,57000,82000,0.243,1.06,0.015,0.012,0.012,0.005,0.048,0.024,0.003,0.079,0.162,0.002,0.003,1957,X52
308,20,0.358,57000,87500,0.26,1.2,0.017,0.018,0.136,0.013,0.014,0.008,0.003,0.011,0.012,0.002,0.002,1949,X52
348,30,0.375,57000,82000,0.272,1.1,0.018,0.015,0.029,0.003,0.045,0.009,0.003,0.027,0.038,0.002,0.003,1957,X52
363,16,0.308,57000,66500,0.132,1.14,0.012,0.009,0.024,0.002,0.031,0.007,0.003,0.022,0.024,0.002,0.018,1967,X52
917,12.75,0.25,57000,79000,0.256,1.16,0.019,0.028,0.034,0.001,0.02,0.008,0.001,0.056,0.396,0.001,0.001,1961,X52
917,12.75,0.25,57000,79000,0.271,1.08,0.032,0.037,0.041,0.001,0.088,0.013,0.002,0.079,0.404,0.001,0.001,1961,X52
917,12.75,0.25,57000,79000,0.249,1.11,0.037,0.028,0.056,0.002,0.053,0.012,0.001,0.084,0.436,0.001,0.001,1961,X52
917,12.75,0.25,57000,79000,0.256,1.15,0.02,0.026,0.035,0.002,0.02,0.009,0.001,0.056,0.39,0.001,0.001,1961,X52
917,12.75,0.25,57000,79000,0.249,1.14,0.028,0.033,0.046,0.001,0.053,0.015,0.001,0.107,0.404,0.001,0.001,1961,X52
917,12.75,0.25,57000,79000,0.255,1.17,0.017,0.026,0.034,0.001,0.021,0.008,0.001,0.054,0.386,0.001,0.001,1961,X52
132,20,0.344,57000,76000,0.27,1.1,0.03,0.012,0.064,0,0.019,0.004,0.002,0.035,0.14,0.002,0.001,1952,X52
132,20,0.344,57000,76000,0.23,0.93,0.032,0.014,0.038,0.001,0.026,0.005,0.001,0.032,0.14,0.002,0,1952,X52
1205,8.625,0.219,57000,68000,0.14,0.462,0.019,0.009,0.151,0.023,0.008,0.004,0,0.011,0.008,0.002,0.032,1979,X52
1223,12.75,0.219,57000,72000,0.251,0.967,0.014,0.01,0.007,0.008,0.049,0.007,0,0.014,0.024,0.001,0.001,1962,X52
1223,12.75,0.219,57000,72500,0.251,0.967,0.014,0.01,0.007,0.008,0.049,0.007,0,0.014,0.024,0.001,0.001,1962,X52
1223,12.75,0.219,57000,72500,0.251,0.967,0.014,0.01,0.007,0.008,0.049,0.007,0,0.014,0.024,0.001,0.001,1962,X52
1205,8.625,0.219,57000,68000,0.118,0.486,0.019,0.014,0.137,0.035,0.011,0.004,0,0.013,0.005,0.002,0.035,1979,X52
1223,12.75,0.219,57000,72000,0.243,0.968,0.026,0.01,0.008,0.009,0.045,0.009,0,0.013,0.023,0.001,0.001,1962,X52
1223,12.75,0.219,57000,72500,0.243,0.968,0.026,0.01,0.008,0.009,0.045,0.009,0,0.013,0.023,0.001,0.001,1962,X52
1223,12.75,0.219,57000,72500,0.243,0.968,0.026,0.01,0.008,0.009,0.045,0.009,0,0.013,0.023,0.001,0.001,1962,X52
917,12.75,0.25,57000,79000,0.253,1.25,0.024,0.034,0.043,0.001,0.03,0.01,0.002,0.145,0.428,0.001,0.001,1961,X52
917,12.75,0.25,57000,79000,0.266,1.19,0.024,0.03,0.034,0.002,0.021,0.008,0.001,0.052,0.385,0.001,0.001,1961,X52
917,12.75,0.25,57000,79000,0.267,1.17,0.015,0.028,0.041,0.001,0.026,0.008,0.001,0.058,0.423,0.001,0.001,1961,X52
917,12.75,0.25,57000,79000,0.278,1.21,0.029,0.027,0.053,0.002,0.058,0.012,0.002,0.079,0.402,0.001,0.001,1961,X52
917,12.75,0.25,57000,79000,0.286,1.25,0.025,0.034,0.043,0.003,0.053,0.011,0.002,0.082,0.412,0.001,0.001,1961,X52
917,12.75,0.25,57000,79000,0.205,1.37,0.037,0.011,0.026,0.002,0.032,0.008,0.002,0.061,0.22,0.001,0.001,1961,X52
917,12.75,0.25,57000,79000,0.282,1.15,0.021,0.029,0.035,0.002,0.02,0.008,0.001,0.05,0.414,0.001,0.001,1961,X52
1310,8.625,0.156,57000,76000,0.206,1.11,0.017,0.01,0.058,0.001,0.02,0.005,0,0.073,0.043,0.001,0.001,1962,X52
1310,8.625,0.156,57000,76000,0.22,1.18,0.018,0.013,0.083,0.001,0.003,0.006,0,0.072,0.05,0.002,0.001,1962,X52
1414,24,0.312,57000,80500,0.285,1.12,0.0215,0.016,0.161,0.0015,0.026,0.016,0,0.108,0.205,0.001,0.001,1948,X52
1414,24,0.312,57000,80500,0.246,1.01,0.0235,0.018,0.119,0.001,0.052,0.0355,0,0.02095,0.224,0.001,0.001,1948,X52
1310,8.625,0.156,57000,76000,0.227,1.1,0.02,0.013,0.021,0.002,0.026,0.006,0,0.028,0.055,0.001,0.001,1962,X52
1310,8.625,0.156,57000,76000,0.264,1.13,0.013,0.012,0.016,0.002,0.024,0.005,0,0.014,0.028,0.001,0.001,1962,X52
1414,24,0.312,57000,80500,0.244,1.205,0.0245,0.0145,0.1485,0.0015,0.026,0.011,0,0.0635,0.179,0.001,0.001,1948,X52
1414,24,0.312,57000,80500,0.239,1.005,0.023,0.0175,0.1355,0.001,0.027,0.008,0,0.0475,0.121,0.001,0.001,1948,X52
1414,24,0.312,57000,80500,0.309,1.15,0.0225,0.0182,0.145,0.001,0.032,0.011,0,0.076,0.182,0.001,0.001,1948,X52
1414,24,0.312,57000,80500,0.246,1.175,0.0185,0.0335,0.1175,0.001,0.036,0.008,0,0.043,0.1535,0.001,0.001,1948,X52
1446,8.625,0.188,57000,77500,0.249,0.82,0.029,0.012,0.093,0.001,0.072,0.017,0,0.082,0.256,0.001,0.001,1967,X52
1446,8.625,0.188,57000,77500,0.255,0.82,0.03,0.012,0.094,0.001,0.072,0.016,0,0.082,0.253,0.001,0.001,1967,X52
1485,20,0.25,57400,78500,0.156,1.07,0.017,0.019,0.037,0.001,0.03,0.009,0,0.048,0.098,0.001,0.024,1967,X52
1485,20,0.25,57400,78500,0.242,1.16,0.018,0.017,0.039,0.001,0.022,0.005,0,0.016,0.036,0.001,0.001,1967,X52
1485,20,0.25,57400,78500,0.157,1.07,0.015,0.019,0.037,0.001,0.03,0.009,0,0.048,0.098,0.001,0.023,1967,X52
123,24,0.25,57500,78500,0.23,0.79,0.025,0.04,0.055,0,0.028,0.005,0.001,0.04,0.19,0.001,0,1953,X52
348,30,0.375,57500,81000,0.252,1.12,0.022,0.012,0.036,0.002,0.046,0.008,0.003,0.015,0.029,0.002,0.003,1957,X52
348,30,0.375,57500,81000,0.243,1.06,0.015,0.012,0.012,0.005,0.048,0.024,0.003,0.079,0.162,0.002,0.003,1957,X52
284,10.75,0.188,57500,70500,0.167,0.82,0.022,0.01,0.036,0.002,0.02,0.011,0.002,0.026,0.039,0.002,0.03,1970,X52
284,10.75,0.188,57500,70500,0.173,0.81,0.024,0.011,0.031,0.002,0.021,0.011,0.002,0.026,0.04,0.002,0.03,1970,X52
284,10.75,0.188,57500,70500,0.182,0.81,0.021,0.011,0.034,0.002,0.021,0.011,0.002,0.026,0.04,0.002,0.03,1970,X52
284,10.75,0.188,57500,70500,0.169,0.9,0.025,0.003,0.036,0.001,0.026,0.011,0.002,0.027,0.049,0.002,0.034,1970,X52
284,10.75,0.188,57500,70500,0.167,0.083,0.017,0.006,0.037,0.003,0.023,0.008,0.002,0.027,0.026,0.002,0.03,1970,X52
284,10.75,0.188,57500,70500,0.172,0.78,0.02,0.007,0.019,0.002,0.027,0.012,0.002,0.036,0.038,0.002,0.03,1970,X52
284,10.75,0.188,57500,70500,0.162,0.85,0.017,0.005,0.026,0,0.03,0.012,0.002,0.037,0.041,0.002,0.029,1970,X52
284,10.75,0.188,57500,70500,0.192,0.76,0.02,0.005,0.027,0.006,0.021,0.011,0.002,0.038,0.063,0.002,0.025,1970,X52
284,10.75,0.188,57500,70500,0.192,0.86,0.015,0.007,0.036,0.001,0.03,0.007,0.002,0.016,0.033,0.002,0.03,1970,X52
284,10.75,0.188,57500,70500,0.191,0.85,0.019,0.008,0.035,0.001,0.03,0.007,0.002,0.016,0.033,0.002,0.028,1970,X52
284,10.75,0.188,57500,70500,0.173,0.82,0.018,0.01,0.038,0.003,0.035,0.012,0.002,0.032,0.042,0.002,0.023,1970,X52
284,10.75,0.188,57500,70500,0.168,1.03,0.024,0.013,0.029,0,0.039,0.011,0.002,0.03,0.046,0.002,0.028,1970,X52
284,10.75,0.188,57500,70500,0.195,1,0.031,0.008,0.03,0.002,0.028,0.011,0.002,0.029,0.035,0.002,0.029,1970,X52
284,10.75,0.188,57500,70500,0.185,1.04,0.015,0.009,0.024,0,0.032,0.011,0.002,0.025,0.045,0.002,0.031,1970,X52
284,10.75,0.188,57500,70500,0.195,0.89,0.016,0.006,0.018,0.003,0.027,0.011,0.002,0.03,0.044,0.002,0.026,1970,X52
284,10.75,0.188,57500,70500,0.189,0.103,0.019,0.012,0.03,0.001,0.039,0.011,0.002,0.03,0.046,0.002,0.03,1970,X52
284,10.75,0.188,57500,70500,0.185,0.94,0.022,0.012,0.02,0.008,0.034,0.012,0.002,0.034,0.043,0.002,0.025,1970,X52
284,10.75,0.188,57500,70500,0.185,0.94,0.022,0.012,0.02,0.008,0.034,0.012,0.002,0.034,0.043,0.002,0.025,1970,X52
284,10.75,0.188,57500,70500,0.196,0.93,0.03,0.021,0.024,0.003,0.039,0.01,0.002,0.028,0.04,0.002,0.027,1970,X52
284,10.75,0.188,57500,70500,0.153,0.55,0.018,0.007,0.008,0.009,0.038,0.011,0.001,0.048,0.163,0.002,0.002,1970,X52
284,10.75,0.188,57500,70500,0.158,0.78,0.024,0.007,0.025,0,0.029,0.012,0.002,0.031,0.045,0.002,0.024,1970,X52
284,10.75,0.188,57500,70500,0.157,0.78,0.025,0.007,0.025,0,0.029,0.012,0.002,0.031,0.046,0.002,0.024,1970,X52
284,10.75,0.188,57500,70500,0.189,0.94,0.033,0.009,0.023,0,0.051,0.007,0.002,0.017,0.021,0.002,0.035,1970,X52
348,30,0.375,57500,81000,0.272,1.1,0.018,0.015,0.029,0.003,0.045,0.009,0.003,0.027,0.038,0.002,0.003,1957,X52
670,6.625,0.156,57500,75000,0.144,0.779,0.01,0.02,0.123,0.041,0.032,0.005,0.007,0.018,0.006,0.004,0.014,1979,X52
697,6.625,0.25,57500,74500,0.206,0.796,0.027,0.014,0.118,0.003,0.044,0.01,0.001,0.061,0.114,0.001,0.002,1969,X52
919,20,0.23,57500,76500,0.248,1.16,0.017,0.011,0.036,0.004,0.052,0.009,0.044,0.028,0.022,0.001,0.001,1968,X52
919,20,0.23,57500,76500,0.252,1.17,0.014,0.009,0.011,0.009,0.038,0.027,0.04,0.141,0.016,0.001,0.001,1968,X52
919,20,0.23,57500,76500,0.236,1.22,0.021,0.019,0.019,0.004,0.074,0.01,0.002,0.041,0.03,0.001,0.029,1968,X52
919,20,0.23,57500,76500,0.268,1.12,0.017,0.014,0.015,0.006,0.059,0.012,0.04,0.033,0.028,0.001,0.001,1968,X52
957,16,0.25,57500,78000,0.258,1.19,0.014,0.012,0.022,0.003,0.047,0.009,0.001,0.041,0.066,0.001,0.019,1972,X52
957,16,0.25,57500,78000,0.232,1.15,0.012,0.007,0.013,0.004,0.02,0.007,0.001,0.019,0.018,0.001,0.016,1972,X52
1223,12.75,0.219,57500,72500,0.251,0.967,0.014,0.01,0.007,0.008,0.049,0.007,0,0.014,0.024,0.001,0.001,1962,X52
1223,12.75,0.219,57500,72500,0.243,0.968,0.026,0.01,0.008,0.009,0.045,0.009,0,0.013,0.023,0.001,0.001,1962,X52
1358,18,0.25,57500,77500,0.188,0.919,0.025,0.018,0.314,0.039,0.068,0.015,0,0.056,0.139,0.002,0.001,1960,X52
1358,18,0.25,57500,77500,0.173,0.95,0.026,0.024,0.307,0.033,0.068,0.012,0,0.052,0.125,0.002,0.001,1960,X52
1441,8.625,0.188,57500,68000,0.229,0.83,0.018,0.011,0.017,0.004,0.041,0.003,0,0.009,0.011,0.001,0.001,1968,X52
1441,8.625,0.188,57500,68000,0.188,0.61,0.009,0.008,0.007,0.007,0.014,0.003,0,0.015,0.036,0.001,0.001,1968,X52
1518,8.625,0.188,57500,76700,0.274,0.99,0.012,0.007,0.01,0.005,0.013,0.008,0,0.012,0.091,0.001,0.001,1962,X52
1417,30,0.312,57700,83200,0.202,1.15,0.019,0.015,0.04,0.001,0.035,0.009,0,0.032,0.038,0.001,0.001,1969,X52
1417,30,0.312,57700,83200,0.195,1.25,0.009,0.018,0.021,0.044,0.039,0.007,0.061,0.014,0.008,0.001,0.001,1969,X52
590,10.75,0.188,57800,83400,0.259,1.13,0.018,0.01,0.235,0.004,0.03,0.013,0.003,0.047,0.118,0.003,0.002,1972,X52
103,26,0.3125,58000,75000,0.23,1.03,0.032,0.025,0.06,0,0.13,0.04,0,0.072,0.2,0,0,1951,X52
124,24,0.25,58000,77000,0.22,0.82,0.028,0.019,0.054,0.007,0.035,0.007,0.001,0.035,0.17,0.002,0,1948,X52
125,24,0.25,58000,79000,0.27,0.73,0.017,0.023,0.025,0.005,0.028,0.009,0.001,0.075,0.18,0.002,0,1948,X52
103,26,0.3125,58000,75000,0.24,0.94,0.02,0.026,0.052,0.002,0.017,0.017,0.001,0.041,0.12,0,0.002,1951,X52
103,26,0.3125,58000,75000,0.25,1.09,0.031,0.023,0.078,0,0.023,0.016,0,0.058,0.18,0,0.001,1951,X52
170,28,0.281,58000,76500,0.2,1.19,0.024,0.014,0.042,0.002,0.031,0.009,0.003,0.012,0.063,0.002,0.003,1970,X52
284,10.75,0.188,58000,71500,0.167,0.82,0.022,0.01,0.036,0.002,0.02,0.011,0.002,0.026,0.039,0.002,0.03,1970,X52
284,10.75,0.188,58000,75000,0.167,0.82,0.022,0.01,0.036,0.002,0.02,0.011,0.002,0.026,0.039,0.002,0.03,1970,X52
284,10.75,0.188,58000,71500,0.173,0.81,0.024,0.011,0.031,0.002,0.021,0.011,0.002,0.026,0.04,0.002,0.03,1970,X52
284,10.75,0.188,58000,75000,0.173,0.81,0.024,0.011,0.031,0.002,0.021,0.011,0.002,0.026,0.04,0.002,0.03,1970,X52
284,10.75,0.188,58000,71500,0.182,0.81,0.021,0.011,0.034,0.002,0.021,0.011,0.002,0.026,0.04,0.002,0.03,1970,X52
284,10.75,0.188,58000,75000,0.182,0.81,0.021,0.011,0.034,0.002,0.021,0.011,0.002,0.026,0.04,0.002,0.03,1970,X52
284,10.75,0.188,58000,71500,0.169,0.9,0.025,0.003,0.036,0.001,0.026,0.011,0.002,0.027,0.049,0.002,0.034,1970,X52
284,10.75,0.188,58000,75000,0.169,0.9,0.025,0.003,0.036,0.001,0.026,0.011,0.002,0.027,0.049,0.002,0.034,1970,X52
284,10.75,0.188,58000,71500,0.167,0.083,0.017,0.006,0.037,0.003,0.023,0.008,0.002,0.027,0.026,0.002,0.03,1970,X52
284,10.75,0.188,58000,75000,0.167,0.083,0.017,0.006,0.037,0.003,0.023,0.008,0.002,0.027,0.026,0.002,0.03,1970,X52
284,10.75,0.188,58000,71500,0.172,0.78,0.02,0.007,0.019,0.002,0.027,0.012,0.002,0.036,0.038,0.002,0.03,1970,X52
284,10.75,0.188,58000,75000,0.172,0.78,0.02,0.007,0.019,0.002,0.027,0.012,0.002,0.036,0.038,0.002,0.03,1970,X52
284,10.75,0.188,58000,71500,0.162,0.85,0.017,0.005,0.026,0,0.03,0.012,0.002,0.037,0.041,0.002,0.029,1970,X52
284,10.75,0.188,58000,75000,0.162,0.85,0.017,0.005,0.026,0,0.03,0.012,0.002,0.037,0.041,0.002,0.029,1970,X52
284,10.75,0.188,58000,71500,0.192,0.76,0.02,0.005,0.027,0.006,0.021,0.011,0.002,0.038,0.063,0.002,0.025,1970,X52
284,10.75,0.188,58000,75000,0.192,0.76,0.02,0.005,0.027,0.006,0.021,0.011,0.002,0.038,0.063,0.002,0.025,1970,X52
284,10.75,0.188,58000,71500,0.192,0.86,0.015,0.007,0.036,0.001,0.03,0.007,0.002,0.016,0.033,0.002,0.03,1970,X52
284,10.75,0.188,58000,75000,0.192,0.86,0.015,0.007,0.036,0.001,0.03,0.007,0.002,0.016,0.033,0.002,0.03,1970,X52
284,10.75,0.188,58000,71500,0.191,0.85,0.019,0.008,0.035,0.001,0.03,0.007,0.002,0.016,0.033,0.002,0.028,1970,X52
284,10.75,0.188,58000,75000,0.191,0.85,0.019,0.008,0.035,0.001,0.03,0.007,0.002,0.016,0.033,0.002,0.028,1970,X52
284,10.75,0.188,58000,71500,0.173,0.82,0.018,0.01,0.038,0.003,0.035,0.012,0.002,0.032,0.042,0.002,0.023,1970,X52
284,10.75,0.188,58000,75000,0.173,0.82,0.018,0.01,0.038,0.003,0.035,0.012,0.002,0.032,0.042,0.002,0.023,1970,X52
284,10.75,0.188,58000,71500,0.168,1.03,0.024,0.013,0.029,0,0.039,0.011,0.002,0.03,0.046,0.002,0.028,1970,X52
284,10.75,0.188,58000,75000,0.168,1.03,0.024,0.013,0.029,0,0.039,0.011,0.002,0.03,0.046,0.002,0.028,1970,X52
284,10.75,0.188,58000,71500,0.195,1,0.031,0.008,0.03,0.002,0.028,0.011,0.002,0.029,0.035,0.002,0.029,1970,X52
284,10.75,0.188,58000,75000,0.195,1,0.031,0.008,0.03,0.002,0.028,0.011,0.002,0.029,0.035,0.002,0.029,1970,X52
284,10.75,0.188,58000,71500,0.185,1.04,0.015,0.009,0.024,0,0.032,0.011,0.002,0.025,0.045,0.002,0.031,1970,X52
284,10.75,0.188,58000,75000,0.185,1.04,0.015,0.009,0.024,0,0.032,0.011,0.002,0.025,0.045,0.002,0.031,1970,X52
284,10.75,0.188,58000,71500,0.195,0.89,0.016,0.006,0.018,0.003,0.027,0.011,0.002,0.03,0.044,0.002,0.026,1970,X52
284,10.75,0.188,58000,75000,0.195,0.89,0.016,0.006,0.018,0.003,0.027,0.011,0.002,0.03,0.044,0.002,0.026,1970,X52
284,10.75,0.188,58000,71500,0.189,0.103,0.019,0.012,0.03,0.001,0.039,0.011,0.002,0.03,0.046,0.002,0.03,1970,X52
284,10.75,0.188,58000,75000,0.189,0.103,0.019,0.012,0.03,0.001,0.039,0.011,0.002,0.03,0.046,0.002,0.03,1970,X52
284,10.75,0.188,58000,71500,0.185,0.94,0.022,0.012,0.02,0.008,0.034,0.012,0.002,0.034,0.043,0.002,0.025,1970,X52
284,10.75,0.188,58000,75000,0.185,0.94,0.022,0.012,0.02,0.008,0.034,0.012,0.002,0.034,0.043,0.002,0.025,1970,X52
284,10.75,0.188,58000,71500,0.185,0.94,0.022,0.012,0.02,0.008,0.034,0.012,0.002,0.034,0.043,0.002,0.025,1970,X52
284,10.75,0.188,58000,75000,0.185,0.94,0.022,0.012,0.02,0.008,0.034,0.012,0.002,0.034,0.043,0.002,0.025,1970,X52
284,10.75,0.188,58000,71500,0.196,0.93,0.03,0.021,0.024,0.003,0.039,0.01,0.002,0.028,0.04,0.002,0.027,1970,X52
284,10.75,0.188,58000,75000,0.196,0.93,0.03,0.021,0.024,0.003,0.039,0.01,0.002,0.028,0.04,0.002,0.027,1970,X52
284,10.75,0.188,58000,71500,0.153,0.55,0.018,0.007,0.008,0.009,0.038,0.011,0.001,0.048,0.163,0.002,0.002,1970,X52
284,10.75,0.188,58000,75000,0.153,0.55,0.018,0.007,0.008,0.009,0.038,0.011,0.001,0.048,0.163,0.002,0.002,1970,X52
284,10.75,0.188,58000,71500,0.158,0.78,0.024,0.007,0.025,0,0.029,0.012,0.002,0.031,0.045,0.002,0.024,1970,X52
284,10.75,0.188,58000,75000,0.158,0.78,0.024,0.007,0.025,0,0.029,0.012,0.002,0.031,0.045,0.002,0.024,1970,X52
284,10.75,0.188,58000,71500,0.157,0.78,0.025,0.007,0.025,0,0.029,0.012,0.002,0.031,0.046,0.002,0.024,1970,X52
284,10.75,0.188,58000,75000,0.157,0.78,0.025,0.007,0.025,0,0.029,0.012,0.002,0.031,0.046,0.002,0.024,1970,X52
284,10.75,0.188,58000,71500,0.189,0.94,0.033,0.009,0.023,0,0.051,0.007,0.002,0.017,0.021,0.002,0.035,1970,X52
284,10.75,0.188,58000,75000,0.189,0.94,0.033,0.009,0.023,0,0.051,0.007,0.002,0.017,0.021,0.002,0.035,1970,X52
349,8.625,0.188,58000,77500,0.237,0.97,0.021,0.012,0.053,0.004,0.024,0.005,0.003,0.009,0.014,0.002,0.003,1961,X52
349,8.625,0.188,58000,77500,0.233,0.98,0.022,0.013,0.046,0.015,0.02,0.007,0.002,0.031,0.093,0.002,0.001,1961,X52
349,8.625,0.188,58000,77500,0.24,0.99,0.021,0.012,0.047,0.007,0.019,0.006,0.002,0.031,0.093,0.002,0.001,1961,X52
349,8.625,0.188,58000,77500,0.271,1.13,0.023,0.016,0.048,0.001,0.027,0.009,0.004,0.047,0.149,0.002,0.003,1961,X52
349,8.625,0.188,58000,77500,0.227,0.95,0.016,0.018,0.04,0.005,0.016,0.004,0.002,0.008,0.011,0.002,0.001,1961,X52
349,8.625,0.188,58000,77500,0.234,1.29,0.024,0.016,0.051,0.001,0.041,0.011,0.004,0.052,0.145,0.002,0.002,1961,X52
404,12.75,0.188,58000,74000,0.261,0.936,0.025,0.008,0.005,0.011,0.047,0.008,0.002,0.019,0.026,0,0.002,1963,X52
606,24,0.281,58000,78500,0.269,1.07,0.033,0.016,0.066,0.002,0.017,0.007,0.003,0.03,0.19,0.002,0.004,1952,X52
709,16,0.25,58000,72500,0.186,1.1,0.021,0.006,0.034,0.001,0.011,0.001,0.001,0.01,0.01,0.001,0.025,1973,X52
722,12.75,0.25,58000,74000,0.234,0.96,0.022,0.014,0.058,0.002,0.025,0.004,0.002,0.044,0.146,0.001,0.002,1954,X52
1077,8.625,0.25,58000,69000,0.235,0.98,0.028,0.008,0.015,0.007,0.041,0.004,0,0.011,0.011,0,0.001,1969,X52
1195,8.625,0.188,58000,75500,0.208,0.747,0.015,0.008,0.06,0.005,0.025,0.006,0,0.039,0.047,0.001,0.018,1963,X52
1350,10.75,0.188,58000,82000,0.253,1.33,0.024,0.006,0.018,0.006,0.038,0.014,0,0.056,0.112,0.002,0.001,1973,X52
1356,8.625,0.188,58000,70000,0.152,1.11,0.022,0.011,0.01,0.004,0.038,0.006,0,0.016,0.02,0.001,0.011,1967,X52
1402,16,0.25,58000,72500,0.225,0.85,0.018,0.013,0.006,0.009,0.021,0.004,0,0.01,0.017,0.001,0.001,1954,X52
1402,16,0.25,58000,72500,0.231,1.16,0.016,0.016,0.104,0.021,0.049,0.021,0,0.051,0.05,0.001,0.001,1954,X52
1402,16,0.25,58000,72500,0.25,0.92,0.02,0.012,0.006,0.006,0.025,0.005,0,0.012,0.016,0.001,0.001,1954,X52
1485,20,0.25,58100,82700,0.156,1.07,0.017,0.019,0.037,0.001,0.03,0.009,0,0.048,0.098,0.001,0.024,1967,X52
1485,20,0.25,58100,82700,0.242,1.16,0.018,0.017,0.039,0.001,0.022,0.005,0,0.016,0.036,0.001,0.001,1967,X52
1485,20,0.25,58100,82700,0.157,1.07,0.015,0.019,0.037,0.001,0.03,0.009,0,0.048,0.098,0.001,0.023,1967,X52
186,16,0.281,58200,71000,0.23,0.9,0.027,0.016,0.004,0.018,0.024,0.008,0.001,0.069,0.075,0.002,0.002,1955,X52
169,10.75,0.188,58500,83000,0.24,1.17,0.019,0.012,0.25,0.005,0.043,0.015,0.003,0.063,0.11,0.003,0.004,1972,X52
169,10.75,0.188,58500,83000,0.24,1.18,0.022,0.013,0.25,0.003,0.036,0.015,0.003,0.073,0.1,0.003,0.004,1972,X52
284,10.75,0.188,58500,73500,0.167,0.82,0.022,0.01,0.036,0.002,0.02,0.011,0.002,0.026,0.039,0.002,0.03,1970,X52
284,10.75,0.188,58500,73500,0.173,0.81,0.024,0.011,0.031,0.002,0.021,0.011,0.002,0.026,0.04,0.002,0.03,1970,X52
284,10.75,0.188,58500,73500,0.182,0.81,0.021,0.011,0.034,0.002,0.021,0.011,0.002,0.026,0.04,0.002,0.03,1970,X52
284,10.75,0.188,58500,73500,0.169,0.9,0.025,0.003,0.036,0.001,0.026,0.011,0.002,0.027,0.049,0.002,0.034,1970,X52
284,10.75,0.188,58500,73500,0.167,0.083,0.017,0.006,0.037,0.003,0.023,0.008,0.002,0.027,0.026,0.002,0.03,1970,X52
284,10.75,0.188,58500,73500,0.172,0.78,0.02,0.007,0.019,0.002,0.027,0.012,0.002,0.036,0.038,0.002,0.03,1970,X52
284,10.75,0.188,58500,73500,0.162,0.85,0.017,0.005,0.026,0,0.03,0.012,0.002,0.037,0.041,0.002,0.029,1970,X52
284,10.75,0.188,58500,73500,0.192,0.76,0.02,0.005,0.027,0.006,0.021,0.011,0.002,0.038,0.063,0.002,0.025,1970,X52
284,10.75,0.188,58500,73500,0.192,0.86,0.015,0.007,0.036,0.001,0.03,0.007,0.002,0.016,0.033,0.002,0.03,1970,X52
284,10.75,0.188,58500,73500,0.191,0.85,0.019,0.008,0.035,0.001,0.03,0.007,0.002,0.016,0.033,0.002,0.028,1970,X52
284,10.75,0.188,58500,73500,0.173,0.82,0.018,0.01,0.038,0.003,0.035,0.012,0.002,0.032,0.042,0.002,0.023,1970,X52
284,10.75,0.188,58500,73500,0.168,1.03,0.024,0.013,0.029,0,0.039,0.011,0.002,0.03,0.046,0.002,0.028,1970,X52
284,10.75,0.188,58500,73500,0.195,1,0.031,0.008,0.03,0.002,0.028,0.011,0.002,0.029,0.035,0.002,0.029,1970,X52
284,10.75,0.188,58500,73500,0.185,1.04,0.015,0.009,0.024,0,0.032,0.011,0.002,0.025,0.045,0.002,0.031,1970,X52
284,10.75,0.188,58500,73500,0.195,0.89,0.016,0.006,0.018,0.003,0.027,0.011,0.002,0.03,0.044,0.002,0.026,1970,X52
284,10.75,0.188,58500,73500,0.189,0.103,0.019,0.012,0.03,0.001,0.039,0.011,0.002,0.03,0.046,0.002,0.03,1970,X52
284,10.75,0.188,58500,73500,0.185,0.94,0.022,0.012,0.02,0.008,0.034,0.012,0.002,0.034,0.043,0.002,0.025,1970,X52
284,10.75,0.188,58500,73500,0.185,0.94,0.022,0.012,0.02,0.008,0.034,0.012,0.002,0.034,0.043,0.002,0.025,1970,X52
284,10.75,0.188,58500,73500,0.196,0.93,0.03,0.021,0.024,0.003,0.039,0.01,0.002,0.028,0.04,0.002,0.027,1970,X52
284,10.75,0.188,58500,73500,0.153,0.55,0.018,0.007,0.008,0.009,0.038,0.011,0.001,0.048,0.163,0.002,0.002,1970,X52
284,10.75,0.188,58500,73500,0.158,0.78,0.024,0.007,0.025,0,0.029,0.012,0.002,0.031,0.045,0.002,0.024,1970,X52
284,10.75,0.188,58500,73500,0.157,0.78,0.025,0.007,0.025,0,0.029,0.012,0.002,0.031,0.046,0.002,0.024,1970,X52
284,10.75,0.188,58500,73500,0.189,0.94,0.033,0.009,0.023,0,0.051,0.007,0.002,0.017,0.021,0.002,0.035,1970,X52
316,8.625,0.188,58500,66000,0.071,0.995,0.008,0.011,0.008,0.033,0.03,0.005,0.003,0.009,0.016,0.003,0.017,1996,X52
485,22,0.281,58500,82500,0.262,0.968,0.032,0.013,0.045,0.003,0.02,0.006,0.003,0.029,0.14,0.002,0.003,1952,X52
917,12.75,0.25,58500,77000,0.256,1.16,0.019,0.028,0.034,0.001,0.02,0.008,0.001,0.056,0.396,0.001,0.001,1961,X52
917,12.75,0.25,58500,81000,0.256,1.16,0.019,0.028,0.034,0.001,0.02,0.008,0.001,0.056,0.396,0.001,0.001,1961,X52
917,12.75,0.25,58500,77000,0.271,1.08,0.032,0.037,0.041,0.001,0.088,0.013,0.002,0.079,0.404,0.001,0.001,1961,X52
917,12.75,0.25,58500,81000,0.271,1.08,0.032,0.037,0.041,0.001,0.088,0.013,0.002,0.079,0.404,0.001,0.001,1961,X52
917,12.75,0.25,58500,77000,0.249,1.11,0.037,0.028,0.056,0.002,0.053,0.012,0.001,0.084,0.436,0.001,0.001,1961,X52
917,12.75,0.25,58500,81000,0.249,1.11,0.037,0.028,0.056,0.002,0.053,0.012,0.001,0.084,0.436,0.001,0.001,1961,X52
917,12.75,0.25,58500,77000,0.256,1.15,0.02,0.026,0.035,0.002,0.02,0.009,0.001,0.056,0.39,0.001,0.001,1961,X52
917,12.75,0.25,58500,81000,0.256,1.15,0.02,0.026,0.035,0.002,0.02,0.009,0.001,0.056,0.39,0.001,0.001,1961,X52
917,12.75,0.25,58500,77000,0.249,1.14,0.028,0.033,0.046,0.001,0.053,0.015,0.001,0.107,0.404,0.001,0.001,1961,X52
917,12.75,0.25,58500,81000,0.249,1.14,0.028,0.033,0.046,0.001,0.053,0.015,0.001,0.107,0.404,0.001,0.001,1961,X52
614,6.625,0.188,58500,76500,0.197,0.77,0.011,0.005,0.006,0,0.012,0.004,0.002,0.008,0.008,0.002,0.001,1979,X52
615,4.5,0.188,58500,76500,0.182,0.747,0.009,0.004,0.006,0.001,0.012,0.004,0.001,0.008,0.008,0.002,0.001,1976,X52
860,16,0.219,58500,85000,0.3,1.14,0.018,0.012,0.057,0.002,0.0272,0.011,0.003,0.043,0.048,0.001,0.001,1961,X52
917,12.75,0.25,58500,77000,0.255,1.17,0.017,0.026,0.034,0.001,0.021,0.008,0.001,0.054,0.386,0.001,0.001,1961,X52
917,12.75,0.25,58500,81000,0.255,1.17,0.017,0.026,0.034,0.001,0.021,0.008,0.001,0.054,0.386,0.001,0.001,1961,X52
917,12.75,0.25,58500,77000,0.253,1.25,0.024,0.034,0.043,0.001,0.03,0.01,0.002,0.145,0.428,0.001,0.001,1961,X52
917,12.75,0.25,58500,81000,0.253,1.25,0.024,0.034,0.043,0.001,0.03,0.01,0.002,0.145,0.428,0.001,0.001,1961,X52
917,12.75,0.25,58500,77000,0.266,1.19,0.024,0.03,0.034,0.002,0.021,0.008,0.001,0.052,0.385,0.001,0.001,1961,X52
917,12.75,0.25,58500,81000,0.266,1.19,0.024,0.03,0.034,0.002,0.021,0.008,0.001,0.052,0.385,0.001,0.001,1961,X52
917,12.75,0.25,58500,77000,0.267,1.17,0.015,0.028,0.041,0.001,0.026,0.008,0.001,0.058,0.423,0.001,0.001,1961,X52
917,12.75,0.25,58500,81000,0.267,1.17,0.015,0.028,0.041,0.001,0.026,0.008,0.001,0.058,0.423,0.001,0.001,1961,X52
917,12.75,0.25,58500,77000,0.278,1.21,0.029,0.027,0.053,0.002,0.058,0.012,0.002,0.079,0.402,0.001,0.001,1961,X52
917,12.75,0.25,58500,81000,0.278,1.21,0.029,0.027,0.053,0.002,0.058,0.012,0.002,0.079,0.402,0.001,0.001,1961,X52
917,12.75,0.25,58500,77000,0.286,1.25,0.025,0.034,0.043,0.003,0.053,0.011,0.002,0.082,0.412,0.001,0.001,1961,X52
917,12.75,0.25,58500,81000,0.286,1.25,0.025,0.034,0.043,0.003,0.053,0.011,0.002,0.082,0.412,0.001,0.001,1961,X52
917,12.75,0.25,58500,77000,0.205,1.37,0.037,0.011,0.026,0.002,0.032,0.008,0.002,0.061,0.22,0.001,0.001,1961,X52
917,12.75,0.25,58500,81000,0.205,1.37,0.037,0.011,0.026,0.002,0.032,0.008,0.002,0.061,0.22,0.001,0.001,1961,X52
917,12.75,0.25,58500,77000,0.282,1.15,0.021,0.029,0.035,0.002,0.02,0.008,0.001,0.05,0.414,0.001,0.001,1961,X52
917,12.75,0.25,58500,81000,0.282,1.15,0.021,0.029,0.035,0.002,0.02,0.008,0.001,0.05,0.414,0.001,0.001,1961,X52
1402,16,0.25,58500,72000,0.225,0.85,0.018,0.013,0.006,0.009,0.021,0.004,0,0.01,0.017,0.001,0.001,1954,X52
1402,16,0.25,58500,72000,0.231,1.16,0.016,0.016,0.104,0.021,0.049,0.021,0,0.051,0.05,0.001,0.001,1954,X52
1402,16,0.25,58500,72000,0.25,0.92,0.02,0.012,0.006,0.006,0.025,0.005,0,0.012,0.016,0.001,0.001,1954,X52
1446,8.625,0.188,58500,78000,0.249,0.82,0.029,0.012,0.093,0.001,0.072,0.017,0,0.082,0.256,0.001,0.001,1967,X52
1446,8.625,0.188,58500,78000,0.255,0.82,0.03,0.012,0.094,0.001,0.072,0.016,0,0.082,0.253,0.001,0.001,1967,X52
121,48,0.406,58800,80900,0.19,1.37,0.021,0.017,0.27,0.043,0.008,0.002,0.001,0.011,0.031,0.003,0,1973,X52
86,30,0.281,59000,79500,0.23,1,0.037,0.02,0.023,0.005,0.027,0.013,0,0.11,0.043,0,0,1953,X52
126,24,0.25,59000,78000,0.23,0.76,0.026,0.029,0.052,0.004,0.037,0.014,0.001,0.11,0.23,0.002,0,1948,X52
129,24,0.25,59000,83000,0.24,0.89,0.023,0.024,0.057,0.003,0.032,0.084,0.001,0.084,0.25,0.001,0,1948,X52
138,8.625,0.219,59000,68000,0.2,1,0.012,0.009,0.01,0.001,0.007,0,0.001,0.009,0.044,0.002,0.002,1982,X52
348,30,0.375,59000,82000,0.252,1.12,0.022,0.012,0.036,0.002,0.046,0.008,0.003,0.015,0.029,0.002,0.003,1957,X52
348,30,0.375,59000,82000,0.243,1.06,0.015,0.012,0.012,0.005,0.048,0.024,0.003,0.079,0.162,0.002,0.003,1957,X52
284,10.75,0.188,59000,74500,0.167,0.82,0.022,0.01,0.036,0.002,0.02,0.011,0.002,0.026,0.039,0.002,0.03,1970,X52
284,10.75,0.188,59000,74500,0.167,0.82,0.022,0.01,0.036,0.002,0.02,0.011,0.002,0.026,0.039,0.002,0.03,1970,X52
284,10.75,0.188,59000,74500,0.173,0.81,0.024,0.011,0.031,0.002,0.021,0.011,0.002,0.026,0.04,0.002,0.03,1970,X52
284,10.75,0.188,59000,74500,0.173,0.81,0.024,0.011,0.031,0.002,0.021,0.011,0.002,0.026,0.04,0.002,0.03,1970,X52
284,10.75,0.188,59000,74500,0.182,0.81,0.021,0.011,0.034,0.002,0.021,0.011,0.002,0.026,0.04,0.002,0.03,1970,X52
284,10.75,0.188,59000,74500,0.182,0.81,0.021,0.011,0.034,0.002,0.021,0.011,0.002,0.026,0.04,0.002,0.03,1970,X52
284,10.75,0.188,59000,74500,0.169,0.9,0.025,0.003,0.036,0.001,0.026,0.011,0.002,0.027,0.049,0.002,0.034,1970,X52
284,10.75,0.188,59000,74500,0.169,0.9,0.025,0.003,0.036,0.001,0.026,0.011,0.002,0.027,0.049,0.002,0.034,1970,X52
284,10.75,0.188,59000,74500,0.167,0.083,0.017,0.006,0.037,0.003,0.023,0.008,0.002,0.027,0.026,0.002,0.03,1970,X52
284,10.75,0.188,59000,74500,0.167,0.083,0.017,0.006,0.037,0.003,0.023,0.008,0.002,0.027,0.026,0.002,0.03,1970,X52
284,10.75,0.188,59000,74500,0.172,0.78,0.02,0.007,0.019,0.002,0.027,0.012,0.002,0.036,0.038,0.002,0.03,1970,X52
284,10.75,0.188,59000,74500,0.172,0.78,0.02,0.007,0.019,0.002,0.027,0.012,0.002,0.036,0.038,0.002,0.03,1970,X52
284,10.75,0.188,59000,74500,0.162,0.85,0.017,0.005,0.026,0,0.03,0.012,0.002,0.037,0.041,0.002,0.029,1970,X52
284,10.75,0.188,59000,74500,0.162,0.85,0.017,0.005,0.026,0,0.03,0.012,0.002,0.037,0.041,0.002,0.029,1970,X52
284,10.75,0.188,59000,74500,0.192,0.76,0.02,0.005,0.027,0.006,0.021,0.011,0.002,0.038,0.063,0.002,0.025,1970,X52
284,10.75,0.188,59000,74500,0.192,0.76,0.02,0.005,0.027,0.006,0.021,0.011,0.002,0.038,0.063,0.002,0.025,1970,X52
284,10.75,0.188,59000,74500,0.192,0.86,0.015,0.007,0.036,0.001,0.03,0.007,0.002,0.016,0.033,0.002,0.03,1970,X52
284,10.75,0.188,59000,74500,0.192,0.86,0.015,0.007,0.036,0.001,0.03,0.007,0.002,0.016,0.033,0.002,0.03,1970,X52
284,10.75,0.188,59000,74500,0.191,0.85,0.019,0.008,0.035,0.001,0.03,0.007,0.002,0.016,0.033,0.002,0.028,1970,X52
284,10.75,0.188,59000,74500,0.191,0.85,0.019,0.008,0.035,0.001,0.03,0.007,0.002,0.016,0.033,0.002,0.028,1970,X52
284,10.75,0.188,59000,74500,0.173,0.82,0.018,0.01,0.038,0.003,0.035,0.012,0.002,0.032,0.042,0.002,0.023,1970,X52
284,10.75,0.188,59000,74500,0.173,0.82,0.018,0.01,0.038,0.003,0.035,0.012,0.002,0.032,0.042,0.002,0.023,1970,X52
284,10.75,0.188,59000,74500,0.168,1.03,0.024,0.013,0.029,0,0.039,0.011,0.002,0.03,0.046,0.002,0.028,1970,X52
284,10.75,0.188,59000,74500,0.168,1.03,0.024,0.013,0.029,0,0.039,0.011,0.002,0.03,0.046,0.002,0.028,1970,X52
284,10.75,0.188,59000,74500,0.195,1,0.031,0.008,0.03,0.002,0.028,0.011,0.002,0.029,0.035,0.002,0.029,1970,X52
284,10.75,0.188,59000,74500,0.195,1,0.031,0.008,0.03,0.002,0.028,0.011,0.002,0.029,0.035,0.002,0.029,1970,X52
284,10.75,0.188,59000,74500,0.185,1.04,0.015,0.009,0.024,0,0.032,0.011,0.002,0.025,0.045,0.002,0.031,1970,X52
284,10.75,0.188,59000,74500,0.185,1.04,0.015,0.009,0.024,0,0.032,0.011,0.002,0.025,0.045,0.002,0.031,1970,X52
284,10.75,0.188,59000,74500,0.195,0.89,0.016,0.006,0.018,0.003,0.027,0.011,0.002,0.03,0.044,0.002,0.026,1970,X52
284,10.75,0.188,59000,74500,0.195,0.89,0.016,0.006,0.018,0.003,0.027,0.011,0.002,0.03,0.044,0.002,0.026,1970,X52
284,10.75,0.188,59000,74500,0.189,0.103,0.019,0.012,0.03,0.001,0.039,0.011,0.002,0.03,0.046,0.002,0.03,1970,X52
284,10.75,0.188,59000,74500,0.189,0.103,0.019,0.012,0.03,0.001,0.039,0.011,0.002,0.03,0.046,0.002,0.03,1970,X52
284,10.75,0.188,59000,74500,0.185,0.94,0.022,0.012,0.02,0.008,0.034,0.012,0.002,0.034,0.043,0.002,0.025,1970,X52
284,10.75,0.188,59000,74500,0.185,0.94,0.022,0.012,0.02,0.008,0.034,0.012,0.002,0.034,0.043,0.002,0.025,1970,X52
284,10.75,0.188,59000,74500,0.185,0.94,0.022,0.012,0.02,0.008,0.034,0.012,0.002,0.034,0.043,0.002,0.025,1970,X52
284,10.75,0.188,59000,74500,0.185,0.94,0.022,0.012,0.02,0.008,0.034,0.012,0.002,0.034,0.043,0.002,0.025,1970,X52
284,10.75,0.188,59000,74500,0.196,0.93,0.03,0.021,0.024,0.003,0.039,0.01,0.002,0.028,0.04,0.002,0.027,1970,X52
284,10.75,0.188,59000,74500,0.196,0.93,0.03,0.021,0.024,0.003,0.039,0.01,0.002,0.028,0.04,0.002,0.027,1970,X52
284,10.75,0.188,59000,74500,0.153,0.55,0.018,0.007,0.008,0.009,0.038,0.011,0.001,0.048,0.163,0.002,0.002,1970,X52
284,10.75,0.188,59000,74500,0.153,0.55,0.018,0.007,0.008,0.009,0.038,0.011,0.001,0.048,0.163,0.002,0.002,1970,X52
284,10.75,0.188,59000,74500,0.158,0.78,0.024,0.007,0.025,0,0.029,0.012,0.002,0.031,0.045,0.002,0.024,1970,X52
284,10.75,0.188,59000,74500,0.158,0.78,0.024,0.007,0.025,0,0.029,0.012,0.002,0.031,0.045,0.002,0.024,1970,X52
284,10.75,0.188,59000,74500,0.157,0.78,0.025,0.007,0.025,0,0.029,0.012,0.002,0.031,0.046,0.002,0.024,1970,X52
284,10.75,0.188,59000,74500,0.157,0.78,0.025,0.007,0.025,0,0.029,0.012,0.002,0.031,0.046,0.002,0.024,1970,X52
284,10.75,0.188,59000,74500,0.189,0.94,0.033,0.009,0.023,0,0.051,0.007,0.002,0.017,0.021,0.002,0.035,1970,X52
284,10.75,0.188,59000,74500,0.189,0.94,0.033,0.009,0.023,0,0.051,0.007,0.002,0.017,0.021,0.002,0.035,1970,X52
348,30,0.375,59000,82000,0.272,1.1,0.018,0.015,0.029,0.003,0.045,0.009,0.003,0.027,0.038,0.002,0.003,1957,X52
349,8.625,0.188,59000,74000,0.237,0.97,0.021,0.012,0.053,0.004,0.024,0.005,0.003,0.009,0.014,0.002,0.003,1961,X52
349,8.625,0.188,59000,74000,0.233,0.98,0.022,0.013,0.046,0.015,0.02,0.007,0.002,0.031,0.093,0.002,0.001,1961,X52
349,8.625,0.188,59000,74000,0.24,0.99,0.021,0.012,0.047,0.007,0.019,0.006,0.002,0.031,0.093,0.002,0.001,1961,X52
349,8.625,0.188,59000,74000,0.271,1.13,0.023,0.016,0.048,0.001,0.027,0.009,0.004,0.047,0.149,0.002,0.003,1961,X52
349,8.625,0.188,59000,74000,0.227,0.95,0.016,0.018,0.04,0.005,0.016,0.004,0.002,0.008,0.011,0.002,0.001,1961,X52
349,8.625,0.188,59000,74000,0.234,1.29,0.024,0.016,0.051,0.001,0.041,0.011,0.004,0.052,0.145,0.002,0.002,1961,X52
644,16,0.25,59000,86500,0.275,1.25,0.023,0.027,0.068,0.001,0.028,0.017,0.004,0.105,0.364,0.003,0.004,1961,X52
644,16,0.25,59000,86500,0.274,1.23,0.025,0.032,0.218,0.019,0.032,0.012,0.003,0.068,0.383,0.003,0.003,1961,X52
973,12.75,0.25,59000,77000,0.267,0.86,0.018,0.012,0.007,0.01,0.024,0.005,0,0.026,0.042,0.001,0.001,1954,X52
984,8.625,0.188,59000,80500,0.19,0.726,0.011,0.004,0.004,0.001,0.024,0.003,0.038,0.009,0.019,0.001,0.001,1981,X52
644,16,0.25,59000,86500,0.288,1.18,0.019,0.026,0.029,0.002,0.022,0.018,0.003,0.068,0.346,0.002,0.003,1961,X52
644,16,0.25,59000,86500,0.268,1.17,0.026,0.027,0.037,0.019,0.025,0.012,0.003,0.078,0.395,0.003,0.003,1961,X52
644,16,0.25,59000,86500,0.266,1.17,0.02,0.029,0.038,0.002,0.024,0.02,0.003,0.097,0.418,0.002,0.004,1961,X52
644,16,0.25,59000,86500,0.279,1.15,0.02,0.029,0.04,0.004,0.035,0.015,0.003,0.07,0.357,0.002,0.004,1961,X52
1414,24,0.312,59000,84500,0.285,1.12,0.0215,0.016,0.161,0.0015,0.026,0.016,0,0.108,0.205,0.001,0.001,1948,X52
1414,24,0.312,59000,84500,0.246,1.01,0.0235,0.018,0.119,0.001,0.052,0.0355,0,0.02095,0.224,0.001,0.001,1948,X52
1316,24,0.281,59000,81500,0.257,1.1,0.018,0.015,0.072,0.003,0.036,0.009,0,0.096,0.114,0.001,0.001,1960,X52
1316,24,0.281,59000,81500,0.25,1.1,0.019,0.013,0.069,0.001,0.044,0.023,0,0.095,0.112,0.001,0.001,1960,X52
1376,12.75,0.219,59000,73500,0.264,0.908,0.02,0.008,0.008,0.006,0.044,0.016,0,0.015,0.043,0.001,0.001,1962,X52
1376,12.75,0.219,59000,73500,0.246,0.952,0.02,0.008,0.008,0.005,0.041,0.008,0,0.025,0.031,0.001,0.001,1962,X52
1376,12.75,0.219,59000,73500,0.25,0.942,0.016,0.009,0.007,0.015,0.075,0.009,0,0.017,0.023,0.001,0.001,1962,X52
1414,24,0.312,59000,84500,0.244,1.205,0.0245,0.0145,0.1485,0.0015,0.026,0.011,0,0.0635,0.179,0.001,0.001,1948,X52
1414,24,0.312,59000,84500,0.239,1.005,0.023,0.0175,0.1355,0.001,0.027,0.008,0,0.0475,0.121,0.001,0.001,1948,X52
1414,24,0.312,59000,84500,0.309,1.15,0.0225,0.0182,0.145,0.001,0.032,0.011,0,0.076,0.182,0.001,0.001,1948,X52
1414,24,0.312,59000,84500,0.246,1.175,0.0185,0.0335,0.1175,0.001,0.036,0.008,0,0.043,0.1535,0.001,0.001,1948,X52
1464,8.625,0.25,59000,79500,0.259,0.84,0.02,0.006,0.127,0.005,0.068,0.016,0,0.081,0.154,0.001,0.001,1968,X52
569,22,0.344,59500,82000,0.266,1.04,0.023,0.01,0.052,0.001,0.021,0.006,0.003,0.02,0.116,0.002,0.003,1952,X52
284,10.75,0.188,59500,70500,0.167,0.82,0.022,0.01,0.036,0.002,0.02,0.011,0.002,0.026,0.039,0.002,0.03,1970,X52
284,10.75,0.188,59500,70500,0.173,0.81,0.024,0.011,0.031,0.002,0.021,0.011,0.002,0.026,0.04,0.002,0.03,1970,X52
284,10.75,0.188,59500,70500,0.182,0.81,0.021,0.011,0.034,0.002,0.021,0.011,0.002,0.026,0.04,0.002,0.03,1970,X52
284,10.75,0.188,59500,70500,0.169,0.9,0.025,0.003,0.036,0.001,0.026,0.011,0.002,0.027,0.049,0.002,0.034,1970,X52
284,10.75,0.188,59500,70500,0.167,0.083,0.017,0.006,0.037,0.003,0.023,0.008,0.002,0.027,0.026,0.002,0.03,1970,X52
284,10.75,0.188,59500,70500,0.172,0.78,0.02,0.007,0.019,0.002,0.027,0.012,0.002,0.036,0.038,0.002,0.03,1970,X52
284,10.75,0.188,59500,70500,0.162,0.85,0.017,0.005,0.026,0,0.03,0.012,0.002,0.037,0.041,0.002,0.029,1970,X52
284,10.75,0.188,59500,70500,0.192,0.76,0.02,0.005,0.027,0.006,0.021,0.011,0.002,0.038,0.063,0.002,0.025,1970,X52
284,10.75,0.188,59500,70500,0.192,0.86,0.015,0.007,0.036,0.001,0.03,0.007,0.002,0.016,0.033,0.002,0.03,1970,X52
284,10.75,0.188,59500,70500,0.191,0.85,0.019,0.008,0.035,0.001,0.03,0.007,0.002,0.016,0.033,0.002,0.028,1970,X52
284,10.75,0.188,59500,70500,0.173,0.82,0.018,0.01,0.038,0.003,0.035,0.012,0.002,0.032,0.042,0.002,0.023,1970,X52
284,10.75,0.188,59500,70500,0.168,1.03,0.024,0.013,0.029,0,0.039,0.011,0.002,0.03,0.046,0.002,0.028,1970,X52
284,10.75,0.188,59500,70500,0.195,1,0.031,0.008,0.03,0.002,0.028,0.011,0.002,0.029,0.035,0.002,0.029,1970,X52
284,10.75,0.188,59500,70500,0.185,1.04,0.015,0.009,0.024,0,0.032,0.011,0.002,0.025,0.045,0.002,0.031,1970,X52
284,10.75,0.188,59500,70500,0.195,0.89,0.016,0.006,0.018,0.003,0.027,0.011,0.002,0.03,0.044,0.002,0.026,1970,X52
284,10.75,0.188,59500,70500,0.189,0.103,0.019,0.012,0.03,0.001,0.039,0.011,0.002,0.03,0.046,0.002,0.03,1970,X52
284,10.75,0.188,59500,70500,0.185,0.94,0.022,0.012,0.02,0.008,0.034,0.012,0.002,0.034,0.043,0.002,0.025,1970,X52
284,10.75,0.188,59500,70500,0.185,0.94,0.022,0.012,0.02,0.008,0.034,0.012,0.002,0.034,0.043,0.002,0.025,1970,X52
284,10.75,0.188,59500,70500,0.196,0.93,0.03,0.021,0.024,0.003,0.039,0.01,0.002,0.028,0.04,0.002,0.027,1970,X52
284,10.75,0.188,59500,70500,0.153,0.55,0.018,0.007,0.008,0.009,0.038,0.011,0.001,0.048,0.163,0.002,0.002,1970,X52
284,10.75,0.188,59500,70500,0.158,0.78,0.024,0.007,0.025,0,0.029,0.012,0.002,0.031,0.045,0.002,0.024,1970,X52
284,10.75,0.188,59500,70500,0.157,0.78,0.025,0.007,0.025,0,0.029,0.012,0.002,0.031,0.046,0.002,0.024,1970,X52
284,10.75,0.188,59500,70500,0.189,0.94,0.033,0.009,0.023,0,0.051,0.007,0.002,0.017,0.021,0.002,0.035,1970,X52
486,24,0.281,59500,79500,0.243,1.01,0.035,0.019,0.069,0.002,0.02,0.008,0.003,0.065,0.11,0.002,0.003,1952,X52
917,12.75,0.25,59500,84500,0.256,1.16,0.019,0.028,0.034,0.001,0.02,0.008,0.001,0.056,0.396,0.001,0.001,1961,X52
917,12.75,0.25,59500,84500,0.271,1.08,0.032,0.037,0.041,0.001,0.088,0.013,0.002,0.079,0.404,0.001,0.001,1961,X52
917,12.75,0.25,59500,84500,0.249,1.11,0.037,0.028,0.056,0.002,0.053,0.012,0.001,0.084,0.436,0.001,0.001,1961,X52
917,12.75,0.25,59500,84500,0.256,1.15,0.02,0.026,0.035,0.002,0.02,0.009,0.001,0.056,0.39,0.001,0.001,1961,X52
917,12.75,0.25,59500,84500,0.249,1.14,0.028,0.033,0.046,0.001,0.053,0.015,0.001,0.107,0.404,0.001,0.001,1961,X52
917,12.75,0.25,59500,84500,0.255,1.17,0.017,0.026,0.034,0.001,0.021,0.008,0.001,0.054,0.386,0.001,0.001,1961,X52
919,20,0.23,59500,79000,0.248,1.16,0.017,0.011,0.036,0.004,0.052,0.009,0.044,0.028,0.022,0.001,0.001,1968,X52
919,20,0.23,59500,79000,0.252,1.17,0.014,0.009,0.011,0.009,0.038,0.027,0.04,0.141,0.016,0.001,0.001,1968,X52
919,20,0.23,59500,79000,0.236,1.22,0.021,0.019,0.019,0.004,0.074,0.01,0.002,0.041,0.03,0.001,0.029,1968,X52
919,20,0.23,59500,79000,0.268,1.12,0.017,0.014,0.015,0.006,0.059,0.012,0.04,0.033,0.028,0.001,0.001,1968,X52
996,20,0.219,59500,78000,0.235,1.08,0.022,0.012,0.023,0.004,0.058,0.009,0.038,0.037,0.031,0.001,0.001,1968,X52
996,20,0.219,59500,78000,0.235,1.08,0.022,0.012,0.023,0.004,0.058,0.009,0.038,0.037,0.031,0.001,0.001,1968,X52
996,20,0.219,59500,78000,0.235,1.08,0.022,0.012,0.023,0.004,0.058,0.009,0.038,0.037,0.031,0.001,0.001,1968,X52
996,20,0.219,59500,78000,0.235,1.08,0.022,0.012,0.023,0.004,0.058,0.009,0.038,0.037,0.031,0.001,0.001,1968,X52
996,20,0.219,59500,78000,0.258,1.15,0.023,0.008,0.042,0.003,0.032,0.008,0.047,0.025,0.029,0.001,0.001,1968,X52
996,20,0.219,59500,78000,0.258,1.15,0.023,0.008,0.042,0.003,0.032,0.008,0.047,0.025,0.029,0.001,0.001,1968,X52
996,20,0.219,59500,78000,0.258,1.06,0.016,0.012,0.012,0.005,0.07,0.009,0.001,0.039,0.017,0.001,0.019,1968,X52
996,20,0.219,59500,78000,0.258,1.06,0.016,0.012,0.012,0.005,0.07,0.009,0.001,0.039,0.017,0.001,0.019,1968,X52
996,20,0.219,59500,78000,0.266,1.21,0.02,0.01,0.033,0.005,0.038,0.009,0.043,0.044,0.032,0.001,0.001,1968,X52
996,20,0.219,59500,78000,0.266,1.21,0.02,0.01,0.033,0.005,0.038,0.009,0.043,0.044,0.032,0.001,0.001,1968,X52
996,20,0.219,59500,78000,0.266,1.21,0.02,0.01,0.033,0.005,0.038,0.009,0.043,0.044,0.032,0.001,0.001,1968,X52
996,20,0.219,59500,78000,0.266,1.21,0.02,0.01,0.033,0.005,0.038,0.009,0.043,0.044,0.032,0.001,0.001,1968,X52
996,20,0.219,59500,78000,0.308,1.11,0.015,0.008,0.053,0.001,0.035,0.006,0.001,0.021,0.028,0.001,0.001,1968,X52
996,20,0.219,59500,78000,0.308,1.11,0.015,0.008,0.053,0.001,0.035,0.006,0.001,0.021,0.028,0.001,0.001,1968,X52
996,20,0.219,59500,78000,0.308,1.11,0.015,0.008,0.053,0.001,0.035,0.006,0.001,0.021,0.028,0.001,0.001,1968,X52
996,20,0.219,59500,78000,0.308,1.11,0.015,0.008,0.053,0.001,0.035,0.006,0.001,0.021,0.028,0.001,0.001,1968,X52
1206,12.75,0.172,59500,79500,0.222,0.89,0.021,0.006,0.006,0.008,0.103,0.012,0,0.023,0.027,0.001,0.001,1965,X52
1206,12.75,0.172,59500,79500,0.273,1.13,0.015,0.008,0.01,0.006,0.06,0.008,0,0.017,0.021,0.001,0.001,1965,X52
917,12.75,0.25,59500,84500,0.253,1.25,0.024,0.034,0.043,0.001,0.03,0.01,0.002,0.145,0.428,0.001,0.001,1961,X52
917,12.75,0.25,59500,84500,0.266,1.19,0.024,0.03,0.034,0.002,0.021,0.008,0.001,0.052,0.385,0.001,0.001,1961,X52
917,12.75,0.25,59500,84500,0.267,1.17,0.015,0.028,0.041,0.001,0.026,0.008,0.001,0.058,0.423,0.001,0.001,1961,X52
917,12.75,0.25,59500,84500,0.278,1.21,0.029,0.027,0.053,0.002,0.058,0.012,0.002,0.079,0.402,0.001,0.001,1961,X52
917,12.75,0.25,59500,84500,0.286,1.25,0.025,0.034,0.043,0.003,0.053,0.011,0.002,0.082,0.412,0.001,0.001,1961,X52
917,12.75,0.25,59500,84500,0.205,1.37,0.037,0.011,0.026,0.002,0.032,0.008,0.002,0.061,0.22,0.001,0.001,1961,X52
917,12.75,0.25,59500,84500,0.282,1.15,0.021,0.029,0.035,0.002,0.02,0.008,0.001,0.05,0.414,0.001,0.001,1961,X52
1300,8.625,0.188,59500,80500,0.25,0.822,0.03,0.011,0.094,0.001,0.071,0.016,0,0.081,0.252,0.001,0.001,1967,X52
1300,8.625,0.188,59500,80500,0.25,0.824,0.033,0.011,0.093,0.001,0.071,0.016,0,0.082,0.253,0.001,0.001,1967,X52
1442,8.625,0.188,59500,74000,0.201,0.7,0.016,0.014,0.007,0.005,0.022,0.004,0,0.021,0.049,0.001,0.001,1968,X52
1442,8.625,0.188,59500,74000,0.228,0.67,0.018,0.014,0.018,0.008,0.05,0.002,0,0.008,0.009,0.001,0.001,1968,X52
1442,8.625,0.188,59500,74000,0.221,0.79,0.022,0.014,0.008,0.011,0.021,0.005,0,0.024,0.054,0.001,0.001,1968,X52
638,10.75,0.219,59600,85600,0.246,1.03,0.027,0.007,0.01,0.004,0.01,0.004,0.002,0.008,0.013,0.002,0.002,1961,X52
638,10.75,0.219,59600,91500,0.246,1.03,0.027,0.007,0.01,0.004,0.01,0.004,0.002,0.008,0.013,0.002,0.002,1961,X52
638,10.75,0.219,59600,85600,0.272,1.07,0.017,0.007,0.013,0.004,0.009,0.005,0.002,0.01,0.024,0.002,0.002,1961,X52
638,10.75,0.219,59600,91500,0.272,1.07,0.017,0.007,0.013,0.004,0.009,0.005,0.002,0.01,0.024,0.002,0.002,1961,X52
638,10.75,0.219,59600,85600,0.281,1.07,0.014,0.009,0.009,0.006,0.015,0.019,0.002,0.011,0.02,0.002,0.002,1961,X52
638,10.75,0.219,59600,91500,0.281,1.07,0.014,0.009,0.009,0.006,0.015,0.019,0.002,0.011,0.02,0.002,0.002,1961,X52
638,10.75,0.219,59600,85600,0.288,1.06,0.021,0.009,0.011,0.003,0.015,0.006,0.002,0.008,0.017,0.002,0.001,1961,X52
638,10.75,0.219,59600,91500,0.288,1.06,0.021,0.009,0.011,0.003,0.015,0.006,0.002,0.008,0.017,0.002,0.001,1961,X52
638,10.75,0.219,59600,85600,0.299,1.16,0.016,0.008,0.01,0.009,0.012,0.006,0.002,0.008,0.014,0.002,0.002,1961,X52
638,10.75,0.219,59600,91500,0.299,1.16,0.016,0.008,0.01,0.009,0.012,0.006,0.002,0.008,0.014,0.002,0.002,1961,X52
638,10.75,0.219,59600,85600,0.311,1.18,0.017,0.008,0.01,0.003,0.013,0.01,0.003,0.009,0.021,0.002,0.002,1961,X52
638,10.75,0.219,59600,91500,0.311,1.18,0.017,0.008,0.01,0.003,0.013,0.01,0.003,0.009,0.021,0.002,0.002,1961,X52
1507,14,0.281,59700,88100,0.24,1.19,0.022,0.029,0.028,0.001,0.076,0.011,0,0.037,0.04,0.001,0.001,1965,X52
1507,14,0.281,59700,88100,0.274,1.09,0.006,0.011,0.046,0.001,0.011,0.006,0.032,0.01,0.081,0.001,0.001,1965,X52
146,24,0.25,60000,79500,0.3,0.93,0.02,0.012,0.068,0.003,0.039,0.008,0.002,0.061,0.27,0.002,0.002,1953,X52
329,12.75,0.25,60000,76000,0.267,0.917,0.016,0.011,0.005,0.011,0.029,0.008,0.001,0.012,0.031,0.006,0.002,1958,X52
644,16,0.25,60000,85000,0.275,1.25,0.023,0.027,0.068,0.001,0.028,0.017,0.004,0.105,0.364,0.003,0.004,1961,X52
644,16,0.25,60000,85000,0.274,1.23,0.025,0.032,0.218,0.019,0.032,0.012,0.003,0.068,0.383,0.003,0.003,1961,X52
146,24,0.25,60000,79500,0.25,0.77,0.019,0.021,0.055,0.002,0.018,0.004,0.002,0.032,0.22,0.002,0.002,1953,X52
992,18,0.219,60000,82000,0.262,1.16,0.027,0.018,0.009,0.005,0.076,0.014,0.002,0.02,0.03,0.001,0.001,1962,X52
1012,8.625,0.156,60000,85000,0.291,1.25,0.019,0.009,0.015,0.005,0.054,0.024,0.043,0.081,0.076,0.001,0.001,1965,X52
1023,8.625,0.188,60000,88500,0.276,0.851,0.033,0.011,0.035,0.002,0.028,0.008,0,0.062,0.191,0.001,0.001,1967,X52
644,16,0.25,60000,85000,0.288,1.18,0.019,0.026,0.029,0.002,0.022,0.018,0.003,0.068,0.346,0.002,0.003,1961,X52
644,16,0.25,60000,85000,0.268,1.17,0.026,0.027,0.037,0.019,0.025,0.012,0.003,0.078,0.395,0.003,0.003,1961,X52
644,16,0.25,60000,85000,0.266,1.17,0.02,0.029,0.038,0.002,0.024,0.02,0.003,0.097,0.418,0.002,0.004,1961,X52
644,16,0.25,60000,85000,0.279,1.15,0.02,0.029,0.04,0.004,0.035,0.015,0.003,0.07,0.357,0.002,0.004,1961,X52
1364,24,0.281,60000,82500,0.263,1.11,0.019,0.012,0.06,0.002,0.055,0.008,0,0.012,0.014,0.001,0.001,1960,X52
1374,6.625,0.25,60000,74000,0.14,0.71,0.01,0.007,0.008,0.002,0.017,0.004,0,0.012,0.01,0.001,0.001,1973,X52
1452,8.625,0.219,60000,82300,0.199,1.1,0.023,0.011,0.124,0.017,0.023,0.011,0.015,0.024,0.029,0.001,0.001,1960,X52
1452,8.625,0.219,60000,82300,0.188,1.08,0.015,0.01,0.124,0.013,0.018,0.01,0.014,0.022,0.023,0.001,0.001,1960,X52
1482,12.75,0.312,60000,73700,0.053,0.834,0.001,0.013,0.295,0.029,0.071,0.018,0,0.039,0.074,0.004,0.025,2016,X52
1529,20,0.406,60000,81500,0.073,0.87,0.003,0.007,0.209,0.04,0.023,0.005,0,0.013,0.024,0.018,0.022,1998,X52
1529,20,0.406,60000,81500,0.057,1.3,0.002,0.014,0.297,0.039,0.012,0.004,0.008,0.005,0.005,0.014,0.025,1998,X52
191,20,0.23,60100,82000,0.28,1.08,0.015,0.008,0.006,0.001,0.054,0.012,0.002,0.022,0.035,0.002,0.002,1968,X52
602,24,0.281,60300,78100,0.278,0.982,0.029,0.018,0.112,0.001,0.012,0.005,0.003,0.07,0.078,0.002,0.002,1952,X52
574,30,0.281,60500,77500,0.222,1.03,0.01,0.008,0.041,0.003,0.011,0.006,0.03,0.009,0.052,0.002,0.003,1976,X52
101,8.625,0.188,60500,83000,0.21,1.07,0.021,0.014,0.11,0.011,0.02,0.02,0,0.022,0.02,0,0,1964,X52
146,24,0.25,60500,82500,0.3,0.93,0.02,0.012,0.068,0.003,0.039,0.008,0.002,0.061,0.27,0.002,0.002,1953,X52
526,24,0.375,60500,80500,0.23,1.16,0.02,0.009,0.046,0.012,0.017,0.007,0.003,0.007,0.01,0.006,0.002,1959,X52
526,24,0.375,60500,80500,0.29,1.15,0.023,0.011,0.042,0.026,0.015,0.007,0.003,0.005,0.009,0.008,0.003,1959,X52
526,24,0.375,60500,80500,0.31,1.15,0.018,0.011,0.048,0.015,0.017,0.006,0.003,0.006,0.009,0.009,0.003,1959,X52
284,10.75,0.188,60500,73500,0.167,0.82,0.022,0.01,0.036,0.002,0.02,0.011,0.002,0.026,0.039,0.002,0.03,1970,X52
284,10.75,0.188,60500,73500,0.173,0.81,0.024,0.011,0.031,0.002,0.021,0.011,0.002,0.026,0.04,0.002,0.03,1970,X52
284,10.75,0.188,60500,73500,0.182,0.81,0.021,0.011,0.034,0.002,0.021,0.011,0.002,0.026,0.04,0.002,0.03,1970,X52
284,10.75,0.188,60500,73500,0.169,0.9,0.025,0.003,0.036,0.001,0.026,0.011,0.002,0.027,0.049,0.002,0.034,1970,X52
284,10.75,0.188,60500,73500,0.167,0.083,0.017,0.006,0.037,0.003,0.023,0.008,0.002,0.027,0.026,0.002,0.03,1970,X52
284,10.75,0.188,60500,73500,0.172,0.78,0.02,0.007,0.019,0.002,0.027,0.012,0.002,0.036,0.038,0.002,0.03,1970,X52
284,10.75,0.188,60500,73500,0.162,0.85,0.017,0.005,0.026,0,0.03,0.012,0.002,0.037,0.041,0.002,0.029,1970,X52
284,10.75,0.188,60500,73500,0.192,0.76,0.02,0.005,0.027,0.006,0.021,0.011,0.002,0.038,0.063,0.002,0.025,1970,X52
284,10.75,0.188,60500,73500,0.192,0.86,0.015,0.007,0.036,0.001,0.03,0.007,0.002,0.016,0.033,0.002,0.03,1970,X52
284,10.75,0.188,60500,73500,0.191,0.85,0.019,0.008,0.035,0.001,0.03,0.007,0.002,0.016,0.033,0.002,0.028,1970,X52
284,10.75,0.188,60500,73500,0.173,0.82,0.018,0.01,0.038,0.003,0.035,0.012,0.002,0.032,0.042,0.002,0.023,1970,X52
284,10.75,0.188,60500,73500,0.168,1.03,0.024,0.013,0.029,0,0.039,0.011,0.002,0.03,0.046,0.002,0.028,1970,X52
284,10.75,0.188,60500,73500,0.195,1,0.031,0.008,0.03,0.002,0.028,0.011,0.002,0.029,0.035,0.002,0.029,1970,X52
284,10.75,0.188,60500,73500,0.185,1.04,0.015,0.009,0.024,0,0.032,0.011,0.002,0.025,0.045,0.002,0.031,1970,X52
284,10.75,0.188,60500,73500,0.195,0.89,0.016,0.006,0.018,0.003,0.027,0.011,0.002,0.03,0.044,0.002,0.026,1970,X52
284,10.75,0.188,60500,73500,0.189,0.103,0.019,0.012,0.03,0.001,0.039,0.011,0.002,0.03,0.046,0.002,0.03,1970,X52
284,10.75,0.188,60500,73500,0.185,0.94,0.022,0.012,0.02,0.008,0.034,0.012,0.002,0.034,0.043,0.002,0.025,1970,X52
284,10.75,0.188,60500,73500,0.185,0.94,0.022,0.012,0.02,0.008,0.034,0.012,0.002,0.034,0.043,0.002,0.025,1970,X52
284,10.75,0.188,60500,73500,0.196,0.93,0.03,0.021,0.024,0.003,0.039,0.01,0.002,0.028,0.04,0.002,0.027,1970,X52
284,10.75,0.188,60500,73500,0.153,0.55,0.018,0.007,0.008,0.009,0.038,0.011,0.001,0.048,0.163,0.002,0.002,1970,X52
284,10.75,0.188,60500,73500,0.158,0.78,0.024,0.007,0.025,0,0.029,0.012,0.002,0.031,0.045,0.002,0.024,1970,X52
284,10.75,0.188,60500,73500,0.157,0.78,0.025,0.007,0.025,0,0.029,0.012,0.002,0.031,0.046,0.002,0.024,1970,X52
284,10.75,0.188,60500,73500,0.189,0.94,0.033,0.009,0.023,0,0.051,0.007,0.002,0.017,0.021,0.002,0.035,1970,X52
349,8.625,0.188,60500,72500,0.237,0.97,0.021,0.012,0.053,0.004,0.024,0.005,0.003,0.009,0.014,0.002,0.003,1961,X52
349,8.625,0.188,60500,72500,0.233,0.98,0.022,0.013,0.046,0.015,0.02,0.007,0.002,0.031,0.093,0.002,0.001,1961,X52
349,8.625,0.188,60500,72500,0.24,0.99,0.021,0.012,0.047,0.007,0.019,0.006,0.002,0.031,0.093,0.002,0.001,1961,X52
349,8.625,0.188,60500,72500,0.271,1.13,0.023,0.016,0.048,0.001,0.027,0.009,0.004,0.047,0.149,0.002,0.003,1961,X52
349,8.625,0.188,60500,72500,0.227,0.95,0.016,0.018,0.04,0.005,0.016,0.004,0.002,0.008,0.011,0.002,0.001,1961,X52
349,8.625,0.188,60500,72500,0.234,1.29,0.024,0.016,0.051,0.001,0.041,0.011,0.004,0.052,0.145,0.002,0.002,1961,X52
146,24,0.25,60500,82500,0.25,0.77,0.019,0.021,0.055,0.002,0.018,0.004,0.002,0.032,0.22,0.002,0.002,1953,X52
898,10.75,0.219,60500,84000,0.271,1.14,0.022,0.009,0.012,0.002,0.012,0.002,0.001,0.009,0.008,0.001,0.001,1961,X52
919,20,0.23,60500,82000,0.248,1.16,0.017,0.011,0.036,0.004,0.052,0.009,0.044,0.028,0.022,0.001,0.001,1968,X52
919,20,0.23,60500,82000,0.252,1.17,0.014,0.009,0.011,0.009,0.038,0.027,0.04,0.141,0.016,0.001,0.001,1968,X52
919,20,0.23,60500,82000,0.236,1.22,0.021,0.019,0.019,0.004,0.074,0.01,0.002,0.041,0.03,0.001,0.029,1968,X52
919,20,0.23,60500,82000,0.268,1.12,0.017,0.014,0.015,0.006,0.059,0.012,0.04,0.033,0.028,0.001,0.001,1968,X52
898,10.75,0.219,60500,84000,0.285,1.18,0.014,0.007,0.012,0.004,0.012,0.004,0.001,0.008,0.011,0.001,0.001,1961,X52
898,10.75,0.219,60500,84000,0.286,1.18,0.015,0.007,0.012,0.003,0.012,0.003,0.001,0.009,0.011,0.001,0.001,1961,X52
898,10.75,0.219,60500,84000,0.279,1.1,0.024,0.008,0.01,0.003,0.01,0.002,0.001,0.01,0.008,0.001,0.001,1961,X52
898,10.75,0.219,60500,84000,0.266,1.13,0.015,0.007,0.001,0.003,0.009,0.002,0.001,0.008,0.01,0.001,0.001,1961,X52
898,10.75,0.219,60500,84000,0.25,1.14,0.014,0.009,0.011,0.002,0.011,0.002,0.001,0.008,0.01,0.001,0.001,1961,X52
1012,8.625,0.156,60500,93000,0.291,1.25,0.019,0.009,0.015,0.005,0.054,0.024,0.043,0.081,0.076,0.001,0.001,1965,X52
898,10.75,0.219,60500,84000,0.284,1.11,0.018,0.009,0.01,0.002,0.011,0.003,0.001,0.008,0.01,0.001,0.001,1961,X52
1310,8.625,0.156,60500,86000,0.206,1.11,0.017,0.01,0.058,0.001,0.02,0.005,0,0.073,0.043,0.001,0.001,1962,X52
1310,8.625,0.156,60500,86000,0.22,1.18,0.018,0.013,0.083,0.001,0.003,0.006,0,0.072,0.05,0.002,0.001,1962,X52
1310,8.625,0.156,60500,86000,0.227,1.1,0.02,0.013,0.021,0.002,0.026,0.006,0,0.028,0.055,0.001,0.001,1962,X52
1310,8.625,0.156,60500,86000,0.264,1.13,0.013,0.012,0.016,0.002,0.024,0.005,0,0.014,0.028,0.001,0.001,1962,X52
1376,12.75,0.219,60500,77000,0.264,0.908,0.02,0.008,0.008,0.006,0.044,0.016,0,0.015,0.043,0.001,0.001,1962,X52
1376,12.75,0.219,60500,77000,0.246,0.952,0.02,0.008,0.008,0.005,0.041,0.008,0,0.025,0.031,0.001,0.001,1962,X52
1376,12.75,0.219,60500,77000,0.25,0.942,0.016,0.009,0.007,0.015,0.075,0.009,0,0.017,0.023,0.001,0.001,1962,X52
1442,8.625,0.188,60500,71000,0.201,0.7,0.016,0.014,0.007,0.005,0.022,0.004,0,0.021,0.049,0.001,0.001,1968,X52
1442,8.625,0.188,60500,71000,0.228,0.67,0.018,0.014,0.018,0.008,0.05,0.002,0,0.008,0.009,0.001,0.001,1968,X52
1442,8.625,0.188,60500,71000,0.221,0.79,0.022,0.014,0.008,0.011,0.021,0.005,0,0.024,0.054,0.001,0.001,1968,X52
1529,20,0.406,60500,75500,0.073,0.87,0.003,0.007,0.209,0.04,0.023,0.005,0,0.013,0.024,0.018,0.022,1998,X52
1529,20,0.406,60500,75500,0.057,1.3,0.002,0.014,0.297,0.039,0.012,0.004,0.008,0.005,0.005,0.014,0.025,1998,X52
575,10.75,0.219,61000,93500,0.287,1.16,0.013,0.011,0.017,0.005,0.013,0.011,0.002,0.008,0.012,0.002,0.001,1961,X52
575,10.75,0.219,61000,93500,0.283,1.05,0.023,0.01,0.008,0.01,0.015,0.006,0.002,0.008,0.015,0.002,0.002,1961,X52
575,10.75,0.219,61000,93500,0.321,1.08,0.015,0.008,0.012,0.009,0.01,0.007,0.002,0.008,0.017,0.002,0.001,1961,X52
42,34,0.281,61000,86300,0.24,1.09,0.017,0.009,0.033,0,0.029,0.013,0,0.043,0.021,0,0,1967,X52
173,22,0.25,61000,89000,0.28,1.01,0.04,0.025,0.11,0.002,0.039,0.011,0.004,0.072,0.29,0.002,0.004,1949,X52
575,10.75,0.219,61000,93500,0.324,1.06,0.012,0.008,0.014,0.005,0.015,0.007,0.003,0.008,0.015,0.002,0.001,1961,X52
579,12.75,0.25,61000,84000,0.271,1.14,0.016,0.025,0.033,0.001,0.02,0.011,0.002,0.05,0.37,0.002,0.002,1961,X52
579,12.75,0.25,61000,84000,0.275,1.15,0.015,0.024,0.039,0.002,0.028,0.012,0.003,0.061,0.397,0.002,0.002,1961,X52
579,12.75,0.25,61000,84000,0.269,1.15,0.024,0.031,0.039,0.001,0.038,0.015,0.003,0.105,0.507,0.002,0.002,1961,X52
579,12.75,0.25,61000,84000,0.301,1.38,0.019,0.039,0.03,0.002,0.03,0.015,0.003,0.068,0.4,0.002,0.002,1961,X52
579,12.75,0.25,61000,84000,0.27,1.19,0.023,0.03,0.048,0.001,0.028,0.013,0.003,0.076,0.402,0.002,0.002,1961,X52
579,12.75,0.25,61000,84000,0.278,1.15,0.015,0.029,0.037,0,0.028,0.013,0.002,0.062,0.407,0.002,0.002,1961,X52
579,12.75,0.25,61000,84000,0.304,1.21,0.021,0.031,0.038,0.001,0.036,0.016,0.003,0.124,0.418,0.002,0.002,1961,X52
579,12.75,0.25,61000,84000,0.27,1.13,0.027,0.031,0.05,0.001,0.035,0.014,0.002,0.078,0.432,0.002,0.002,1961,X52
173,22,0.25,61000,89000,0.27,1.06,0.023,0.03,0.15,0.003,0.038,0.01,0.004,0.069,0.26,0.002,0.004,1949,X52
189,28,0.281,61000,81000,0.21,1.29,0.019,0.018,0.063,0.001,0.022,0.011,0.004,0.019,0.068,0.002,0.003,1970,X52
644,16,0.25,61000,85500,0.275,1.25,0.023,0.027,0.068,0.001,0.028,0.017,0.004,0.105,0.364,0.003,0.004,1961,X52
917,12.75,0.25,61000,84500,0.256,1.16,0.019,0.028,0.034,0.001,0.02,0.008,0.001,0.056,0.396,0.001,0.001,1961,X52
917,12.75,0.25,61000,87000,0.256,1.16,0.019,0.028,0.034,0.001,0.02,0.008,0.001,0.056,0.396,0.001,0.001,1961,X52
917,12.75,0.25,61000,84500,0.256,1.16,0.019,0.028,0.034,0.001,0.02,0.008,0.001,0.056,0.396,0.001,0.001,1961,X52
917,12.75,0.25,61000,84500,0.271,1.08,0.032,0.037,0.041,0.001,0.088,0.013,0.002,0.079,0.404,0.001,0.001,1961,X52
917,12.75,0.25,61000,87000,0.271,1.08,0.032,0.037,0.041,0.001,0.088,0.013,0.002,0.079,0.404,0.001,0.001,1961,X52
917,12.75,0.25,61000,84500,0.271,1.08,0.032,0.037,0.041,0.001,0.088,0.013,0.002,0.079,0.404,0.001,0.001,1961,X52
917,12.75,0.25,61000,84500,0.249,1.11,0.037,0.028,0.056,0.002,0.053,0.012,0.001,0.084,0.436,0.001,0.001,1961,X52
917,12.75,0.25,61000,87000,0.249,1.11,0.037,0.028,0.056,0.002,0.053,0.012,0.001,0.084,0.436,0.001,0.001,1961,X52
917,12.75,0.25,61000,84500,0.249,1.11,0.037,0.028,0.056,0.002,0.053,0.012,0.001,0.084,0.436,0.001,0.001,1961,X52
917,12.75,0.25,61000,84500,0.256,1.15,0.02,0.026,0.035,0.002,0.02,0.009,0.001,0.056,0.39,0.001,0.001,1961,X52
917,12.75,0.25,61000,87000,0.256,1.15,0.02,0.026,0.035,0.002,0.02,0.009,0.001,0.056,0.39,0.001,0.001,1961,X52
917,12.75,0.25,61000,84500,0.256,1.15,0.02,0.026,0.035,0.002,0.02,0.009,0.001,0.056,0.39,0.001,0.001,1961,X52
917,12.75,0.25,61000,84500,0.249,1.14,0.028,0.033,0.046,0.001,0.053,0.015,0.001,0.107,0.404,0.001,0.001,1961,X52
917,12.75,0.25,61000,87000,0.249,1.14,0.028,0.033,0.046,0.001,0.053,0.015,0.001,0.107,0.404,0.001,0.001,1961,X52
917,12.75,0.25,61000,84500,0.249,1.14,0.028,0.033,0.046,0.001,0.053,0.015,0.001,0.107,0.404,0.001,0.001,1961,X52
644,16,0.25,61000,85500,0.274,1.23,0.025,0.032,0.218,0.019,0.032,0.012,0.003,0.068,0.383,0.003,0.003,1961,X52
881,10.75,0.188,61000,82000,0.167,1,0.017,0.008,0.046,0.005,0.04,0.008,0.001,0.033,0.035,0.001,0.032,1970,X52
917,12.75,0.25,61000,84500,0.255,1.17,0.017,0.026,0.034,0.001,0.021,0.008,0.001,0.054,0.386,0.001,0.001,1961,X52
917,12.75,0.25,61000,87000,0.255,1.17,0.017,0.026,0.034,0.001,0.021,0.008,0.001,0.054,0.386,0.001,0.001,1961,X52
917,12.75,0.25,61000,84500,0.255,1.17,0.017,0.026,0.034,0.001,0.021,0.008,0.001,0.054,0.386,0.001,0.001,1961,X52
1196,6.625,0.188,61000,75500,0.176,0.79,0.006,0.019,0.157,0.027,0.039,0.011,0,0.029,0.01,0.001,0.001,1981,X52
1231,10.75,0.188,61000,88000,0.275,1.42,0.024,0.006,0.017,0.005,0.036,0.009,0,0.037,0.125,0.001,0.001,1973,X52
644,16,0.25,61000,85500,0.288,1.18,0.019,0.026,0.029,0.002,0.022,0.018,0.003,0.068,0.346,0.002,0.003,1961,X52
644,16,0.25,61000,85500,0.268,1.17,0.026,0.027,0.037,0.019,0.025,0.012,0.003,0.078,0.395,0.003,0.003,1961,X52
644,16,0.25,61000,85500,0.266,1.17,0.02,0.029,0.038,0.002,0.024,0.02,0.003,0.097,0.418,0.002,0.004,1961,X52
644,16,0.25,61000,85500,0.279,1.15,0.02,0.029,0.04,0.004,0.035,0.015,0.003,0.07,0.357,0.002,0.004,1961,X52
917,12.75,0.25,61000,84500,0.253,1.25,0.024,0.034,0.043,0.001,0.03,0.01,0.002,0.145,0.428,0.001,0.001,1961,X52
917,12.75,0.25,61000,87000,0.253,1.25,0.024,0.034,0.043,0.001,0.03,0.01,0.002,0.145,0.428,0.001,0.001,1961,X52
917,12.75,0.25,61000,84500,0.253,1.25,0.024,0.034,0.043,0.001,0.03,0.01,0.002,0.145,0.428,0.001,0.001,1961,X52
917,12.75,0.25,61000,84500,0.266,1.19,0.024,0.03,0.034,0.002,0.021,0.008,0.001,0.052,0.385,0.001,0.001,1961,X52
917,12.75,0.25,61000,87000,0.266,1.19,0.024,0.03,0.034,0.002,0.021,0.008,0.001,0.052,0.385,0.001,0.001,1961,X52
917,12.75,0.25,61000,84500,0.266,1.19,0.024,0.03,0.034,0.002,0.021,0.008,0.001,0.052,0.385,0.001,0.001,1961,X52
917,12.75,0.25,61000,84500,0.267,1.17,0.015,0.028,0.041,0.001,0.026,0.008,0.001,0.058,0.423,0.001,0.001,1961,X52
917,12.75,0.25,61000,87000,0.267,1.17,0.015,0.028,0.041,0.001,0.026,0.008,0.001,0.058,0.423,0.001,0.001,1961,X52
917,12.75,0.25,61000,84500,0.267,1.17,0.015,0.028,0.041,0.001,0.026,0.008,0.001,0.058,0.423,0.001,0.001,1961,X52
917,12.75,0.25,61000,84500,0.278,1.21,0.029,0.027,0.053,0.002,0.058,0.012,0.002,0.079,0.402,0.001,0.001,1961,X52
917,12.75,0.25,61000,87000,0.278,1.21,0.029,0.027,0.053,0.002,0.058,0.012,0.002,0.079,0.402,0.001,0.001,1961,X52
917,12.75,0.25,61000,84500,0.278,1.21,0.029,0.027,0.053,0.002,0.058,0.012,0.002,0.079,0.402,0.001,0.001,1961,X52
917,12.75,0.25,61000,84500,0.286,1.25,0.025,0.034,0.043,0.003,0.053,0.011,0.002,0.082,0.412,0.001,0.001,1961,X52
917,12.75,0.25,61000,87000,0.286,1.25,0.025,0.034,0.043,0.003,0.053,0.011,0.002,0.082,0.412,0.001,0.001,1961,X52
917,12.75,0.25,61000,84500,0.286,1.25,0.025,0.034,0.043,0.003,0.053,0.011,0.002,0.082,0.412,0.001,0.001,1961,X52
917,12.75,0.25,61000,84500,0.205,1.37,0.037,0.011,0.026,0.002,0.032,0.008,0.002,0.061,0.22,0.001,0.001,1961,X52
917,12.75,0.25,61000,87000,0.205,1.37,0.037,0.011,0.026,0.002,0.032,0.008,0.002,0.061,0.22,0.001,0.001,1961,X52
917,12.75,0.25,61000,84500,0.205,1.37,0.037,0.011,0.026,0.002,0.032,0.008,0.002,0.061,0.22,0.001,0.001,1961,X52
917,12.75,0.25,61000,84500,0.282,1.15,0.021,0.029,0.035,0.002,0.02,0.008,0.001,0.05,0.414,0.001,0.001,1961,X52
917,12.75,0.25,61000,87000,0.282,1.15,0.021,0.029,0.035,0.002,0.02,0.008,0.001,0.05,0.414,0.001,0.001,1961,X52
917,12.75,0.25,61000,84500,0.282,1.15,0.021,0.029,0.035,0.002,0.02,0.008,0.001,0.05,0.414,0.001,0.001,1961,X52
1414,24,0.312,61000,82500,0.285,1.12,0.0215,0.016,0.161,0.0015,0.026,0.016,0,0.108,0.205,0.001,0.001,1948,X52
1414,24,0.312,61000,82500,0.246,1.01,0.0235,0.018,0.119,0.001,0.052,0.0355,0,0.02095,0.224,0.001,0.001,1948,X52
1312,20,0.344,61000,84000,0.266,1.06,0.024,0.011,0.064,0.001,0.022,0.007,0,0.034,0.147,0.001,0.001,1952,X52
1414,24,0.312,61000,82500,0.244,1.205,0.0245,0.0145,0.1485,0.0015,0.026,0.011,0,0.0635,0.179,0.001,0.001,1948,X52
1414,24,0.312,61000,82500,0.239,1.005,0.023,0.0175,0.1355,0.001,0.027,0.008,0,0.0475,0.121,0.001,0.001,1948,X52
1414,24,0.312,61000,82500,0.309,1.15,0.0225,0.0182,0.145,0.001,0.032,0.011,0,0.076,0.182,0.001,0.001,1948,X52
1414,24,0.312,61000,82500,0.246,1.175,0.0185,0.0335,0.1175,0.001,0.036,0.008,0,0.043,0.1535,0.001,0.001,1948,X52
43,34,0.312,61100,84300,0.28,1.19,0.019,0.014,0.032,0,0.032,0.014,0,0.06,0.051,0,0,1967,X52
88,12.75,0.219,61500,84000,0.32,1.1,0.017,0.011,0.01,0.007,0.016,0.011,0,0.009,0.019,0,0,1962,X52
523,34,0.281,61500,79500,0.247,1.05,0.018,0.11,0.024,0.01,0.044,0.014,0.002,0.015,0.023,0.002,0.002,1967,X52
557,16,0.25,61500,82000,0.306,1.02,0.025,0.008,0.041,0.015,0.013,0.011,0.002,0.011,0.014,0.009,0.001,1961,X52
557,16,0.25,61500,81500,0.306,1.02,0.025,0.008,0.041,0.015,0.013,0.011,0.002,0.011,0.014,0.009,0.001,1961,X52
557,16,0.25,61500,82000,0.314,1.05,0.028,0.009,0.043,0.015,0.013,0.012,0.003,0.011,0.014,0.012,0.002,1961,X52
557,16,0.25,61500,81500,0.314,1.05,0.028,0.009,0.043,0.015,0.013,0.012,0.003,0.011,0.014,0.012,0.002,1961,X52
253,12.75,0.375,61500,71500,0.04,1.17,0.005,0.011,0.207,0.024,0.025,0.02,0.004,0.054,0.119,0.011,0.036,2001,X52
255,10.75,0.188,61500,79500,0.18,0.931,0.016,0.006,0.028,0.004,0.028,0.014,0.002,0.029,0.045,0.003,0.038,1970,X52
284,10.75,0.188,61500,80000,0.167,0.82,0.022,0.01,0.036,0.002,0.02,0.011,0.002,0.026,0.039,0.002,0.03,1970,X52
284,10.75,0.188,61500,80000,0.173,0.81,0.024,0.011,0.031,0.002,0.021,0.011,0.002,0.026,0.04,0.002,0.03,1970,X52
284,10.75,0.188,61500,80000,0.182,0.81,0.021,0.011,0.034,0.002,0.021,0.011,0.002,0.026,0.04,0.002,0.03,1970,X52
284,10.75,0.188,61500,80000,0.169,0.9,0.025,0.003,0.036,0.001,0.026,0.011,0.002,0.027,0.049,0.002,0.034,1970,X52
284,10.75,0.188,61500,80000,0.167,0.083,0.017,0.006,0.037,0.003,0.023,0.008,0.002,0.027,0.026,0.002,0.03,1970,X52
284,10.75,0.188,61500,80000,0.172,0.78,0.02,0.007,0.019,0.002,0.027,0.012,0.002,0.036,0.038,0.002,0.03,1970,X52
284,10.75,0.188,61500,80000,0.162,0.85,0.017,0.005,0.026,0,0.03,0.012,0.002,0.037,0.041,0.002,0.029,1970,X52
284,10.75,0.188,61500,80000,0.192,0.76,0.02,0.005,0.027,0.006,0.021,0.011,0.002,0.038,0.063,0.002,0.025,1970,X52
284,10.75,0.188,61500,80000,0.192,0.86,0.015,0.007,0.036,0.001,0.03,0.007,0.002,0.016,0.033,0.002,0.03,1970,X52
284,10.75,0.188,61500,80000,0.191,0.85,0.019,0.008,0.035,0.001,0.03,0.007,0.002,0.016,0.033,0.002,0.028,1970,X52
284,10.75,0.188,61500,80000,0.173,0.82,0.018,0.01,0.038,0.003,0.035,0.012,0.002,0.032,0.042,0.002,0.023,1970,X52
284,10.75,0.188,61500,80000,0.168,1.03,0.024,0.013,0.029,0,0.039,0.011,0.002,0.03,0.046,0.002,0.028,1970,X52
284,10.75,0.188,61500,80000,0.195,1,0.031,0.008,0.03,0.002,0.028,0.011,0.002,0.029,0.035,0.002,0.029,1970,X52
284,10.75,0.188,61500,80000,0.185,1.04,0.015,0.009,0.024,0,0.032,0.011,0.002,0.025,0.045,0.002,0.031,1970,X52
284,10.75,0.188,61500,80000,0.195,0.89,0.016,0.006,0.018,0.003,0.027,0.011,0.002,0.03,0.044,0.002,0.026,1970,X52
284,10.75,0.188,61500,80000,0.189,0.103,0.019,0.012,0.03,0.001,0.039,0.011,0.002,0.03,0.046,0.002,0.03,1970,X52
284,10.75,0.188,61500,80000,0.185,0.94,0.022,0.012,0.02,0.008,0.034,0.012,0.002,0.034,0.043,0.002,0.025,1970,X52
284,10.75,0.188,61500,80000,0.185,0.94,0.022,0.012,0.02,0.008,0.034,0.012,0.002,0.034,0.043,0.002,0.025,1970,X52
284,10.75,0.188,61500,80000,0.196,0.93,0.03,0.021,0.024,0.003,0.039,0.01,0.002,0.028,0.04,0.002,0.027,1970,X52
284,10.75,0.188,61500,80000,0.153,0.55,0.018,0.007,0.008,0.009,0.038,0.011,0.001,0.048,0.163,0.002,0.002,1970,X52
284,10.75,0.188,61500,80000,0.158,0.78,0.024,0.007,0.025,0,0.029,0.012,0.002,0.031,0.045,0.002,0.024,1970,X52
284,10.75,0.188,61500,80000,0.157,0.78,0.025,0.007,0.025,0,0.029,0.012,0.002,0.031,0.046,0.002,0.024,1970,X52
284,10.75,0.188,61500,80000,0.189,0.94,0.033,0.009,0.023,0,0.051,0.007,0.002,0.017,0.021,0.002,0.035,1970,X52
613,10.75,0.25,61500,86000,0.246,1.03,0.027,0.007,0.01,0.004,0.01,0.004,0.002,0.008,0.013,0.002,0.002,1961,X52
644,16,0.25,61500,88500,0.275,1.25,0.023,0.027,0.068,0.001,0.028,0.017,0.004,0.105,0.364,0.003,0.004,1961,X52
638,10.75,0.219,61500,86000,0.246,1.03,0.027,0.007,0.01,0.004,0.01,0.004,0.002,0.008,0.013,0.002,0.002,1961,X52
638,10.75,0.219,61500,93500,0.246,1.03,0.027,0.007,0.01,0.004,0.01,0.004,0.002,0.008,0.013,0.002,0.002,1961,X52
638,10.75,0.219,61500,86000,0.272,1.07,0.017,0.007,0.013,0.004,0.009,0.005,0.002,0.01,0.024,0.002,0.002,1961,X52
638,10.75,0.219,61500,93500,0.272,1.07,0.017,0.007,0.013,0.004,0.009,0.005,0.002,0.01,0.024,0.002,0.002,1961,X52
638,10.75,0.219,61500,86000,0.281,1.07,0.014,0.009,0.009,0.006,0.015,0.019,0.002,0.011,0.02,0.002,0.002,1961,X52
638,10.75,0.219,61500,93500,0.281,1.07,0.014,0.009,0.009,0.006,0.015,0.019,0.002,0.011,0.02,0.002,0.002,1961,X52
638,10.75,0.219,61500,86000,0.288,1.06,0.021,0.009,0.011,0.003,0.015,0.006,0.002,0.008,0.017,0.002,0.001,1961,X52
638,10.75,0.219,61500,93500,0.288,1.06,0.021,0.009,0.011,0.003,0.015,0.006,0.002,0.008,0.017,0.002,0.001,1961,X52
638,10.75,0.219,61500,86000,0.299,1.16,0.016,0.008,0.01,0.009,0.012,0.006,0.002,0.008,0.014,0.002,0.002,1961,X52
638,10.75,0.219,61500,93500,0.299,1.16,0.016,0.008,0.01,0.009,0.012,0.006,0.002,0.008,0.014,0.002,0.002,1961,X52
638,10.75,0.219,61500,86000,0.311,1.18,0.017,0.008,0.01,0.003,0.013,0.01,0.003,0.009,0.021,0.002,0.002,1961,X52
638,10.75,0.219,61500,93500,0.311,1.18,0.017,0.008,0.01,0.003,0.013,0.01,0.003,0.009,0.021,0.002,0.002,1961,X52
644,16,0.25,61500,88500,0.274,1.23,0.025,0.032,0.218,0.019,0.032,0.012,0.003,0.068,0.383,0.003,0.003,1961,X52
253,12.75,0.375,61500,71500,0.043,1.16,0.005,0.012,0.185,0.018,0.025,0.018,0.004,0.053,0.111,0.011,0.035,2001,X52
893,8.625,0.156,61500,82500,0.27,1.21,0.028,0.013,0.029,0.005,0.044,0.006,0.001,0.013,0.015,0.001,0.02,1969,X52
971,12.75,0.219,61500,81500,0.018,1.17,0.012,0.008,0.026,0.004,0.011,0.004,0.095,0.016,0.008,0.002,0.001,1962,X52
1028,8.625,0.25,61500,81000,0.268,0.691,0.017,0.005,0.058,0.003,0.059,0.014,0.001,0.069,0.151,0.001,0.001,1968,X52
1223,12.75,0.219,61500,73000,0.251,0.967,0.014,0.01,0.007,0.008,0.049,0.007,0,0.014,0.024,0.001,0.001,1962,X52
1223,12.75,0.219,61500,73000,0.243,0.968,0.026,0.01,0.008,0.009,0.045,0.009,0,0.013,0.023,0.001,0.001,1962,X52
644,16,0.25,61500,88500,0.288,1.18,0.019,0.026,0.029,0.002,0.022,0.018,0.003,0.068,0.346,0.002,0.003,1961,X52
644,16,0.25,61500,88500,0.268,1.17,0.026,0.027,0.037,0.019,0.025,0.012,0.003,0.078,0.395,0.003,0.003,1961,X52
644,16,0.25,61500,88500,0.266,1.17,0.02,0.029,0.038,0.002,0.024,0.02,0.003,0.097,0.418,0.002,0.004,1961,X52
644,16,0.25,61500,88500,0.279,1.15,0.02,0.029,0.04,0.004,0.035,0.015,0.003,0.07,0.357,0.002,0.004,1961,X52
1350,10.75,0.188,61500,81500,0.253,1.33,0.024,0.006,0.018,0.006,0.038,0.014,0,0.056,0.112,0.002,0.001,1973,X52
1417,30,0.312,61500,80700,0.202,1.15,0.019,0.015,0.04,0.001,0.035,0.009,0,0.032,0.038,0.001,0.001,1969,X52
1417,30,0.312,61500,80700,0.195,1.25,0.009,0.018,0.021,0.044,0.039,0.007,0.061,0.014,0.008,0.001,0.001,1969,X52
89,26,0.281,62000,89000,0.29,1.04,0.023,0.01,0.033,0.001,0.023,0.016,0,0.034,0.048,0,0,1949,X52
140,26,0.312,62000,82550,0.25,0.91,0.026,0.011,0.01,0.006,0.05,0.03,0,0.05,0.06,0.001,0.003,1951,X52
284,10.75,0.188,62000,78500,0.167,0.82,0.022,0.01,0.036,0.002,0.02,0.011,0.002,0.026,0.039,0.002,0.03,1970,X52
284,10.75,0.188,62000,79500,0.167,0.82,0.022,0.01,0.036,0.002,0.02,0.011,0.002,0.026,0.039,0.002,0.03,1970,X52
284,10.75,0.188,62000,78500,0.173,0.81,0.024,0.011,0.031,0.002,0.021,0.011,0.002,0.026,0.04,0.002,0.03,1970,X52
284,10.75,0.188,62000,79500,0.173,0.81,0.024,0.011,0.031,0.002,0.021,0.011,0.002,0.026,0.04,0.002,0.03,1970,X52
284,10.75,0.188,62000,78500,0.182,0.81,0.021,0.011,0.034,0.002,0.021,0.011,0.002,0.026,0.04,0.002,0.03,1970,X52
284,10.75,0.188,62000,79500,0.182,0.81,0.021,0.011,0.034,0.002,0.021,0.011,0.002,0.026,0.04,0.002,0.03,1970,X52
284,10.75,0.188,62000,78500,0.169,0.9,0.025,0.003,0.036,0.001,0.026,0.011,0.002,0.027,0.049,0.002,0.034,1970,X52
284,10.75,0.188,62000,79500,0.169,0.9,0.025,0.003,0.036,0.001,0.026,0.011,0.002,0.027,0.049,0.002,0.034,1970,X52
284,10.75,0.188,62000,78500,0.167,0.083,0.017,0.006,0.037,0.003,0.023,0.008,0.002,0.027,0.026,0.002,0.03,1970,X52
284,10.75,0.188,62000,79500,0.167,0.083,0.017,0.006,0.037,0.003,0.023,0.008,0.002,0.027,0.026,0.002,0.03,1970,X52
284,10.75,0.188,62000,78500,0.172,0.78,0.02,0.007,0.019,0.002,0.027,0.012,0.002,0.036,0.038,0.002,0.03,1970,X52
284,10.75,0.188,62000,79500,0.172,0.78,0.02,0.007,0.019,0.002,0.027,0.012,0.002,0.036,0.038,0.002,0.03,1970,X52
284,10.75,0.188,62000,78500,0.162,0.85,0.017,0.005,0.026,0,0.03,0.012,0.002,0.037,0.041,0.002,0.029,1970,X52
284,10.75,0.188,62000,79500,0.162,0.85,0.017,0.005,0.026,0,0.03,0.012,0.002,0.037,0.041,0.002,0.029,1970,X52
284,10.75,0.188,62000,78500,0.192,0.76,0.02,0.005,0.027,0.006,0.021,0.011,0.002,0.038,0.063,0.002,0.025,1970,X52
284,10.75,0.188,62000,79500,0.192,0.76,0.02,0.005,0.027,0.006,0.021,0.011,0.002,0.038,0.063,0.002,0.025,1970,X52
284,10.75,0.188,62000,78500,0.192,0.86,0.015,0.007,0.036,0.001,0.03,0.007,0.002,0.016,0.033,0.002,0.03,1970,X52
284,10.75,0.188,62000,79500,0.192,0.86,0.015,0.007,0.036,0.001,0.03,0.007,0.002,0.016,0.033,0.002,0.03,1970,X52
284,10.75,0.188,62000,78500,0.191,0.85,0.019,0.008,0.035,0.001,0.03,0.007,0.002,0.016,0.033,0.002,0.028,1970,X52
284,10.75,0.188,62000,79500,0.191,0.85,0.019,0.008,0.035,0.001,0.03,0.007,0.002,0.016,0.033,0.002,0.028,1970,X52
284,10.75,0.188,62000,78500,0.173,0.82,0.018,0.01,0.038,0.003,0.035,0.012,0.002,0.032,0.042,0.002,0.023,1970,X52
284,10.75,0.188,62000,79500,0.173,0.82,0.018,0.01,0.038,0.003,0.035,0.012,0.002,0.032,0.042,0.002,0.023,1970,X52
284,10.75,0.188,62000,78500,0.168,1.03,0.024,0.013,0.029,0,0.039,0.011,0.002,0.03,0.046,0.002,0.028,1970,X52
284,10.75,0.188,62000,79500,0.168,1.03,0.024,0.013,0.029,0,0.039,0.011,0.002,0.03,0.046,0.002,0.028,1970,X52
284,10.75,0.188,62000,78500,0.195,1,0.031,0.008,0.03,0.002,0.028,0.011,0.002,0.029,0.035,0.002,0.029,1970,X52
284,10.75,0.188,62000,79500,0.195,1,0.031,0.008,0.03,0.002,0.028,0.011,0.002,0.029,0.035,0.002,0.029,1970,X52
284,10.75,0.188,62000,78500,0.185,1.04,0.015,0.009,0.024,0,0.032,0.011,0.002,0.025,0.045,0.002,0.031,1970,X52
284,10.75,0.188,62000,79500,0.185,1.04,0.015,0.009,0.024,0,0.032,0.011,0.002,0.025,0.045,0.002,0.031,1970,X52
284,10.75,0.188,62000,78500,0.195,0.89,0.016,0.006,0.018,0.003,0.027,0.011,0.002,0.03,0.044,0.002,0.026,1970,X52
284,10.75,0.188,62000,79500,0.195,0.89,0.016,0.006,0.018,0.003,0.027,0.011,0.002,0.03,0.044,0.002,0.026,1970,X52
284,10.75,0.188,62000,78500,0.189,0.103,0.019,0.012,0.03,0.001,0.039,0.011,0.002,0.03,0.046,0.002,0.03,1970,X52
284,10.75,0.188,62000,79500,0.189,0.103,0.019,0.012,0.03,0.001,0.039,0.011,0.002,0.03,0.046,0.002,0.03,1970,X52
284,10.75,0.188,62000,78500,0.185,0.94,0.022,0.012,0.02,0.008,0.034,0.012,0.002,0.034,0.043,0.002,0.025,1970,X52
284,10.75,0.188,62000,79500,0.185,0.94,0.022,0.012,0.02,0.008,0.034,0.012,0.002,0.034,0.043,0.002,0.025,1970,X52
284,10.75,0.188,62000,78500,0.185,0.94,0.022,0.012,0.02,0.008,0.034,0.012,0.002,0.034,0.043,0.002,0.025,1970,X52
284,10.75,0.188,62000,79500,0.185,0.94,0.022,0.012,0.02,0.008,0.034,0.012,0.002,0.034,0.043,0.002,0.025,1970,X52
284,10.75,0.188,62000,78500,0.196,0.93,0.03,0.021,0.024,0.003,0.039,0.01,0.002,0.028,0.04,0.002,0.027,1970,X52
284,10.75,0.188,62000,79500,0.196,0.93,0.03,0.021,0.024,0.003,0.039,0.01,0.002,0.028,0.04,0.002,0.027,1970,X52
284,10.75,0.188,62000,78500,0.153,0.55,0.018,0.007,0.008,0.009,0.038,0.011,0.001,0.048,0.163,0.002,0.002,1970,X52
284,10.75,0.188,62000,79500,0.153,0.55,0.018,0.007,0.008,0.009,0.038,0.011,0.001,0.048,0.163,0.002,0.002,1970,X52
284,10.75,0.188,62000,78500,0.158,0.78,0.024,0.007,0.025,0,0.029,0.012,0.002,0.031,0.045,0.002,0.024,1970,X52
284,10.75,0.188,62000,79500,0.158,0.78,0.024,0.007,0.025,0,0.029,0.012,0.002,0.031,0.045,0.002,0.024,1970,X52
284,10.75,0.188,62000,78500,0.157,0.78,0.025,0.007,0.025,0,0.029,0.012,0.002,0.031,0.046,0.002,0.024,1970,X52
284,10.75,0.188,62000,79500,0.157,0.78,0.025,0.007,0.025,0,0.029,0.012,0.002,0.031,0.046,0.002,0.024,1970,X52
284,10.75,0.188,62000,78500,0.189,0.94,0.033,0.009,0.023,0,0.051,0.007,0.002,0.017,0.021,0.002,0.035,1970,X52
284,10.75,0.188,62000,79500,0.189,0.94,0.033,0.009,0.023,0,0.051,0.007,0.002,0.017,0.021,0.002,0.035,1970,X52
419,8.625,0.156,62000,75500,0.255,1.08,0.016,0.012,0.015,0.006,0.028,0.007,0.002,0.011,0.016,0.002,0.018,1969,X52
917,12.75,0.25,62000,84000,0.256,1.16,0.019,0.028,0.034,0.001,0.02,0.008,0.001,0.056,0.396,0.001,0.001,1961,X52
917,12.75,0.25,62000,84000,0.271,1.08,0.032,0.037,0.041,0.001,0.088,0.013,0.002,0.079,0.404,0.001,0.001,1961,X52
917,12.75,0.25,62000,84000,0.249,1.11,0.037,0.028,0.056,0.002,0.053,0.012,0.001,0.084,0.436,0.001,0.001,1961,X52
917,12.75,0.25,62000,84000,0.256,1.15,0.02,0.026,0.035,0.002,0.02,0.009,0.001,0.056,0.39,0.001,0.001,1961,X52
917,12.75,0.25,62000,84000,0.249,1.14,0.028,0.033,0.046,0.001,0.053,0.015,0.001,0.107,0.404,0.001,0.001,1961,X52
883,12.75,0.203,62000,78500,0.251,1.03,0.012,0.012,0.024,0.002,0.042,0.006,0,0.015,0.009,0.001,0.017,1969,X52
883,12.75,0.203,62000,78500,0.269,1.2,0.023,0.011,0.021,0.003,0.028,0.007,0.001,0.011,0.006,0.001,0.01,1969,X52
898,10.75,0.219,62000,87000,0.271,1.14,0.022,0.009,0.012,0.002,0.012,0.002,0.001,0.009,0.008,0.001,0.001,1961,X52
917,12.75,0.25,62000,84000,0.255,1.17,0.017,0.026,0.034,0.001,0.021,0.008,0.001,0.054,0.386,0.001,0.001,1961,X52
898,10.75,0.219,62000,87000,0.285,1.18,0.014,0.007,0.012,0.004,0.012,0.004,0.001,0.008,0.011,0.001,0.001,1961,X52
898,10.75,0.219,62000,87000,0.286,1.18,0.015,0.007,0.012,0.003,0.012,0.003,0.001,0.009,0.011,0.001,0.001,1961,X52
898,10.75,0.219,62000,87000,0.279,1.1,0.024,0.008,0.01,0.003,0.01,0.002,0.001,0.01,0.008,0.001,0.001,1961,X52
898,10.75,0.219,62000,87000,0.266,1.13,0.015,0.007,0.001,0.003,0.009,0.002,0.001,0.008,0.01,0.001,0.001,1961,X52
898,10.75,0.219,62000,87000,0.25,1.14,0.014,0.009,0.011,0.002,0.011,0.002,0.001,0.008,0.01,0.001,0.001,1961,X52
917,12.75,0.25,62000,84000,0.253,1.25,0.024,0.034,0.043,0.001,0.03,0.01,0.002,0.145,0.428,0.001,0.001,1961,X52
917,12.75,0.25,62000,84000,0.266,1.19,0.024,0.03,0.034,0.002,0.021,0.008,0.001,0.052,0.385,0.001,0.001,1961,X52
917,12.75,0.25,62000,84000,0.267,1.17,0.015,0.028,0.041,0.001,0.026,0.008,0.001,0.058,0.423,0.001,0.001,1961,X52
917,12.75,0.25,62000,84000,0.278,1.21,0.029,0.027,0.053,0.002,0.058,0.012,0.002,0.079,0.402,0.001,0.001,1961,X52
917,12.75,0.25,62000,84000,0.286,1.25,0.025,0.034,0.043,0.003,0.053,0.011,0.002,0.082,0.412,0.001,0.001,1961,X52
917,12.75,0.25,62000,84000,0.205,1.37,0.037,0.011,0.026,0.002,0.032,0.008,0.002,0.061,0.22,0.001,0.001,1961,X52
917,12.75,0.25,62000,84000,0.282,1.15,0.021,0.029,0.035,0.002,0.02,0.008,0.001,0.05,0.414,0.001,0.001,1961,X52
898,10.75,0.219,62000,87000,0.284,1.11,0.018,0.009,0.01,0.002,0.011,0.003,0.001,0.008,0.01,0.001,0.001,1961,X52
1442,8.625,0.188,62000,74500,0.201,0.7,0.016,0.014,0.007,0.005,0.022,0.004,0,0.021,0.049,0.001,0.001,1968,X52
1442,8.625,0.188,62000,74500,0.228,0.67,0.018,0.014,0.018,0.008,0.05,0.002,0,0.008,0.009,0.001,0.001,1968,X52
1442,8.625,0.188,62000,74500,0.221,0.79,0.022,0.014,0.008,0.011,0.021,0.005,0,0.024,0.054,0.001,0.001,1968,X52
1507,14,0.281,62000,85600,0.24,1.19,0.022,0.029,0.028,0.001,0.076,0.011,0,0.037,0.04,0.001,0.001,1965,X52
1507,14,0.281,62000,85600,0.274,1.09,0.006,0.011,0.046,0.001,0.011,0.006,0.032,0.01,0.081,0.001,0.001,1965,X52
1478,6.625,0.188,62400,78200,0.237,0.92,0.024,0.01,0.018,0.005,0.04,0.013,0,0.071,0.308,0.001,0.001,1964,X52
169,10.75,0.188,62500,86000,0.24,1.17,0.019,0.012,0.25,0.005,0.043,0.015,0.003,0.063,0.11,0.003,0.004,1972,X52
28,10.75,0.188,62500,83000,0.24,1.12,0.02,0.15,0.25,0.005,0.032,0.018,0,0.058,0.13,0,0.01,1973,X52
148,24,0.25,62500,82500,0.24,0.8,0.024,0.019,0.07,0.001,0.026,0.002,0.001,0.043,0.29,0.002,0.002,1952,X52
169,10.75,0.188,62500,86000,0.24,1.18,0.022,0.013,0.25,0.003,0.036,0.015,0.003,0.073,0.1,0.003,0.004,1972,X52
253,12.75,0.375,62500,73500,0.04,1.17,0.005,0.011,0.207,0.024,0.025,0.02,0.004,0.054,0.119,0.011,0.036,2001,X52
598,24,0.281,62500,83000,0.269,1.07,0.033,0.016,0.066,0.002,0.017,0.007,0.003,0.03,0.19,0.002,0.004,1952,X52
644,16,0.25,62500,93000,0.275,1.25,0.023,0.027,0.068,0.001,0.028,0.017,0.004,0.105,0.364,0.003,0.004,1961,X52
644,16,0.25,62500,93000,0.274,1.23,0.025,0.032,0.218,0.019,0.032,0.012,0.003,0.068,0.383,0.003,0.003,1961,X52
253,12.75,0.375,62500,73500,0.043,1.16,0.005,0.012,0.185,0.018,0.025,0.018,0.004,0.053,0.111,0.011,0.035,2001,X52
1230,24,0.375,62500,87000,0.272,1.15,0.019,0.009,0.054,0.003,0.04,0.018,0,0.119,0.188,0.001,0.001,1952,X52
1230,24,0.375,62500,87000,0.265,1.01,0.019,0.013,0.04,0.002,0.068,0.018,0,0.079,0.186,0.001,0.001,1952,X52
1230,24,0.375,62500,87000,0.275,1.11,0.02,0.012,0.047,0.003,0.059,0.026,0,0.08,0.194,0.001,0.001,1952,X52
1230,24,0.375,62500,87000,0.27,1.14,0.017,0.01,0.054,0.004,0.04,0.018,0,0.119,0.189,0.001,0.001,1952,X52
1230,24,0.375,62500,87000,0.289,1.2,0.02,0.011,0.048,0.002,0.04,0.02,0,0.079,0.217,0.001,0.001,1952,X52
1230,24,0.375,62500,87000,0.264,1.01,0.018,0.013,0.042,0.0003,0.068,0.018,0,0.079,0.186,0.001,0.001,1952,X52
644,16,0.25,62500,93000,0.288,1.18,0.019,0.026,0.029,0.002,0.022,0.018,0.003,0.068,0.346,0.002,0.003,1961,X52
644,16,0.25,62500,93000,0.268,1.17,0.026,0.027,0.037,0.019,0.025,0.012,0.003,0.078,0.395,0.003,0.003,1961,X52
644,16,0.25,62500,93000,0.266,1.17,0.02,0.029,0.038,0.002,0.024,0.02,0.003,0.097,0.418,0.002,0.004,1961,X52
644,16,0.25,62500,93000,0.279,1.15,0.02,0.029,0.04,0.004,0.035,0.015,0.003,0.07,0.357,0.002,0.004,1961,X52
1414,24,0.312,62500,84000,0.285,1.12,0.0215,0.016,0.161,0.0015,0.026,0.016,0,0.108,0.205,0.001,0.001,1948,X52
1414,24,0.312,62500,84000,0.246,1.01,0.0235,0.018,0.119,0.001,0.052,0.0355,0,0.02095,0.224,0.001,0.001,1948,X52
1414,24,0.312,62500,84000,0.244,1.205,0.0245,0.0145,0.1485,0.0015,0.026,0.011,0,0.0635,0.179,0.001,0.001,1948,X52
1414,24,0.312,62500,84000,0.239,1.005,0.023,0.0175,0.1355,0.001,0.027,0.008,0,0.0475,0.121,0.001,0.001,1948,X52
1414,24,0.312,62500,84000,0.309,1.15,0.0225,0.0182,0.145,0.001,0.032,0.011,0,0.076,0.182,0.001,0.001,1948,X52
1414,24,0.312,62500,84000,0.246,1.175,0.0185,0.0335,0.1175,0.001,0.036,0.008,0,0.043,0.1535,0.001,0.001,1948,X52
1481,20,0.312,62600,86600,0.272,1.109,0.024,0.019,0.02,0.001,0.045,0.009,0,0.036,0.064,0.001,0.001,1951,X52
1515,10.75,0.188,62800,78300,0.165,0.933,0.014,0.009,0.026,0.001,0.04,0.008,0,0.025,0.04,0.001,0.034,1970,X52
1515,10.75,0.188,62800,78300,0.192,0.927,0.02,0.03,0.028,0.004,0.047,0.012,0,0.04,0.037,0.001,0.033,1970,X52
173,22,0.25,63000,89000,0.28,1.01,0.04,0.025,0.11,0.002,0.039,0.011,0.004,0.072,0.29,0.002,0.004,1949,X52
173,22,0.25,63000,89000,0.28,1.01,0.04,0.025,0.11,0.002,0.039,0.011,0.004,0.072,0.29,0.002,0.004,1949,X52
507,28,0.281,63000,78000,0.203,1.085,0.016,0.011,0.032,0.002,0.044,0.007,0.002,0.021,0.027,0.002,0.005,1970,X52
526,24,0.375,63000,85000,0.23,1.16,0.02,0.009,0.046,0.012,0.017,0.007,0.003,0.007,0.01,0.006,0.002,1959,X52
526,24,0.375,63000,85000,0.29,1.15,0.023,0.011,0.042,0.026,0.015,0.007,0.003,0.005,0.009,0.008,0.003,1959,X52
526,24,0.375,63000,85000,0.31,1.15,0.018,0.011,0.048,0.015,0.017,0.006,0.003,0.006,0.009,0.009,0.003,1959,X52
579,12.75,0.25,63000,85000,0.271,1.14,0.016,0.025,0.033,0.001,0.02,0.011,0.002,0.05,0.37,0.002,0.002,1961,X52
579,12.75,0.25,63000,85000,0.275,1.15,0.015,0.024,0.039,0.002,0.028,0.012,0.003,0.061,0.397,0.002,0.002,1961,X52
579,12.75,0.25,63000,85000,0.269,1.15,0.024,0.031,0.039,0.001,0.038,0.015,0.003,0.105,0.507,0.002,0.002,1961,X52
579,12.75,0.25,63000,85000,0.301,1.38,0.019,0.039,0.03,0.002,0.03,0.015,0.003,0.068,0.4,0.002,0.002,1961,X52
579,12.75,0.25,63000,85000,0.27,1.19,0.023,0.03,0.048,0.001,0.028,0.013,0.003,0.076,0.402,0.002,0.002,1961,X52
579,12.75,0.25,63000,85000,0.278,1.15,0.015,0.029,0.037,0,0.028,0.013,0.002,0.062,0.407,0.002,0.002,1961,X52
579,12.75,0.25,63000,85000,0.304,1.21,0.021,0.031,0.038,0.001,0.036,0.016,0.003,0.124,0.418,0.002,0.002,1961,X52
579,12.75,0.25,63000,85000,0.27,1.13,0.027,0.031,0.05,0.001,0.035,0.014,0.002,0.078,0.432,0.002,0.002,1961,X52
173,22,0.25,63000,89000,0.27,1.06,0.023,0.03,0.15,0.003,0.038,0.01,0.004,0.069,0.26,0.002,0.004,1949,X52
173,22,0.25,63000,89000,0.27,1.06,0.023,0.03,0.15,0.003,0.038,0.01,0.004,0.069,0.26,0.002,0.004,1949,X52
284,10.75,0.188,63000,77000,0.167,0.82,0.022,0.01,0.036,0.002,0.02,0.011,0.002,0.026,0.039,0.002,0.03,1970,X52
284,10.75,0.188,63000,77000,0.173,0.81,0.024,0.011,0.031,0.002,0.021,0.011,0.002,0.026,0.04,0.002,0.03,1970,X52
284,10.75,0.188,63000,77000,0.182,0.81,0.021,0.011,0.034,0.002,0.021,0.011,0.002,0.026,0.04,0.002,0.03,1970,X52
284,10.75,0.188,63000,77000,0.169,0.9,0.025,0.003,0.036,0.001,0.026,0.011,0.002,0.027,0.049,0.002,0.034,1970,X52
284,10.75,0.188,63000,77000,0.167,0.083,0.017,0.006,0.037,0.003,0.023,0.008,0.002,0.027,0.026,0.002,0.03,1970,X52
284,10.75,0.188,63000,77000,0.172,0.78,0.02,0.007,0.019,0.002,0.027,0.012,0.002,0.036,0.038,0.002,0.03,1970,X52
284,10.75,0.188,63000,77000,0.162,0.85,0.017,0.005,0.026,0,0.03,0.012,0.002,0.037,0.041,0.002,0.029,1970,X52
284,10.75,0.188,63000,77000,0.192,0.76,0.02,0.005,0.027,0.006,0.021,0.011,0.002,0.038,0.063,0.002,0.025,1970,X52
284,10.75,0.188,63000,77000,0.192,0.86,0.015,0.007,0.036,0.001,0.03,0.007,0.002,0.016,0.033,0.002,0.03,1970,X52
284,10.75,0.188,63000,77000,0.191,0.85,0.019,0.008,0.035,0.001,0.03,0.007,0.002,0.016,0.033,0.002,0.028,1970,X52
284,10.75,0.188,63000,77000,0.173,0.82,0.018,0.01,0.038,0.003,0.035,0.012,0.002,0.032,0.042,0.002,0.023,1970,X52
284,10.75,0.188,63000,77000,0.168,1.03,0.024,0.013,0.029,0,0.039,0.011,0.002,0.03,0.046,0.002,0.028,1970,X52
284,10.75,0.188,63000,77000,0.195,1,0.031,0.008,0.03,0.002,0.028,0.011,0.002,0.029,0.035,0.002,0.029,1970,X52
284,10.75,0.188,63000,77000,0.185,1.04,0.015,0.009,0.024,0,0.032,0.011,0.002,0.025,0.045,0.002,0.031,1970,X52
284,10.75,0.188,63000,77000,0.195,0.89,0.016,0.006,0.018,0.003,0.027,0.011,0.002,0.03,0.044,0.002,0.026,1970,X52
284,10.75,0.188,63000,77000,0.189,0.103,0.019,0.012,0.03,0.001,0.039,0.011,0.002,0.03,0.046,0.002,0.03,1970,X52
284,10.75,0.188,63000,77000,0.185,0.94,0.022,0.012,0.02,0.008,0.034,0.012,0.002,0.034,0.043,0.002,0.025,1970,X52
284,10.75,0.188,63000,77000,0.185,0.94,0.022,0.012,0.02,0.008,0.034,0.012,0.002,0.034,0.043,0.002,0.025,1970,X52
284,10.75,0.188,63000,77000,0.196,0.93,0.03,0.021,0.024,0.003,0.039,0.01,0.002,0.028,0.04,0.002,0.027,1970,X52
284,10.75,0.188,63000,77000,0.153,0.55,0.018,0.007,0.008,0.009,0.038,0.011,0.001,0.048,0.163,0.002,0.002,1970,X52
284,10.75,0.188,63000,77000,0.158,0.78,0.024,0.007,0.025,0,0.029,0.012,0.002,0.031,0.045,0.002,0.024,1970,X52
284,10.75,0.188,63000,77000,0.157,0.78,0.025,0.007,0.025,0,0.029,0.012,0.002,0.031,0.046,0.002,0.024,1970,X52
284,10.75,0.188,63000,77000,0.189,0.94,0.033,0.009,0.023,0,0.051,0.007,0.002,0.017,0.021,0.002,0.035,1970,X52
349,8.625,0.188,63000,79500,0.237,0.97,0.021,0.012,0.053,0.004,0.024,0.005,0.003,0.009,0.014,0.002,0.003,1961,X52
349,8.625,0.188,63000,79500,0.233,0.98,0.022,0.013,0.046,0.015,0.02,0.007,0.002,0.031,0.093,0.002,0.001,1961,X52
349,8.625,0.188,63000,79500,0.24,0.99,0.021,0.012,0.047,0.007,0.019,0.006,0.002,0.031,0.093,0.002,0.001,1961,X52
349,8.625,0.188,63000,79500,0.271,1.13,0.023,0.016,0.048,0.001,0.027,0.009,0.004,0.047,0.149,0.002,0.003,1961,X52
349,8.625,0.188,63000,79500,0.227,0.95,0.016,0.018,0.04,0.005,0.016,0.004,0.002,0.008,0.011,0.002,0.001,1961,X52
349,8.625,0.188,63000,79500,0.234,1.29,0.024,0.016,0.051,0.001,0.041,0.011,0.004,0.052,0.145,0.002,0.002,1961,X52
421,8.625,0.203,63000,87000,0.25,1.07,0.017,0.012,0.164,0.035,0.025,0.019,0.029,0.028,0.022,0.003,0.002,1965,X52
644,16,0.25,63000,87500,0.275,1.25,0.023,0.027,0.068,0.001,0.028,0.017,0.004,0.105,0.364,0.003,0.004,1961,X52
644,16,0.25,63000,87500,0.274,1.23,0.025,0.032,0.218,0.019,0.032,0.012,0.003,0.068,0.383,0.003,0.003,1961,X52
996,20,0.219,63000,85500,0.235,1.08,0.022,0.012,0.023,0.004,0.058,0.009,0.038,0.037,0.031,0.001,0.001,1968,X52
996,20,0.219,63000,85500,0.235,1.08,0.022,0.012,0.023,0.004,0.058,0.009,0.038,0.037,0.031,0.001,0.001,1968,X52
996,20,0.219,63000,85500,0.258,1.15,0.023,0.008,0.042,0.003,0.032,0.008,0.047,0.025,0.029,0.001,0.001,1968,X52
996,20,0.219,63000,85500,0.258,1.06,0.016,0.012,0.012,0.005,0.07,0.009,0.001,0.039,0.017,0.001,0.019,1968,X52
996,20,0.219,63000,85500,0.266,1.21,0.02,0.01,0.033,0.005,0.038,0.009,0.043,0.044,0.032,0.001,0.001,1968,X52
996,20,0.219,63000,85500,0.266,1.21,0.02,0.01,0.033,0.005,0.038,0.009,0.043,0.044,0.032,0.001,0.001,1968,X52
996,20,0.219,63000,85500,0.308,1.11,0.015,0.008,0.053,0.001,0.035,0.006,0.001,0.021,0.028,0.001,0.001,1968,X52
996,20,0.219,63000,85500,0.308,1.11,0.015,0.008,0.053,0.001,0.035,0.006,0.001,0.021,0.028,0.001,0.001,1968,X52
1082,10.75,0.188,63000,86500,0.25,1.22,0.021,0.012,0.244,0.009,0.042,0.011,0,0.051,0.101,0.003,0.002,1972,X52
1098,10.75,0.219,63000,91000,0.281,1.26,0.017,0.01,0.019,0.003,0.014,0.005,0,0.01,0.01,0.001,0.001,1961,X52
644,16,0.25,63000,87500,0.288,1.18,0.019,0.026,0.029,0.002,0.022,0.018,0.003,0.068,0.346,0.002,0.003,1961,X52
644,16,0.25,63000,87500,0.268,1.17,0.026,0.027,0.037,0.019,0.025,0.012,0.003,0.078,0.395,0.003,0.003,1961,X52
644,16,0.25,63000,87500,0.266,1.17,0.02,0.029,0.038,0.002,0.024,0.02,0.003,0.097,0.418,0.002,0.004,1961,X52
644,16,0.25,63000,87500,0.279,1.15,0.02,0.029,0.04,0.004,0.035,0.015,0.003,0.07,0.357,0.002,0.004,1961,X52
1414,24,0.312,63000,87500,0.285,1.12,0.0215,0.016,0.161,0.0015,0.026,0.016,0,0.108,0.205,0.001,0.001,1948,X52
1414,24,0.312,63000,87500,0.246,1.01,0.0235,0.018,0.119,0.001,0.052,0.0355,0,0.02095,0.224,0.001,0.001,1948,X52
1414,24,0.312,63000,87500,0.244,1.205,0.0245,0.0145,0.1485,0.0015,0.026,0.011,0,0.0635,0.179,0.001,0.001,1948,X52
1414,24,0.312,63000,87500,0.239,1.005,0.023,0.0175,0.1355,0.001,0.027,0.008,0,0.0475,0.121,0.001,0.001,1948,X52
1414,24,0.312,63000,87500,0.309,1.15,0.0225,0.0182,0.145,0.001,0.032,0.011,0,0.076,0.182,0.001,0.001,1948,X52
1414,24,0.312,63000,87500,0.246,1.175,0.0185,0.0335,0.1175,0.001,0.036,0.008,0,0.043,0.1535,0.001,0.001,1948,X52
1485,20,0.25,63300,80900,0.156,1.07,0.017,0.019,0.037,0.001,0.03,0.009,0,0.048,0.098,0.001,0.024,1967,X52
1485,20,0.25,63300,80900,0.242,1.16,0.018,0.017,0.039,0.001,0.022,0.005,0,0.016,0.036,0.001,0.001,1967,X52
1485,20,0.25,63300,80900,0.157,1.07,0.015,0.019,0.037,0.001,0.03,0.009,0,0.048,0.098,0.001,0.023,1967,X52
579,12.75,0.25,63500,90500,0.271,1.14,0.016,0.025,0.033,0.001,0.02,0.011,0.002,0.05,0.37,0.002,0.002,1961,X52
579,12.75,0.25,63500,87500,0.271,1.14,0.016,0.025,0.033,0.001,0.02,0.011,0.002,0.05,0.37,0.002,0.002,1961,X52
579,12.75,0.25,63500,90500,0.275,1.15,0.015,0.024,0.039,0.002,0.028,0.012,0.003,0.061,0.397,0.002,0.002,1961,X52
579,12.75,0.25,63500,87500,0.275,1.15,0.015,0.024,0.039,0.002,0.028,0.012,0.003,0.061,0.397,0.002,0.002,1961,X52
579,12.75,0.25,63500,90500,0.269,1.15,0.024,0.031,0.039,0.001,0.038,0.015,0.003,0.105,0.507,0.002,0.002,1961,X52
579,12.75,0.25,63500,87500,0.269,1.15,0.024,0.031,0.039,0.001,0.038,0.015,0.003,0.105,0.507,0.002,0.002,1961,X52
579,12.75,0.25,63500,90500,0.301,1.38,0.019,0.039,0.03,0.002,0.03,0.015,0.003,0.068,0.4,0.002,0.002,1961,X52
579,12.75,0.25,63500,87500,0.301,1.38,0.019,0.039,0.03,0.002,0.03,0.015,0.003,0.068,0.4,0.002,0.002,1961,X52
579,12.75,0.25,63500,90500,0.27,1.19,0.023,0.03,0.048,0.001,0.028,0.013,0.003,0.076,0.402,0.002,0.002,1961,X52
579,12.75,0.25,63500,87500,0.27,1.19,0.023,0.03,0.048,0.001,0.028,0.013,0.003,0.076,0.402,0.002,0.002,1961,X52
579,12.75,0.25,63500,90500,0.278,1.15,0.015,0.029,0.037,0,0.028,0.013,0.002,0.062,0.407,0.002,0.002,1961,X52
579,12.75,0.25,63500,87500,0.278,1.15,0.015,0.029,0.037,0,0.028,0.013,0.002,0.062,0.407,0.002,0.002,1961,X52
579,12.75,0.25,63500,90500,0.304,1.21,0.021,0.031,0.038,0.001,0.036,0.016,0.003,0.124,0.418,0.002,0.002,1961,X52
579,12.75,0.25,63500,87500,0.304,1.21,0.021,0.031,0.038,0.001,0.036,0.016,0.003,0.124,0.418,0.002,0.002,1961,X52
579,12.75,0.25,63500,90500,0.27,1.13,0.027,0.031,0.05,0.001,0.035,0.014,0.002,0.078,0.432,0.002,0.002,1961,X52
579,12.75,0.25,63500,87500,0.27,1.13,0.027,0.031,0.05,0.001,0.035,0.014,0.002,0.078,0.432,0.002,0.002,1961,X52
335,18,0.312,63500,78000,0.199,1.1,0.018,0.01,0.06,0.002,0.031,0.004,0.004,0.015,0.076,0.002,0.006,1969,X52
349,8.625,0.188,63500,81500,0.237,0.97,0.021,0.012,0.053,0.004,0.024,0.005,0.003,0.009,0.014,0.002,0.003,1961,X52
349,8.625,0.188,63500,81500,0.233,0.98,0.022,0.013,0.046,0.015,0.02,0.007,0.002,0.031,0.093,0.002,0.001,1961,X52
349,8.625,0.188,63500,81500,0.24,0.99,0.021,0.012,0.047,0.007,0.019,0.006,0.002,0.031,0.093,0.002,0.001,1961,X52
349,8.625,0.188,63500,81500,0.271,1.13,0.023,0.016,0.048,0.001,0.027,0.009,0.004,0.047,0.149,0.002,0.003,1961,X52
349,8.625,0.188,63500,81500,0.227,0.95,0.016,0.018,0.04,0.005,0.016,0.004,0.002,0.008,0.011,0.002,0.001,1961,X52
349,8.625,0.188,63500,81500,0.234,1.29,0.024,0.016,0.051,0.001,0.041,0.011,0.004,0.052,0.145,0.002,0.002,1961,X52
656,10.75,0.25,63500,86500,0.209,1.14,0.017,0.01,0.117,0.016,0.015,0.01,0.025,0.014,0.017,0.002,0.003,1960,X52
656,10.75,0.25,63500,86500,0.209,1.14,0.017,0.01,0.117,0.016,0.015,0.01,0.025,0.014,0.017,0.002,0.003,1960,X52
656,10.75,0.25,63500,86500,0.209,1.14,0.017,0.01,0.117,0.016,0.015,0.01,0.025,0.014,0.017,0.002,0.003,1960,X52
656,10.75,0.25,63500,86500,0.209,1.14,0.017,0.01,0.117,0.016,0.015,0.01,0.025,0.014,0.017,0.002,0.003,1960,X52
917,12.75,0.25,63500,89500,0.256,1.16,0.019,0.028,0.034,0.001,0.02,0.008,0.001,0.056,0.396,0.001,0.001,1961,X52
917,12.75,0.25,63500,89500,0.271,1.08,0.032,0.037,0.041,0.001,0.088,0.013,0.002,0.079,0.404,0.001,0.001,1961,X52
917,12.75,0.25,63500,89500,0.249,1.11,0.037,0.028,0.056,0.002,0.053,0.012,0.001,0.084,0.436,0.001,0.001,1961,X52
917,12.75,0.25,63500,89500,0.256,1.15,0.02,0.026,0.035,0.002,0.02,0.009,0.001,0.056,0.39,0.001,0.001,1961,X52
917,12.75,0.25,63500,89500,0.249,1.14,0.028,0.033,0.046,0.001,0.053,0.015,0.001,0.107,0.404,0.001,0.001,1961,X52
716,16,0.281,63500,82500,0.234,0.816,0.029,0.016,0.007,0.006,0.03,0.001,0,0.019,0.037,0.001,0.002,1955,X52
882,8.625,0.219,63500,86000,0.25,1.25,0.013,0.011,0.011,0.004,0.05,0.011,0.002,0.059,0.418,0.001,0.001,1960,X52
917,12.75,0.25,63500,89500,0.255,1.17,0.017,0.026,0.034,0.001,0.021,0.008,0.001,0.054,0.386,0.001,0.001,1961,X52
919,20,0.23,63500,83500,0.248,1.16,0.017,0.011,0.036,0.004,0.052,0.009,0.044,0.028,0.022,0.001,0.001,1968,X52
919,20,0.23,63500,83500,0.252,1.17,0.014,0.009,0.011,0.009,0.038,0.027,0.04,0.141,0.016,0.001,0.001,1968,X52
919,20,0.23,63500,83500,0.236,1.22,0.021,0.019,0.019,0.004,0.074,0.01,0.002,0.041,0.03,0.001,0.029,1968,X52
919,20,0.23,63500,83500,0.268,1.12,0.017,0.014,0.015,0.006,0.059,0.012,0.04,0.033,0.028,0.001,0.001,1968,X52
917,12.75,0.25,63500,89500,0.253,1.25,0.024,0.034,0.043,0.001,0.03,0.01,0.002,0.145,0.428,0.001,0.001,1961,X52
917,12.75,0.25,63500,89500,0.266,1.19,0.024,0.03,0.034,0.002,0.021,0.008,0.001,0.052,0.385,0.001,0.001,1961,X52
917,12.75,0.25,63500,89500,0.267,1.17,0.015,0.028,0.041,0.001,0.026,0.008,0.001,0.058,0.423,0.001,0.001,1961,X52
917,12.75,0.25,63500,89500,0.278,1.21,0.029,0.027,0.053,0.002,0.058,0.012,0.002,0.079,0.402,0.001,0.001,1961,X52
917,12.75,0.25,63500,89500,0.286,1.25,0.025,0.034,0.043,0.003,0.053,0.011,0.002,0.082,0.412,0.001,0.001,1961,X52
917,12.75,0.25,63500,89500,0.205,1.37,0.037,0.011,0.026,0.002,0.032,0.008,0.002,0.061,0.22,0.001,0.001,1961,X52
917,12.75,0.25,63500,89500,0.282,1.15,0.021,0.029,0.035,0.002,0.02,0.008,0.001,0.05,0.414,0.001,0.001,1961,X52
1403,24,0.344,63500,88000,0.205,1.5,0.016,0.023,0.483,0.086,0.039,0.008,0,0.033,0.03,0.004,0.001,1972,X52
1403,24,0.344,63500,88000,0.183,1.41,0.025,0.024,0.45,0.058,0.055,0.008,0,0.035,0.038,0.004,0.001,1972,X52
1405,8.625,0.188,63500,81500,0.159,0.734,0.01,0.006,0.006,0.002,0.013,0.004,0.048,0.008,0.012,0.001,0.001,1983,X52
1405,8.625,0.188,63500,81500,0.13,0.76,0.008,0.007,0.004,0.002,0.014,0.004,0.056,0.009,0.013,0.001,0.001,1983,X52
1414,24,0.312,63500,87000,0.285,1.12,0.0215,0.016,0.161,0.0015,0.026,0.016,0,0.108,0.205,0.001,0.001,1948,X52
1414,24,0.312,63500,87000,0.246,1.01,0.0235,0.018,0.119,0.001,0.052,0.0355,0,0.02095,0.224,0.001,0.001,1948,X52
1318,20,0.25,63500,87000,0.245,1.24,0.02,0.011,0.021,0.008,0.023,0.009,0,0.043,0.034,0.001,0.019,1973,X52
1376,12.75,0.219,63500,80000,0.264,0.908,0.02,0.008,0.008,0.006,0.044,0.016,0,0.015,0.043,0.001,0.001,1962,X52
1376,12.75,0.219,63500,80000,0.246,0.952,0.02,0.008,0.008,0.005,0.041,0.008,0,0.025,0.031,0.001,0.001,1962,X52
1376,12.75,0.219,63500,80000,0.25,0.942,0.016,0.009,0.007,0.015,0.075,0.009,0,0.017,0.023,0.001,0.001,1962,X52
1414,24,0.312,63500,87000,0.244,1.205,0.0245,0.0145,0.1485,0.0015,0.026,0.011,0,0.0635,0.179,0.001,0.001,1948,X52
1414,24,0.312,63500,87000,0.239,1.005,0.023,0.0175,0.1355,0.001,0.027,0.008,0,0.0475,0.121,0.001,0.001,1948,X52
1414,24,0.312,63500,87000,0.309,1.15,0.0225,0.0182,0.145,0.001,0.032,0.011,0,0.076,0.182,0.001,0.001,1948,X52
1414,24,0.312,63500,87000,0.246,1.175,0.0185,0.0335,0.1175,0.001,0.036,0.008,0,0.043,0.1535,0.001,0.001,1948,X52
1447,16,0.25,63500,83000,0.25,1.05,0.014,0.008,0.008,0.001,0.026,0.006,0.04,0.016,0.148,0.001,0.001,1969,X52
579,12.75,0.25,64000,88500,0.271,1.14,0.016,0.025,0.033,0.001,0.02,0.011,0.002,0.05,0.37,0.002,0.002,1961,X52
579,12.75,0.25,64000,88500,0.275,1.15,0.015,0.024,0.039,0.002,0.028,0.012,0.003,0.061,0.397,0.002,0.002,1961,X52
579,12.75,0.25,64000,88500,0.269,1.15,0.024,0.031,0.039,0.001,0.038,0.015,0.003,0.105,0.507,0.002,0.002,1961,X52
579,12.75,0.25,64000,88500,0.301,1.38,0.019,0.039,0.03,0.002,0.03,0.015,0.003,0.068,0.4,0.002,0.002,1961,X52
579,12.75,0.25,64000,88500,0.27,1.19,0.023,0.03,0.048,0.001,0.028,0.013,0.003,0.076,0.402,0.002,0.002,1961,X52
579,12.75,0.25,64000,88500,0.278,1.15,0.015,0.029,0.037,0,0.028,0.013,0.002,0.062,0.407,0.002,0.002,1961,X52
579,12.75,0.25,64000,88500,0.304,1.21,0.021,0.031,0.038,0.001,0.036,0.016,0.003,0.124,0.418,0.002,0.002,1961,X52
579,12.75,0.25,64000,88500,0.27,1.13,0.027,0.031,0.05,0.001,0.035,0.014,0.002,0.078,0.432,0.002,0.002,1961,X52
259,8.625,0.188,64000,93500,0.28,1.21,0.02,0.032,0.048,0.001,0.019,0.016,0.003,0.063,0.432,0.002,0.003,1962,X52
336,20,0.219,64000,81500,0.249,1.08,0.015,0.012,0.005,0.006,0.035,0.008,0.04,0.0343,0.026,0.002,0.002,1968,X52
917,12.75,0.25,64000,88000,0.256,1.16,0.019,0.028,0.034,0.001,0.02,0.008,0.001,0.056,0.396,0.001,0.001,1961,X52
917,12.75,0.25,64000,90500,0.256,1.16,0.019,0.028,0.034,0.001,0.02,0.008,0.001,0.056,0.396,0.001,0.001,1961,X52
917,12.75,0.25,64000,88000,0.271,1.08,0.032,0.037,0.041,0.001,0.088,0.013,0.002,0.079,0.404,0.001,0.001,1961,X52
917,12.75,0.25,64000,90500,0.271,1.08,0.032,0.037,0.041,0.001,0.088,0.013,0.002,0.079,0.404,0.001,0.001,1961,X52
917,12.75,0.25,64000,88000,0.249,1.11,0.037,0.028,0.056,0.002,0.053,0.012,0.001,0.084,0.436,0.001,0.001,1961,X52
917,12.75,0.25,64000,90500,0.249,1.11,0.037,0.028,0.056,0.002,0.053,0.012,0.001,0.084,0.436,0.001,0.001,1961,X52
917,12.75,0.25,64000,88000,0.256,1.15,0.02,0.026,0.035,0.002,0.02,0.009,0.001,0.056,0.39,0.001,0.001,1961,X52
917,12.75,0.25,64000,90500,0.256,1.15,0.02,0.026,0.035,0.002,0.02,0.009,0.001,0.056,0.39,0.001,0.001,1961,X52
917,12.75,0.25,64000,88000,0.249,1.14,0.028,0.033,0.046,0.001,0.053,0.015,0.001,0.107,0.404,0.001,0.001,1961,X52
917,12.75,0.25,64000,90500,0.249,1.14,0.028,0.033,0.046,0.001,0.053,0.015,0.001,0.107,0.404,0.001,0.001,1961,X52
917,12.75,0.25,64000,88000,0.255,1.17,0.017,0.026,0.034,0.001,0.021,0.008,0.001,0.054,0.386,0.001,0.001,1961,X52
917,12.75,0.25,64000,90500,0.255,1.17,0.017,0.026,0.034,0.001,0.021,0.008,0.001,0.054,0.386,0.001,0.001,1961,X52
917,12.75,0.25,64000,88000,0.253,1.25,0.024,0.034,0.043,0.001,0.03,0.01,0.002,0.145,0.428,0.001,0.001,1961,X52
917,12.75,0.25,64000,90500,0.253,1.25,0.024,0.034,0.043,0.001,0.03,0.01,0.002,0.145,0.428,0.001,0.001,1961,X52
917,12.75,0.25,64000,88000,0.266,1.19,0.024,0.03,0.034,0.002,0.021,0.008,0.001,0.052,0.385,0.001,0.001,1961,X52
917,12.75,0.25,64000,90500,0.266,1.19,0.024,0.03,0.034,0.002,0.021,0.008,0.001,0.052,0.385,0.001,0.001,1961,X52
917,12.75,0.25,64000,88000,0.267,1.17,0.015,0.028,0.041,0.001,0.026,0.008,0.001,0.058,0.423,0.001,0.001,1961,X52
917,12.75,0.25,64000,90500,0.267,1.17,0.015,0.028,0.041,0.001,0.026,0.008,0.001,0.058,0.423,0.001,0.001,1961,X52
917,12.75,0.25,64000,88000,0.278,1.21,0.029,0.027,0.053,0.002,0.058,0.012,0.002,0.079,0.402,0.001,0.001,1961,X52
917,12.75,0.25,64000,90500,0.278,1.21,0.029,0.027,0.053,0.002,0.058,0.012,0.002,0.079,0.402,0.001,0.001,1961,X52
917,12.75,0.25,64000,88000,0.286,1.25,0.025,0.034,0.043,0.003,0.053,0.011,0.002,0.082,0.412,0.001,0.001,1961,X52
917,12.75,0.25,64000,90500,0.286,1.25,0.025,0.034,0.043,0.003,0.053,0.011,0.002,0.082,0.412,0.001,0.001,1961,X52
917,12.75,0.25,64000,88000,0.205,1.37,0.037,0.011,0.026,0.002,0.032,0.008,0.002,0.061,0.22,0.001,0.001,1961,X52
917,12.75,0.25,64000,90500,0.205,1.37,0.037,0.011,0.026,0.002,0.032,0.008,0.002,0.061,0.22,0.001,0.001,1961,X52
917,12.75,0.25,64000,88000,0.282,1.15,0.021,0.029,0.035,0.002,0.02,0.008,0.001,0.05,0.414,0.001,0.001,1961,X52
917,12.75,0.25,64000,90500,0.282,1.15,0.021,0.029,0.035,0.002,0.02,0.008,0.001,0.05,0.414,0.001,0.001,1961,X52
1403,24,0.344,64000,91000,0.205,1.5,0.016,0.023,0.483,0.086,0.039,0.008,0,0.033,0.03,0.004,0.001,1972,X52
1403,24,0.344,64000,91000,0.183,1.41,0.025,0.024,0.45,0.058,0.055,0.008,0,0.035,0.038,0.004,0.001,1972,X52
1422,10.75,0.219,64000,97000,0.299,1.089,0.015,0.01,0.012,0.002,0.018,0.004,0,0.009,0.015,0.001,0.001,1962,X52
1472,24,0.25,64100,85000,0.245,1.26,0.007,0.006,0.018,0.001,0.025,0.007,0,0.018,0.014,0.001,0.017,1973,X52
575,10.75,0.219,64500,96500,0.287,1.16,0.013,0.011,0.017,0.005,0.013,0.011,0.002,0.008,0.012,0.002,0.001,1961,X52
575,10.75,0.219,64500,96500,0.283,1.05,0.023,0.01,0.008,0.01,0.015,0.006,0.002,0.008,0.015,0.002,0.002,1961,X52
575,10.75,0.219,64500,96500,0.321,1.08,0.015,0.008,0.012,0.009,0.01,0.007,0.002,0.008,0.017,0.002,0.001,1961,X52
103,26,0.3125,64500,82000,0.23,1.03,0.032,0.025,0.06,0,0.13,0.04,0,0.072,0.2,0,0,1951,X52
490,24,0.281,64500,88000,0.264,0.976,0.025,0.012,0.075,0.004,0.02,0.006,0.003,0.069,0.125,0.002,0.003,1952,X52
103,26,0.3125,64500,82000,0.24,0.94,0.02,0.026,0.052,0.002,0.017,0.017,0.001,0.041,0.12,0,0.002,1951,X52
103,26,0.3125,64500,82000,0.25,1.09,0.031,0.023,0.078,0,0.023,0.016,0,0.058,0.18,0,0.001,1951,X52
575,10.75,0.219,64500,96500,0.324,1.06,0.012,0.008,0.014,0.005,0.015,0.007,0.003,0.008,0.015,0.002,0.001,1961,X52
579,12.75,0.25,64500,89500,0.271,1.14,0.016,0.025,0.033,0.001,0.02,0.011,0.002,0.05,0.37,0.002,0.002,1961,X52
579,12.75,0.25,64500,89000,0.271,1.14,0.016,0.025,0.033,0.001,0.02,0.011,0.002,0.05,0.37,0.002,0.002,1961,X52
579,12.75,0.25,64500,89500,0.275,1.15,0.015,0.024,0.039,0.002,0.028,0.012,0.003,0.061,0.397,0.002,0.002,1961,X52
579,12.75,0.25,64500,89000,0.275,1.15,0.015,0.024,0.039,0.002,0.028,0.012,0.003,0.061,0.397,0.002,0.002,1961,X52
579,12.75,0.25,64500,89500,0.269,1.15,0.024,0.031,0.039,0.001,0.038,0.015,0.003,0.105,0.507,0.002,0.002,1961,X52
579,12.75,0.25,64500,89000,0.269,1.15,0.024,0.031,0.039,0.001,0.038,0.015,0.003,0.105,0.507,0.002,0.002,1961,X52
579,12.75,0.25,64500,89500,0.301,1.38,0.019,0.039,0.03,0.002,0.03,0.015,0.003,0.068,0.4,0.002,0.002,1961,X52
579,12.75,0.25,64500,89000,0.301,1.38,0.019,0.039,0.03,0.002,0.03,0.015,0.003,0.068,0.4,0.002,0.002,1961,X52
579,12.75,0.25,64500,89500,0.27,1.19,0.023,0.03,0.048,0.001,0.028,0.013,0.003,0.076,0.402,0.002,0.002,1961,X52
579,12.75,0.25,64500,89000,0.27,1.19,0.023,0.03,0.048,0.001,0.028,0.013,0.003,0.076,0.402,0.002,0.002,1961,X52
579,12.75,0.25,64500,89500,0.278,1.15,0.015,0.029,0.037,0,0.028,0.013,0.002,0.062,0.407,0.002,0.002,1961,X52
579,12.75,0.25,64500,89000,0.278,1.15,0.015,0.029,0.037,0,0.028,0.013,0.002,0.062,0.407,0.002,0.002,1961,X52
579,12.75,0.25,64500,89500,0.304,1.21,0.021,0.031,0.038,0.001,0.036,0.016,0.003,0.124,0.418,0.002,0.002,1961,X52
579,12.75,0.25,64500,89000,0.304,1.21,0.021,0.031,0.038,0.001,0.036,0.016,0.003,0.124,0.418,0.002,0.002,1961,X52
579,12.75,0.25,64500,89500,0.27,1.13,0.027,0.031,0.05,0.001,0.035,0.014,0.002,0.078,0.432,0.002,0.002,1961,X52
579,12.75,0.25,64500,89000,0.27,1.13,0.027,0.031,0.05,0.001,0.035,0.014,0.002,0.078,0.432,0.002,0.002,1961,X52
490,24,0.281,64500,88000,0.261,0.948,0.027,0.017,0.064,0.004,0.019,0.008,0.003,0.072,0.149,0.002,0.003,1952,X52
917,12.75,0.25,64500,84500,0.256,1.16,0.019,0.028,0.034,0.001,0.02,0.008,0.001,0.056,0.396,0.001,0.001,1961,X52
917,12.75,0.25,64500,84500,0.271,1.08,0.032,0.037,0.041,0.001,0.088,0.013,0.002,0.079,0.404,0.001,0.001,1961,X52
917,12.75,0.25,64500,84500,0.249,1.11,0.037,0.028,0.056,0.002,0.053,0.012,0.001,0.084,0.436,0.001,0.001,1961,X52
917,12.75,0.25,64500,84500,0.256,1.15,0.02,0.026,0.035,0.002,0.02,0.009,0.001,0.056,0.39,0.001,0.001,1961,X52
917,12.75,0.25,64500,84500,0.249,1.14,0.028,0.033,0.046,0.001,0.053,0.015,0.001,0.107,0.404,0.001,0.001,1961,X52
917,12.75,0.25,64500,84500,0.255,1.17,0.017,0.026,0.034,0.001,0.021,0.008,0.001,0.054,0.386,0.001,0.001,1961,X52
1054,16,0.321,64500,82000,0.136,0.632,0.004,0.016,0.227,0.021,0.024,0.004,0.001,0.012,0.008,0.017,0.028,2009,X52
917,12.75,0.25,64500,84500,0.253,1.25,0.024,0.034,0.043,0.001,0.03,0.01,0.002,0.145,0.428,0.001,0.001,1961,X52
917,12.75,0.25,64500,84500,0.266,1.19,0.024,0.03,0.034,0.002,0.021,0.008,0.001,0.052,0.385,0.001,0.001,1961,X52
917,12.75,0.25,64500,84500,0.267,1.17,0.015,0.028,0.041,0.001,0.026,0.008,0.001,0.058,0.423,0.001,0.001,1961,X52
917,12.75,0.25,64500,84500,0.278,1.21,0.029,0.027,0.053,0.002,0.058,0.012,0.002,0.079,0.402,0.001,0.001,1961,X52
917,12.75,0.25,64500,84500,0.286,1.25,0.025,0.034,0.043,0.003,0.053,0.011,0.002,0.082,0.412,0.001,0.001,1961,X52
917,12.75,0.25,64500,84500,0.205,1.37,0.037,0.011,0.026,0.002,0.032,0.008,0.002,0.061,0.22,0.001,0.001,1961,X52
917,12.75,0.25,64500,84500,0.282,1.15,0.021,0.029,0.035,0.002,0.02,0.008,0.001,0.05,0.414,0.001,0.001,1961,X52
1441,8.625,0.188,64500,81000,0.229,0.83,0.018,0.011,0.017,0.004,0.041,0.003,0,0.009,0.011,0.001,0.001,1968,X52
1441,8.625,0.188,64500,81000,0.188,0.61,0.009,0.008,0.007,0.007,0.014,0.003,0,0.015,0.036,0.001,0.001,1968,X52
116,24,0.25,64700,82200,0.25,0.75,0.028,0.018,0.24,0.003,0.1,0.044,0.001,0.15,0.21,0.002,0,1952,X52
128,24,0.25,65000,85000,0.27,0.82,0.017,0.049,0.047,0,0.057,0.01,0.001,0.098,0.17,0.001,0,1948,X52
173,22,0.25,65000,91000,0.28,1.01,0.04,0.025,0.11,0.002,0.039,0.011,0.004,0.072,0.29,0.002,0.004,1949,X52
173,22,0.25,65000,91000,0.27,1.06,0.023,0.03,0.15,0.003,0.038,0.01,0.004,0.069,0.26,0.002,0.004,1949,X52
333,12.75,0.25,65000,79000,0.201,0.737,0.014,0.008,0.014,0.008,0.023,0.006,0.001,0.036,0.054,0.002,0.028,1973,X52
917,12.75,0.25,65000,84500,0.256,1.16,0.019,0.028,0.034,0.001,0.02,0.008,0.001,0.056,0.396,0.001,0.001,1961,X52
917,12.75,0.25,65000,84500,0.271,1.08,0.032,0.037,0.041,0.001,0.088,0.013,0.002,0.079,0.404,0.001,0.001,1961,X52
917,12.75,0.25,65000,84500,0.249,1.11,0.037,0.028,0.056,0.002,0.053,0.012,0.001,0.084,0.436,0.001,0.001,1961,X52
917,12.75,0.25,65000,84500,0.256,1.15,0.02,0.026,0.035,0.002,0.02,0.009,0.001,0.056,0.39,0.001,0.001,1961,X52
917,12.75,0.25,65000,84500,0.249,1.14,0.028,0.033,0.046,0.001,0.053,0.015,0.001,0.107,0.404,0.001,0.001,1961,X52
898,10.75,0.219,65000,94500,0.271,1.14,0.022,0.009,0.012,0.002,0.012,0.002,0.001,0.009,0.008,0.001,0.001,1961,X52
898,10.75,0.219,65000,91500,0.271,1.14,0.022,0.009,0.012,0.002,0.012,0.002,0.001,0.009,0.008,0.001,0.001,1961,X52
917,12.75,0.25,65000,84500,0.255,1.17,0.017,0.026,0.034,0.001,0.021,0.008,0.001,0.054,0.386,0.001,0.001,1961,X52
898,10.75,0.219,65000,94500,0.285,1.18,0.014,0.007,0.012,0.004,0.012,0.004,0.001,0.008,0.011,0.001,0.001,1961,X52
898,10.75,0.219,65000,91500,0.285,1.18,0.014,0.007,0.012,0.004,0.012,0.004,0.001,0.008,0.011,0.001,0.001,1961,X52
898,10.75,0.219,65000,94500,0.286,1.18,0.015,0.007,0.012,0.003,0.012,0.003,0.001,0.009,0.011,0.001,0.001,1961,X52
898,10.75,0.219,65000,91500,0.286,1.18,0.015,0.007,0.012,0.003,0.012,0.003,0.001,0.009,0.011,0.001,0.001,1961,X52
898,10.75,0.219,65000,94500,0.279,1.1,0.024,0.008,0.01,0.003,0.01,0.002,0.001,0.01,0.008,0.001,0.001,1961,X52
898,10.75,0.219,65000,91500,0.279,1.1,0.024,0.008,0.01,0.003,0.01,0.002,0.001,0.01,0.008,0.001,0.001,1961,X52
898,10.75,0.219,65000,94500,0.266,1.13,0.015,0.007,0.001,0.003,0.009,0.002,0.001,0.008,0.01,0.001,0.001,1961,X52
898,10.75,0.219,65000,91500,0.266,1.13,0.015,0.007,0.001,0.003,0.009,0.002,0.001,0.008,0.01,0.001,0.001,1961,X52
898,10.75,0.219,65000,94500,0.25,1.14,0.014,0.009,0.011,0.002,0.011,0.002,0.001,0.008,0.01,0.001,0.001,1961,X52
898,10.75,0.219,65000,91500,0.25,1.14,0.014,0.009,0.011,0.002,0.011,0.002,0.001,0.008,0.01,0.001,0.001,1961,X52
1155,12.75,0.203,65000,82500,0.268,1.12,0.016,0.012,0.026,0.004,0.045,0.011,0,0.025,0.013,0.002,0.016,1969,X52
917,12.75,0.25,65000,84500,0.253,1.25,0.024,0.034,0.043,0.001,0.03,0.01,0.002,0.145,0.428,0.001,0.001,1961,X52
917,12.75,0.25,65000,84500,0.266,1.19,0.024,0.03,0.034,0.002,0.021,0.008,0.001,0.052,0.385,0.001,0.001,1961,X52
917,12.75,0.25,65000,84500,0.267,1.17,0.015,0.028,0.041,0.001,0.026,0.008,0.001,0.058,0.423,0.001,0.001,1961,X52
917,12.75,0.25,65000,84500,0.278,1.21,0.029,0.027,0.053,0.002,0.058,0.012,0.002,0.079,0.402,0.001,0.001,1961,X52
917,12.75,0.25,65000,84500,0.286,1.25,0.025,0.034,0.043,0.003,0.053,0.011,0.002,0.082,0.412,0.001,0.001,1961,X52
917,12.75,0.25,65000,84500,0.205,1.37,0.037,0.011,0.026,0.002,0.032,0.008,0.002,0.061,0.22,0.001,0.001,1961,X52
917,12.75,0.25,65000,84500,0.282,1.15,0.021,0.029,0.035,0.002,0.02,0.008,0.001,0.05,0.414,0.001,0.001,1961,X52
898,10.75,0.219,65000,94500,0.284,1.11,0.018,0.009,0.01,0.002,0.011,0.003,0.001,0.008,0.01,0.001,0.001,1961,X52
898,10.75,0.219,65000,91500,0.284,1.11,0.018,0.009,0.01,0.002,0.011,0.003,0.001,0.008,0.01,0.001,0.001,1961,X52
1452,8.625,0.219,65000,87100,0.199,1.1,0.023,0.011,0.124,0.017,0.023,0.011,0.015,0.024,0.029,0.001,0.001,1960,X52
1452,8.625,0.219,65000,87100,0.188,1.08,0.015,0.01,0.124,0.013,0.018,0.01,0.014,0.022,0.023,0.001,0.001,1960,X52
575,10.75,0.219,65500,95000,0.287,1.16,0.013,0.011,0.017,0.005,0.013,0.011,0.002,0.008,0.012,0.002,0.001,1961,X52
575,10.75,0.219,65500,95000,0.283,1.05,0.023,0.01,0.008,0.01,0.015,0.006,0.002,0.008,0.015,0.002,0.002,1961,X52
575,10.75,0.219,65500,95000,0.321,1.08,0.015,0.008,0.012,0.009,0.01,0.007,0.002,0.008,0.017,0.002,0.001,1961,X52
575,10.75,0.219,65500,95000,0.324,1.06,0.012,0.008,0.014,0.005,0.015,0.007,0.003,0.008,0.015,0.002,0.001,1961,X52
883,12.75,0.203,65500,81000,0.251,1.03,0.012,0.012,0.024,0.002,0.042,0.006,0,0.015,0.009,0.001,0.017,1969,X52
883,12.75,0.203,65500,81000,0.269,1.2,0.023,0.011,0.021,0.003,0.028,0.007,0.001,0.011,0.006,0.001,0.01,1969,X52
638,10.75,0.219,65900,99400,0.246,1.03,0.027,0.007,0.01,0.004,0.01,0.004,0.002,0.008,0.013,0.002,0.002,1961,X52
638,10.75,0.219,65900,99400,0.272,1.07,0.017,0.007,0.013,0.004,0.009,0.005,0.002,0.01,0.024,0.002,0.002,1961,X52
638,10.75,0.219,65900,99400,0.281,1.07,0.014,0.009,0.009,0.006,0.015,0.019,0.002,0.011,0.02,0.002,0.002,1961,X52
638,10.75,0.219,65900,99400,0.288,1.06,0.021,0.009,0.011,0.003,0.015,0.006,0.002,0.008,0.017,0.002,0.001,1961,X52
638,10.75,0.219,65900,99400,0.299,1.16,0.016,0.008,0.01,0.009,0.012,0.006,0.002,0.008,0.014,0.002,0.002,1961,X52
638,10.75,0.219,65900,99400,0.311,1.18,0.017,0.008,0.01,0.003,0.013,0.01,0.003,0.009,0.021,0.002,0.002,1961,X52
117,24,0.25,66000,78700,0.27,0.9,0.024,0.018,0.048,0.001,0.018,0.01,0,0.062,0.2,0.001,0,1948,X52
898,10.75,0.219,66000,91500,0.271,1.14,0.022,0.009,0.012,0.002,0.012,0.002,0.001,0.009,0.008,0.001,0.001,1961,X52
898,10.75,0.219,66000,91500,0.285,1.18,0.014,0.007,0.012,0.004,0.012,0.004,0.001,0.008,0.011,0.001,0.001,1961,X52
898,10.75,0.219,66000,91500,0.286,1.18,0.015,0.007,0.012,0.003,0.012,0.003,0.001,0.009,0.011,0.001,0.001,1961,X52
898,10.75,0.219,66000,91500,0.279,1.1,0.024,0.008,0.01,0.003,0.01,0.002,0.001,0.01,0.008,0.001,0.001,1961,X52
898,10.75,0.219,66000,91500,0.266,1.13,0.015,0.007,0.001,0.003,0.009,0.002,0.001,0.008,0.01,0.001,0.001,1961,X52
898,10.75,0.219,66000,91500,0.25,1.14,0.014,0.009,0.011,0.002,0.011,0.002,0.001,0.008,0.01,0.001,0.001,1961,X52
1230,24,0.375,66000,93500,0.272,1.15,0.019,0.009,0.054,0.003,0.04,0.018,0,0.119,0.188,0.001,0.001,1952,X52
1230,24,0.375,66000,93500,0.265,1.01,0.019,0.013,0.04,0.002,0.068,0.018,0,0.079,0.186,0.001,0.001,1952,X52
1230,24,0.375,66000,93500,0.275,1.11,0.02,0.012,0.047,0.003,0.059,0.026,0,0.08,0.194,0.001,0.001,1952,X52
1230,24,0.375,66000,93500,0.27,1.14,0.017,0.01,0.054,0.004,0.04,0.018,0,0.119,0.189,0.001,0.001,1952,X52
1230,24,0.375,66000,93500,0.289,1.2,0.02,0.011,0.048,0.002,0.04,0.02,0,0.079,0.217,0.001,0.001,1952,X52
1230,24,0.375,66000,93500,0.264,1.01,0.018,0.013,0.042,0.0003,0.068,0.018,0,0.079,0.186,0.001,0.001,1952,X52
898,10.75,0.219,66000,91500,0.284,1.11,0.018,0.009,0.01,0.002,0.011,0.003,0.001,0.008,0.01,0.001,0.001,1961,X52
1384,16,0.25,66000,90500,0.253,1.23,0.011,0.028,0.022,0.004,0.029,0.007,0,0.025,0.432,0.002,0.001,1966,X52
638,10.75,0.219,66200,96300,0.246,1.03,0.027,0.007,0.01,0.004,0.01,0.004,0.002,0.008,0.013,0.002,0.002,1961,X52
638,10.75,0.219,66200,96300,0.272,1.07,0.017,0.007,0.013,0.004,0.009,0.005,0.002,0.01,0.024,0.002,0.002,1961,X52
638,10.75,0.219,66200,96300,0.281,1.07,0.014,0.009,0.009,0.006,0.015,0.019,0.002,0.011,0.02,0.002,0.002,1961,X52
638,10.75,0.219,66200,96300,0.288,1.06,0.021,0.009,0.011,0.003,0.015,0.006,0.002,0.008,0.017,0.002,0.001,1961,X52
638,10.75,0.219,66200,96300,0.299,1.16,0.016,0.008,0.01,0.009,0.012,0.006,0.002,0.008,0.014,0.002,0.002,1961,X52
638,10.75,0.219,66200,96300,0.311,1.18,0.017,0.008,0.01,0.003,0.013,0.01,0.003,0.009,0.021,0.002,0.002,1961,X52
1418,30,0.312,66300,93500,0.243,1.29,0.011,0.01,0.036,0.001,0.035,0.014,0,0.063,0.112,0.001,0.001,1969,X52
1418,30,0.312,66300,93500,0.207,1.34,0.017,0.009,0.009,0.032,0.027,0.014,0.064,0.076,0.017,0.001,0.001,1969,X52
575,10.75,0.219,66500,93500,0.287,1.16,0.013,0.011,0.017,0.005,0.013,0.011,0.002,0.008,0.012,0.002,0.001,1961,X52
575,10.75,0.219,66500,93500,0.283,1.05,0.023,0.01,0.008,0.01,0.015,0.006,0.002,0.008,0.015,0.002,0.002,1961,X52
575,10.75,0.219,66500,93500,0.321,1.08,0.015,0.008,0.012,0.009,0.01,0.007,0.002,0.008,0.017,0.002,0.001,1961,X52
575,10.75,0.219,66500,93500,0.324,1.06,0.012,0.008,0.014,0.005,0.015,0.007,0.003,0.008,0.015,0.002,0.001,1961,X52
579,12.75,0.25,66500,95500,0.271,1.14,0.016,0.025,0.033,0.001,0.02,0.011,0.002,0.05,0.37,0.002,0.002,1961,X52
579,12.75,0.25,66500,95500,0.275,1.15,0.015,0.024,0.039,0.002,0.028,0.012,0.003,0.061,0.397,0.002,0.002,1961,X52
579,12.75,0.25,66500,95500,0.269,1.15,0.024,0.031,0.039,0.001,0.038,0.015,0.003,0.105,0.507,0.002,0.002,1961,X52
579,12.75,0.25,66500,95500,0.301,1.38,0.019,0.039,0.03,0.002,0.03,0.015,0.003,0.068,0.4,0.002,0.002,1961,X52
579,12.75,0.25,66500,95500,0.27,1.19,0.023,0.03,0.048,0.001,0.028,0.013,0.003,0.076,0.402,0.002,0.002,1961,X52
579,12.75,0.25,66500,95500,0.278,1.15,0.015,0.029,0.037,0,0.028,0.013,0.002,0.062,0.407,0.002,0.002,1961,X52
579,12.75,0.25,66500,95500,0.304,1.21,0.021,0.031,0.038,0.001,0.036,0.016,0.003,0.124,0.418,0.002,0.002,1961,X52
579,12.75,0.25,66500,95500,0.27,1.13,0.027,0.031,0.05,0.001,0.035,0.014,0.002,0.078,0.432,0.002,0.002,1961,X52
898,10.75,0.219,66500,91500,0.271,1.14,0.022,0.009,0.012,0.002,0.012,0.002,0.001,0.009,0.008,0.001,0.001,1961,X52
919,20,0.23,66500,91000,0.248,1.16,0.017,0.011,0.036,0.004,0.052,0.009,0.044,0.028,0.022,0.001,0.001,1968,X52
919,20,0.23,66500,91000,0.252,1.17,0.014,0.009,0.011,0.009,0.038,0.027,0.04,0.141,0.016,0.001,0.001,1968,X52
919,20,0.23,66500,91000,0.236,1.22,0.021,0.019,0.019,0.004,0.074,0.01,0.002,0.041,0.03,0.001,0.029,1968,X52
919,20,0.23,66500,91000,0.268,1.12,0.017,0.014,0.015,0.006,0.059,0.012,0.04,0.033,0.028,0.001,0.001,1968,X52
898,10.75,0.219,66500,91500,0.285,1.18,0.014,0.007,0.012,0.004,0.012,0.004,0.001,0.008,0.011,0.001,0.001,1961,X52
898,10.75,0.219,66500,91500,0.286,1.18,0.015,0.007,0.012,0.003,0.012,0.003,0.001,0.009,0.011,0.001,0.001,1961,X52
898,10.75,0.219,66500,91500,0.279,1.1,0.024,0.008,0.01,0.003,0.01,0.002,0.001,0.01,0.008,0.001,0.001,1961,X52
898,10.75,0.219,66500,91500,0.266,1.13,0.015,0.007,0.001,0.003,0.009,0.002,0.001,0.008,0.01,0.001,0.001,1961,X52
898,10.75,0.219,66500,91500,0.25,1.14,0.014,0.009,0.011,0.002,0.011,0.002,0.001,0.008,0.01,0.001,0.001,1961,X52
898,10.75,0.219,66500,91500,0.284,1.11,0.018,0.009,0.01,0.002,0.011,0.003,0.001,0.008,0.01,0.001,0.001,1961,X52
1306,26,0.312,66500,85500,0.243,1.11,0.035,0.027,0.072,0.001,0.038,0.008,0,0.093,0.138,0.001,0.001,1951,X52
1306,26,0.312,66500,85500,0.261,0.99,0.02,0.018,0.043,0.002,0.037,0.027,0,0.074,0.156,0.001,0.001,1951,X52
1370,8.625,0.188,66500,86000,0.272,1.08,0.01,0.009,0.019,0.006,0.013,0.035,0,0.008,0.007,0.001,0.001,1962,X52
1370,8.625,0.188,66500,86000,0.269,1.21,0.011,0.009,0.015,0.002,0.03,0.016,0.036,0.013,0.08,0.002,0.001,1962,X52
1375,4.5,0.239,66500,92000,0.212,1.13,0.012,0.011,0.151,0.019,0.021,0.009,0.024,0.009,0.011,0.002,0.001,2015,X52
1473,24,0.25,66700,81700,0.245,1.26,0.007,0.006,0.018,0.001,0.025,0.007,0,0.018,0.014,0.001,0.017,1973,X52
87,12.75,0.219,67000,93000,0.32,1,0.017,0.012,0.007,0.006,0.015,0.013,0,0.013,0.02,0,0.029,1962,X52
103,26,0.3125,67000,82500,0.23,1.03,0.032,0.025,0.06,0,0.13,0.04,0,0.072,0.2,0,0,1951,X52
103,26,0.3125,67000,82500,0.24,0.94,0.02,0.026,0.052,0.002,0.017,0.017,0.001,0.041,0.12,0,0.002,1951,X52
103,26,0.3125,67000,82500,0.25,1.09,0.031,0.023,0.078,0,0.023,0.016,0,0.058,0.18,0,0.001,1951,X52
526,24,0.375,67000,84000,0.23,1.16,0.02,0.009,0.046,0.012,0.017,0.007,0.003,0.007,0.01,0.006,0.002,1959,X52
526,24,0.375,67000,84000,0.29,1.15,0.023,0.011,0.042,0.026,0.015,0.007,0.003,0.005,0.009,0.008,0.003,1959,X52
526,24,0.375,67000,84000,0.31,1.15,0.018,0.011,0.048,0.015,0.017,0.006,0.003,0.006,0.009,0.009,0.003,1959,X52
996,20,0.219,67000,91500,0.235,1.08,0.022,0.012,0.023,0.004,0.058,0.009,0.038,0.037,0.031,0.001,0.001,1968,X52
996,20,0.219,67000,91500,0.235,1.08,0.022,0.012,0.023,0.004,0.058,0.009,0.038,0.037,0.031,0.001,0.001,1968,X52
996,20,0.219,67000,91500,0.258,1.15,0.023,0.008,0.042,0.003,0.032,0.008,0.047,0.025,0.029,0.001,0.001,1968,X52
996,20,0.219,67000,91500,0.258,1.06,0.016,0.012,0.012,0.005,0.07,0.009,0.001,0.039,0.017,0.001,0.019,1968,X52
996,20,0.219,67000,91500,0.266,1.21,0.02,0.01,0.033,0.005,0.038,0.009,0.043,0.044,0.032,0.001,0.001,1968,X52
996,20,0.219,67000,91500,0.266,1.21,0.02,0.01,0.033,0.005,0.038,0.009,0.043,0.044,0.032,0.001,0.001,1968,X52
996,20,0.219,67000,91500,0.308,1.11,0.015,0.008,0.053,0.001,0.035,0.006,0.001,0.021,0.028,0.001,0.001,1968,X52
996,20,0.219,67000,91500,0.308,1.11,0.015,0.008,0.053,0.001,0.035,0.006,0.001,0.021,0.028,0.001,0.001,1968,X52
1223,12.75,0.219,67000,80500,0.251,0.967,0.014,0.01,0.007,0.008,0.049,0.007,0,0.014,0.024,0.001,0.001,1962,X52
1223,12.75,0.219,67000,80500,0.243,0.968,0.026,0.01,0.008,0.009,0.045,0.009,0,0.013,0.023,0.001,0.001,1962,X52
1306,26,0.312,67000,85500,0.243,1.11,0.035,0.027,0.072,0.001,0.038,0.008,0,0.093,0.138,0.001,0.001,1951,X52
1310,8.625,0.156,67000,86000,0.206,1.11,0.017,0.01,0.058,0.001,0.02,0.005,0,0.073,0.043,0.001,0.001,1962,X52
1310,8.625,0.156,67000,86000,0.22,1.18,0.018,0.013,0.083,0.001,0.003,0.006,0,0.072,0.05,0.002,0.001,1962,X52
1306,26,0.312,67000,85500,0.261,0.99,0.02,0.018,0.043,0.002,0.037,0.027,0,0.074,0.156,0.001,0.001,1951,X52
1310,8.625,0.156,67000,86000,0.227,1.1,0.02,0.013,0.021,0.002,0.026,0.006,0,0.028,0.055,0.001,0.001,1962,X52
1310,8.625,0.156,67000,86000,0.264,1.13,0.013,0.012,0.016,0.002,0.024,0.005,0,0.014,0.028,0.001,0.001,1962,X52
898,10.75,0.219,67500,93000,0.271,1.14,0.022,0.009,0.012,0.002,0.012,0.002,0.001,0.009,0.008,0.001,0.001,1961,X52
919,20,0.23,67500,88000,0.248,1.16,0.017,0.011,0.036,0.004,0.052,0.009,0.044,0.028,0.022,0.001,0.001,1968,X52
919,20,0.23,67500,88000,0.252,1.17,0.014,0.009,0.011,0.009,0.038,0.027,0.04,0.141,0.016,0.001,0.001,1968,X52
919,20,0.23,67500,88000,0.236,1.22,0.021,0.019,0.019,0.004,0.074,0.01,0.002,0.041,0.03,0.001,0.029,1968,X52
919,20,0.23,67500,88000,0.268,1.12,0.017,0.014,0.015,0.006,0.059,0.012,0.04,0.033,0.028,0.001,0.001,1968,X52
898,10.75,0.219,67500,93000,0.285,1.18,0.014,0.007,0.012,0.004,0.012,0.004,0.001,0.008,0.011,0.001,0.001,1961,X52
898,10.75,0.219,67500,93000,0.286,1.18,0.015,0.007,0.012,0.003,0.012,0.003,0.001,0.009,0.011,0.001,0.001,1961,X52
898,10.75,0.219,67500,93000,0.279,1.1,0.024,0.008,0.01,0.003,0.01,0.002,0.001,0.01,0.008,0.001,0.001,1961,X52
898,10.75,0.219,67500,93000,0.266,1.13,0.015,0.007,0.001,0.003,0.009,0.002,0.001,0.008,0.01,0.001,0.001,1961,X52
898,10.75,0.219,67500,93000,0.25,1.14,0.014,0.009,0.011,0.002,0.011,0.002,0.001,0.008,0.01,0.001,0.001,1961,X52
898,10.75,0.219,67500,93000,0.284,1.11,0.018,0.009,0.01,0.002,0.011,0.003,0.001,0.008,0.01,0.001,0.001,1961,X52
1405,8.625,0.188,67500,80000,0.159,0.734,0.01,0.006,0.006,0.002,0.013,0.004,0.048,0.008,0.012,0.001,0.001,1983,X52
1405,8.625,0.188,67500,87500,0.159,0.734,0.01,0.006,0.006,0.002,0.013,0.004,0.048,0.008,0.012,0.001,0.001,1983,X52
1405,8.625,0.188,67500,80000,0.13,0.76,0.008,0.007,0.004,0.002,0.014,0.004,0.056,0.009,0.013,0.001,0.001,1983,X52
1405,8.625,0.188,67500,87500,0.13,0.76,0.008,0.007,0.004,0.002,0.014,0.004,0.056,0.009,0.013,0.001,0.001,1983,X52
1361,6.625,0.28,67500,72000,0.086,0.958,0.002,0.01,0.113,0.027,0.016,0.003,0,0.019,0.004,0.002,0.017,2013,X52
51,8.625,0.219,67750,93250,0.32,0.92,0.021,0.006,0.006,0.016,0.013,0.012,0,0.018,0.074,0,0,1960,X52
51,8.625,0.219,67750,93250,0.29,1.14,0.018,0.009,0.003,0.005,0.009,0.011,0,0.008,0.016,0,0,1960,X52
51,8.625,0.219,67750,93250,0.31,1.17,0.03,0.011,0.006,0.004,0.009,0.014,0,0.008,0.015,0,0,1960,X52
51,8.625,0.219,67750,93250,0.25,1.09,0.014,0.008,0.006,0.002,0.009,0.011,0,0.009,0.021,0,0,1960,X52
1397,10.75,0.594,67900,83900,0.181,1.34,0.021,0.01,0.145,0.038,0.053,0.025,0,0.065,0.096,0.002,0.001,1972,X52
919,20,0.23,68000,88500,0.248,1.16,0.017,0.011,0.036,0.004,0.052,0.009,0.044,0.028,0.022,0.001,0.001,1968,X52
919,20,0.23,68000,88500,0.252,1.17,0.014,0.009,0.011,0.009,0.038,0.027,0.04,0.141,0.016,0.001,0.001,1968,X52
919,20,0.23,68000,88500,0.236,1.22,0.021,0.019,0.019,0.004,0.074,0.01,0.002,0.041,0.03,0.001,0.029,1968,X52
919,20,0.23,68000,88500,0.268,1.12,0.017,0.014,0.015,0.006,0.059,0.012,0.04,0.033,0.028,0.001,0.001,1968,X52
996,20,0.219,68000,91500,0.235,1.08,0.022,0.012,0.023,0.004,0.058,0.009,0.038,0.037,0.031,0.001,0.001,1968,X52
996,20,0.219,68000,91500,0.235,1.08,0.022,0.012,0.023,0.004,0.058,0.009,0.038,0.037,0.031,0.001,0.001,1968,X52
996,20,0.219,68000,91500,0.235,1.08,0.022,0.012,0.023,0.004,0.058,0.009,0.038,0.037,0.031,0.001,0.001,1968,X52
996,20,0.219,68000,91500,0.235,1.08,0.022,0.012,0.023,0.004,0.058,0.009,0.038,0.037,0.031,0.001,0.001,1968,X52
996,20,0.219,68000,91500,0.258,1.15,0.023,0.008,0.042,0.003,0.032,0.008,0.047,0.025,0.029,0.001,0.001,1968,X52
996,20,0.219,68000,91500,0.258,1.15,0.023,0.008,0.042,0.003,0.032,0.008,0.047,0.025,0.029,0.001,0.001,1968,X52
996,20,0.219,68000,91500,0.258,1.06,0.016,0.012,0.012,0.005,0.07,0.009,0.001,0.039,0.017,0.001,0.019,1968,X52
996,20,0.219,68000,91500,0.258,1.06,0.016,0.012,0.012,0.005,0.07,0.009,0.001,0.039,0.017,0.001,0.019,1968,X52
996,20,0.219,68000,91500,0.266,1.21,0.02,0.01,0.033,0.005,0.038,0.009,0.043,0.044,0.032,0.001,0.001,1968,X52
996,20,0.219,68000,91500,0.266,1.21,0.02,0.01,0.033,0.005,0.038,0.009,0.043,0.044,0.032,0.001,0.001,1968,X52
996,20,0.219,68000,91500,0.266,1.21,0.02,0.01,0.033,0.005,0.038,0.009,0.043,0.044,0.032,0.001,0.001,1968,X52
996,20,0.219,68000,91500,0.266,1.21,0.02,0.01,0.033,0.005,0.038,0.009,0.043,0.044,0.032,0.001,0.001,1968,X52
996,20,0.219,68000,91500,0.308,1.11,0.015,0.008,0.053,0.001,0.035,0.006,0.001,0.021,0.028,0.001,0.001,1968,X52
996,20,0.219,68000,91500,0.308,1.11,0.015,0.008,0.053,0.001,0.035,0.006,0.001,0.021,0.028,0.001,0.001,1968,X52
996,20,0.219,68000,91500,0.308,1.11,0.015,0.008,0.053,0.001,0.035,0.006,0.001,0.021,0.028,0.001,0.001,1968,X52
996,20,0.219,68000,91500,0.308,1.11,0.015,0.008,0.053,0.001,0.035,0.006,0.001,0.021,0.028,0.001,0.001,1968,X52
1316,24,0.281,68000,85500,0.257,1.1,0.018,0.015,0.072,0.003,0.036,0.009,0,0.096,0.114,0.001,0.001,1960,X52
1316,24,0.281,68000,85500,0.25,1.1,0.019,0.013,0.069,0.001,0.044,0.023,0,0.095,0.112,0.001,0.001,1960,X52
1380,6.625,0.25,68000,81000,0.132,0.628,0.006,0.003,0.003,0.001,0.007,0.003,0,0.004,0.012,0.001,0.001,1950,X52
1178,6.625,0.141,68500,79000,0.209,0.964,0.017,0.008,0.043,0.001,0.028,0.006,0,0.019,0.072,0.001,0.019,1968,X52
1310,8.625,0.156,68500,85000,0.206,1.11,0.017,0.01,0.058,0.001,0.02,0.005,0,0.073,0.043,0.001,0.001,1962,X52
1310,8.625,0.156,68500,85000,0.22,1.18,0.018,0.013,0.083,0.001,0.003,0.006,0,0.072,0.05,0.002,0.001,1962,X52
1310,8.625,0.156,68500,85000,0.227,1.1,0.02,0.013,0.021,0.002,0.026,0.006,0,0.028,0.055,0.001,0.001,1962,X52
1310,8.625,0.156,68500,85000,0.264,1.13,0.013,0.012,0.016,0.002,0.024,0.005,0,0.014,0.028,0.001,0.001,1962,X52
1371,8.625,0.203,68500,94000,0.248,1.11,0.02,0.01,0.015,0.005,0.014,0.006,0,0.009,0.009,0.001,0.001,1962,X52
175,10.75,0.203,68700,82300,0.19,0.91,0.02,0.01,0.015,0.007,0.011,0.006,0.002,0.008,0.008,0.003,0.025,1967,X52
175,10.75,0.203,68700,82300,0.16,0.88,0.021,0.01,0.015,0.007,0.01,0.008,0.002,0.009,0.009,0.003,0.024,1967,X52
996,20,0.219,69000,93000,0.235,1.08,0.022,0.012,0.023,0.004,0.058,0.009,0.038,0.037,0.031,0.001,0.001,1968,X52
996,20,0.219,69000,93000,0.235,1.08,0.022,0.012,0.023,0.004,0.058,0.009,0.038,0.037,0.031,0.001,0.001,1968,X52
996,20,0.219,69000,93000,0.235,1.08,0.022,0.012,0.023,0.004,0.058,0.009,0.038,0.037,0.031,0.001,0.001,1968,X52
996,20,0.219,69000,93000,0.235,1.08,0.022,0.012,0.023,0.004,0.058,0.009,0.038,0.037,0.031,0.001,0.001,1968,X52
996,20,0.219,69000,93000,0.258,1.15,0.023,0.008,0.042,0.003,0.032,0.008,0.047,0.025,0.029,0.001,0.001,1968,X52
996,20,0.219,69000,93000,0.258,1.15,0.023,0.008,0.042,0.003,0.032,0.008,0.047,0.025,0.029,0.001,0.001,1968,X52
996,20,0.219,69000,93000,0.258,1.06,0.016,0.012,0.012,0.005,0.07,0.009,0.001,0.039,0.017,0.001,0.019,1968,X52
996,20,0.219,69000,93000,0.258,1.06,0.016,0.012,0.012,0.005,0.07,0.009,0.001,0.039,0.017,0.001,0.019,1968,X52
996,20,0.219,69000,93000,0.266,1.21,0.02,0.01,0.033,0.005,0.038,0.009,0.043,0.044,0.032,0.001,0.001,1968,X52
996,20,0.219,69000,93000,0.266,1.21,0.02,0.01,0.033,0.005,0.038,0.009,0.043,0.044,0.032,0.001,0.001,1968,X52
996,20,0.219,69000,93000,0.266,1.21,0.02,0.01,0.033,0.005,0.038,0.009,0.043,0.044,0.032,0.001,0.001,1968,X52
996,20,0.219,69000,93000,0.266,1.21,0.02,0.01,0.033,0.005,0.038,0.009,0.043,0.044,0.032,0.001,0.001,1968,X52
996,20,0.219,69000,93000,0.308,1.11,0.015,0.008,0.053,0.001,0.035,0.006,0.001,0.021,0.028,0.001,0.001,1968,X52
996,20,0.219,69000,93000,0.308,1.11,0.015,0.008,0.053,0.001,0.035,0.006,0.001,0.021,0.028,0.001,0.001,1968,X52
996,20,0.219,69000,93000,0.308,1.11,0.015,0.008,0.053,0.001,0.035,0.006,0.001,0.021,0.028,0.001,0.001,1968,X52
996,20,0.219,69000,93000,0.308,1.11,0.015,0.008,0.053,0.001,0.035,0.006,0.001,0.021,0.028,0.001,0.001,1968,X52
1162,8.625,0.188,69000,89000,0.239,1.09,0.018,0.012,0.194,0.003,0.03,0.012,0,0.071,0.174,0.002,0.001,1972,X52
1162,8.625,0.188,69000,90000,0.239,1.09,0.018,0.012,0.194,0.003,0.03,0.012,0,0.071,0.174,0.002,0.001,1972,X52
1162,8.625,0.188,69000,89000,0.242,1.08,0.017,0.012,0.196,0.005,0.03,0.012,0,0.071,0.173,0.002,0.001,1972,X52
1162,8.625,0.188,69000,90000,0.242,1.08,0.017,0.012,0.196,0.005,0.03,0.012,0,0.071,0.173,0.002,0.001,1972,X52
1162,8.625,0.188,69000,89000,0.26,1.2,0.02,0.008,0.245,0.002,0.035,0.015,0,0.069,0.156,0.002,0.001,1972,X52
1162,8.625,0.188,69000,90000,0.26,1.2,0.02,0.008,0.245,0.002,0.035,0.015,0,0.069,0.156,0.002,0.001,1972,X52
1195,8.625,0.188,69000,81500,0.208,0.747,0.015,0.008,0.06,0.005,0.025,0.006,0,0.039,0.047,0.001,0.018,1963,X52
1308,10.75,0.385,69000,77000,0.036,1.1,0.001,0.012,0.218,0.029,0.033,0.009,0,0.024,0.059,0.011,0.033,2012,X52
1405,8.625,0.188,69000,77500,0.159,0.734,0.01,0.006,0.006,0.002,0.013,0.004,0.048,0.008,0.012,0.001,0.001,1983,X52
1405,8.625,0.188,69000,77500,0.13,0.76,0.008,0.007,0.004,0.002,0.014,0.004,0.056,0.009,0.013,0.001,0.001,1983,X52
51,8.625,0.219,69250,92750,0.32,0.92,0.021,0.006,0.006,0.016,0.013,0.012,0,0.018,0.074,0,0,1960,X52
51,8.625,0.219,69250,92750,0.29,1.14,0.018,0.009,0.003,0.005,0.009,0.011,0,0.008,0.016,0,0,1960,X52
51,8.625,0.219,69250,92750,0.31,1.17,0.03,0.011,0.006,0.004,0.009,0.014,0,0.008,0.015,0,0,1960,X52
51,8.625,0.219,69250,92750,0.25,1.09,0.014,0.008,0.006,0.002,0.009,0.011,0,0.009,0.021,0,0,1960,X52
1527,8.625,0.358,69400,74400,0.074,0.946,0.009,0.017,0.141,0.01,0.025,0.008,0,0.022,0.008,0.001,0.011,1979,X52
132,20,0.344,69500,79000,0.25,1.1,0.029,0.016,0.048,0,0.02,0.004,0.001,0.037,0.14,0.002,0,1952,X52
169,10.75,0.188,69500,86000,0.24,1.17,0.019,0.012,0.25,0.005,0.043,0.015,0.003,0.063,0.11,0.003,0.004,1972,X52
169,10.75,0.188,69500,86000,0.24,1.18,0.022,0.013,0.25,0.003,0.036,0.015,0.003,0.073,0.1,0.003,0.004,1972,X52
255,10.75,0.188,69500,79000,0.18,0.931,0.016,0.006,0.028,0.004,0.028,0.014,0.002,0.029,0.045,0.003,0.038,1970,X52
132,20,0.344,69500,79000,0.27,1.1,0.03,0.012,0.064,0,0.019,0.004,0.002,0.035,0.14,0.002,0.001,1952,X52
132,20,0.344,69500,79000,0.23,0.93,0.032,0.014,0.038,0.001,0.026,0.005,0.001,0.032,0.14,0.002,0,1952,X52
1353,12.75,0.312,69500,81000,0.061,1.04,0.002,0.013,0.154,0.042,0.02,0.006,0,0.008,0.01,0.002,0.029,2014,X52
1154,12.75,0.203,70000,91500,0.262,1.15,0.022,0.019,0.025,0.004,0.048,0.014,0,0.016,0.01,0.002,0.014,1969,X52
1395,12.75,0.312,70000,79000,0.062,1.03,0.0174,0.012,0.174,0.036,0.028,0.005,0,0.01,0.017,0.002,0.03,2015,X52
172,6.625,0.128,70400,89900,0.26,0.7,0.018,0.009,0.003,0.001,0.014,0.004,0.055,0.008,0.009,0.002,0.003,1980,X52
1162,8.625,0.188,70500,90500,0.239,1.09,0.018,0.012,0.194,0.003,0.03,0.012,0,0.071,0.174,0.002,0.001,1972,X52
1162,8.625,0.188,70500,90500,0.242,1.08,0.017,0.012,0.196,0.005,0.03,0.012,0,0.071,0.173,0.002,0.001,1972,X52
1162,8.625,0.188,70500,90500,0.26,1.2,0.02,0.008,0.245,0.002,0.035,0.015,0,0.069,0.156,0.002,0.001,1972,X52
1370,8.625,0.188,70500,95000,0.272,1.08,0.01,0.009,0.019,0.006,0.013,0.035,0,0.008,0.007,0.001,0.001,1962,X52
1370,8.625,0.188,70500,95000,0.269,1.21,0.011,0.009,0.015,0.002,0.03,0.016,0.036,0.013,0.08,0.002,0.001,1962,X52
1372,6.625,0.156,70500,81000,0.226,0.976,0.015,0.017,0.128,0.003,0.04,0.01,0,0.052,0.1,0.002,0.001,1972,X52
996,20,0.219,71500,94000,0.235,1.08,0.022,0.012,0.023,0.004,0.058,0.009,0.038,0.037,0.031,0.001,0.001,1968,X52
996,20,0.219,71500,94000,0.235,1.08,0.022,0.012,0.023,0.004,0.058,0.009,0.038,0.037,0.031,0.001,0.001,1968,X52
996,20,0.219,71500,94000,0.258,1.15,0.023,0.008,0.042,0.003,0.032,0.008,0.047,0.025,0.029,0.001,0.001,1968,X52
996,20,0.219,71500,94000,0.258,1.06,0.016,0.012,0.012,0.005,0.07,0.009,0.001,0.039,0.017,0.001,0.019,1968,X52
996,20,0.219,71500,94000,0.266,1.21,0.02,0.01,0.033,0.005,0.038,0.009,0.043,0.044,0.032,0.001,0.001,1968,X52
996,20,0.219,71500,94000,0.266,1.21,0.02,0.01,0.033,0.005,0.038,0.009,0.043,0.044,0.032,0.001,0.001,1968,X52
996,20,0.219,71500,94000,0.308,1.11,0.015,0.008,0.053,0.001,0.035,0.006,0.001,0.021,0.028,0.001,0.001,1968,X52
996,20,0.219,71500,94000,0.308,1.11,0.015,0.008,0.053,0.001,0.035,0.006,0.001,0.021,0.028,0.001,0.001,1968,X52
1219,10.75,0.5,71500,75700,0.056,1,0.002,0.012,0.186,0.027,0.053,0.017,0,0.044,0.142,0.01,0.016,2012,X52
1219,10.75,0.5,71500,75700,0.059,0.99,0.001,0.012,0.193,0.026,0.044,0.015,0,0.054,0.138,0.01,0.014,2012,X52
1310,8.625,0.156,71500,90500,0.206,1.11,0.017,0.01,0.058,0.001,0.02,0.005,0,0.073,0.043,0.001,0.001,1962,X52
1310,8.625,0.156,71500,90500,0.22,1.18,0.018,0.013,0.083,0.001,0.003,0.006,0,0.072,0.05,0.002,0.001,1962,X52
1310,8.625,0.156,71500,90500,0.227,1.1,0.02,0.013,0.021,0.002,0.026,0.006,0,0.028,0.055,0.001,0.001,1962,X52
1310,8.625,0.156,71500,90500,0.264,1.13,0.013,0.012,0.016,0.002,0.024,0.005,0,0.014,0.028,0.001,0.001,1962,X52
1459,8.625,0.188,71500,95500,0.275,1.09,0.014,0.01,0.022,0.002,0.013,0.035,0,0.009,0.008,0.001,0.001,1962,X52
175,10.75,0.203,71600,88100,0.19,0.91,0.02,0.01,0.015,0.007,0.011,0.006,0.002,0.008,0.008,0.003,0.025,1967,X52
175,10.75,0.203,71600,88100,0.16,0.88,0.021,0.01,0.015,0.007,0.01,0.008,0.002,0.009,0.009,0.003,0.024,1967,X52
1480,8.625,0.188,71600,90100,0.285,1.04,0.014,0.014,0.022,0.002,0.015,0.005,0,0.008,0.01,0.001,0.001,1962,X52
169,10.75,0.188,72000,87500,0.24,1.17,0.019,0.012,0.25,0.005,0.043,0.015,0.003,0.063,0.11,0.003,0.004,1972,X52
169,10.75,0.188,72000,87500,0.24,1.18,0.022,0.013,0.25,0.003,0.036,0.015,0.003,0.073,0.1,0.003,0.004,1972,X52
1308,10.75,0.385,72000,79500,0.036,1.1,0.001,0.012,0.218,0.029,0.033,0.009,0,0.024,0.059,0.011,0.033,2012,X52
332,12.75,0.25,72500,91000,0.204,0.729,0.016,0.006,0.01,0.009,0.02,0.004,0.001,0.033,0.03,0.002,0.03,1971,X52
90,26,0.281,73000,81000,0.29,1,0.023,0.01,0.088,0,0.16,0.01,0,0.036,0.07,0,0,1956,X52
1219,10.75,0.5,73000,79000,0.056,1,0.002,0.012,0.186,0.027,0.053,0.017,0,0.044,0.142,0.01,0.016,2012,X52
1219,10.75,0.5,73000,79000,0.059,0.99,0.001,0.012,0.193,0.026,0.044,0.015,0,0.054,0.138,0.01,0.014,2012,X52
1310,8.625,0.156,73000,87000,0.206,1.11,0.017,0.01,0.058,0.001,0.02,0.005,0,0.073,0.043,0.001,0.001,1962,X52
1310,8.625,0.156,73000,87000,0.22,1.18,0.018,0.013,0.083,0.001,0.003,0.006,0,0.072,0.05,0.002,0.001,1962,X52
1310,8.625,0.156,73000,87000,0.227,1.1,0.02,0.013,0.021,0.002,0.026,0.006,0,0.028,0.055,0.001,0.001,1962,X52
1310,8.625,0.156,73000,87000,0.264,1.13,0.013,0.012,0.016,0.002,0.024,0.005,0,0.014,0.028,0.001,0.001,1962,X52
1515,10.75,0.188,74100,87400,0.165,0.933,0.014,0.009,0.026,0.001,0.04,0.008,0,0.025,0.04,0.001,0.034,1970,X52
1515,10.75,0.188,74100,87400,0.192,0.927,0.02,0.03,0.028,0.004,0.047,0.012,0,0.04,0.037,0.001,0.033,1970,X52
51,8.625,0.219,74250,105500,0.32,0.92,0.021,0.006,0.006,0.016,0.013,0.012,0,0.018,0.074,0,0,1960,X52
51,8.625,0.219,74250,105500,0.29,1.14,0.018,0.009,0.003,0.005,0.009,0.011,0,0.008,0.016,0,0,1960,X52
51,8.625,0.219,74250,105500,0.31,1.17,0.03,0.011,0.006,0.004,0.009,0.014,0,0.008,0.015,0,0,1960,X52
51,8.625,0.219,74250,105500,0.25,1.09,0.014,0.008,0.006,0.002,0.009,0.011,0,0.009,0.021,0,0,1960,X52
1515,10.75,0.188,75100,88500,0.165,0.933,0.014,0.009,0.026,0.001,0.04,0.008,0,0.025,0.04,0.001,0.034,1970,X52
1515,10.75,0.188,75100,88500,0.192,0.927,0.02,0.03,0.028,0.004,0.047,0.012,0,0.04,0.037,0.001,0.033,1970,X52
1371,8.625,0.203,76500,98000,0.248,1.11,0.02,0.01,0.015,0.005,0.014,0.006,0,0.009,0.009,0.001,0.001,1962,X52
1230,24,0.375,78200,85100,0.272,1.15,0.019,0.009,0.054,0.003,0.04,0.018,0,0.119,0.188,0.001,0.001,1952,X52
1230,24,0.375,78200,85100,0.265,1.01,0.019,0.013,0.04,0.002,0.068,0.018,0,0.079,0.186,0.001,0.001,1952,X52
1230,24,0.375,78200,85100,0.275,1.11,0.02,0.012,0.047,0.003,0.059,0.026,0,0.08,0.194,0.001,0.001,1952,X52
1230,24,0.375,78200,85100,0.27,1.14,0.017,0.01,0.054,0.004,0.04,0.018,0,0.119,0.189,0.001,0.001,1952,X52
1230,24,0.375,78200,85100,0.289,1.2,0.02,0.011,0.048,0.002,0.04,0.02,0,0.079,0.217,0.001,0.001,1952,X52
1230,24,0.375,78200,85100,0.264,1.01,0.018,0.013,0.042,0.0003,0.068,0.018,0,0.079,0.186,0.001,0.001,1952,X52
1230,24,0.375,81000,84700,0.272,1.15,0.019,0.009,0.054,0.003,0.04,0.018,0,0.119,0.188,0.001,0.001,1952,X52
1230,24,0.375,81000,84700,0.265,1.01,0.019,0.013,0.04,0.002,0.068,0.018,0,0.079,0.186,0.001,0.001,1952,X52
1230,24,0.375,81000,84700,0.275,1.11,0.02,0.012,0.047,0.003,0.059,0.026,0,0.08,0.194,0.001,0.001,1952,X52
1230,24,0.375,81000,84700,0.27,1.14,0.017,0.01,0.054,0.004,0.04,0.018,0,0.119,0.189,0.001,0.001,1952,X52
1230,24,0.375,81000,84700,0.289,1.2,0.02,0.011,0.048,0.002,0.04,0.02,0,0.079,0.217,0.001,0.001,1952,X52
1230,24,0.375,81000,84700,0.264,1.01,0.018,0.013,0.042,0.0003,0.068,0.018,0,0.079,0.186,0.001,0.001,1952,X52
1230,24,0.375,85000,89500,0.272,1.15,0.019,0.009,0.054,0.003,0.04,0.018,0,0.119,0.188,0.001,0.001,1952,X52
1230,24,0.375,85000,89500,0.265,1.01,0.019,0.013,0.04,0.002,0.068,0.018,0,0.079,0.186,0.001,0.001,1952,X52
1230,24,0.375,85000,89500,0.275,1.11,0.02,0.012,0.047,0.003,0.059,0.026,0,0.08,0.194,0.001,0.001,1952,X52
1230,24,0.375,85000,89500,0.27,1.14,0.017,0.01,0.054,0.004,0.04,0.018,0,0.119,0.189,0.001,0.001,1952,X52
1230,24,0.375,85000,89500,0.289,1.2,0.02,0.011,0.048,0.002,0.04,0.02,0,0.079,0.217,0.001,0.001,1952,X52
1230,24,0.375,85000,89500,0.264,1.01,0.018,0.013,0.042,0.0003,0.068,0.018,0,0.079,0.186,0.001,0.001,1952,X52
872,16,0.203,56000,72000,0.243,1.22,0.024,0.007,0.009,0.003,0.006,0.008,0.001,0.021,0.036,0.001,0.021,1965,X60
872,16,0.203,56000,76000,0.243,1.22,0.024,0.007,0.009,0.003,0.006,0.008,0.001,0.021,0.036,0.001,0.021,1965,X60
872,16,0.203,56000,72000,0.226,1.22,0.022,0.007,0.01,0.004,0.065,0.008,0.002,0.02,0.036,0.001,0.019,1965,X60
872,16,0.203,56000,76000,0.226,1.22,0.022,0.007,0.01,0.004,0.065,0.008,0.002,0.02,0.036,0.001,0.019,1965,X60
872,16,0.203,56000,72000,0.221,1.26,0.017,0.007,0.01,0.003,0.053,0.01,0.002,0.027,0.033,0.001,0.018,1965,X60
872,16,0.203,56000,76000,0.221,1.26,0.017,0.007,0.01,0.003,0.053,0.01,0.002,0.027,0.033,0.001,0.018,1965,X60
872,16,0.203,56000,72000,0.257,1.25,0.025,0.007,0.006,0.011,0.043,0.006,0.001,0.019,0.031,0.001,0.011,1965,X60
872,16,0.203,56000,76000,0.257,1.25,0.025,0.007,0.006,0.011,0.043,0.006,0.001,0.019,0.031,0.001,0.011,1965,X60
872,16,0.203,56000,72000,0.232,1.26,0.019,0.008,0.009,0.003,0.053,0.01,0.001,0.027,0.033,0.001,0.019,1965,X60
872,16,0.203,56000,76000,0.232,1.26,0.019,0.008,0.009,0.003,0.053,0.01,0.001,0.027,0.033,0.001,0.019,1965,X60
872,16,0.203,56500,72000,0.243,1.22,0.024,0.007,0.009,0.003,0.006,0.008,0.001,0.021,0.036,0.001,0.021,1965,X60
872,16,0.203,56500,72000,0.226,1.22,0.022,0.007,0.01,0.004,0.065,0.008,0.002,0.02,0.036,0.001,0.019,1965,X60
872,16,0.203,56500,72000,0.221,1.26,0.017,0.007,0.01,0.003,0.053,0.01,0.002,0.027,0.033,0.001,0.018,1965,X60
872,16,0.203,56500,72000,0.257,1.25,0.025,0.007,0.006,0.011,0.043,0.006,0.001,0.019,0.031,0.001,0.011,1965,X60
872,16,0.203,56500,72000,0.232,1.26,0.019,0.008,0.009,0.003,0.053,0.01,0.001,0.027,0.033,0.001,0.019,1965,X60
495,10.75,0.188,57000,75000,0.206,1.07,0.018,0.006,0.014,0.058,0.013,0.007,0.003,0.011,0.014,0.003,0.051,1973,X60
872,16,0.203,57500,75000,0.243,1.22,0.024,0.007,0.009,0.003,0.006,0.008,0.001,0.021,0.036,0.001,0.021,1965,X60
872,16,0.203,57500,74500,0.243,1.22,0.024,0.007,0.009,0.003,0.006,0.008,0.001,0.021,0.036,0.001,0.021,1965,X60
872,16,0.203,57500,75000,0.226,1.22,0.022,0.007,0.01,0.004,0.065,0.008,0.002,0.02,0.036,0.001,0.019,1965,X60
872,16,0.203,57500,74500,0.226,1.22,0.022,0.007,0.01,0.004,0.065,0.008,0.002,0.02,0.036,0.001,0.019,1965,X60
872,16,0.203,57500,75000,0.221,1.26,0.017,0.007,0.01,0.003,0.053,0.01,0.002,0.027,0.033,0.001,0.018,1965,X60
872,16,0.203,57500,74500,0.221,1.26,0.017,0.007,0.01,0.003,0.053,0.01,0.002,0.027,0.033,0.001,0.018,1965,X60
872,16,0.203,57500,75000,0.257,1.25,0.025,0.007,0.006,0.011,0.043,0.006,0.001,0.019,0.031,0.001,0.011,1965,X60
872,16,0.203,57500,74500,0.257,1.25,0.025,0.007,0.006,0.011,0.043,0.006,0.001,0.019,0.031,0.001,0.011,1965,X60
872,16,0.203,57500,75000,0.232,1.26,0.019,0.008,0.009,0.003,0.053,0.01,0.001,0.027,0.033,0.001,0.019,1965,X60
872,16,0.203,57500,74500,0.232,1.26,0.019,0.008,0.009,0.003,0.053,0.01,0.001,0.027,0.033,0.001,0.019,1965,X60
872,16,0.203,58000,74000,0.243,1.22,0.024,0.007,0.009,0.003,0.006,0.008,0.001,0.021,0.036,0.001,0.021,1965,X60
872,16,0.203,58000,73500,0.243,1.22,0.024,0.007,0.009,0.003,0.006,0.008,0.001,0.021,0.036,0.001,0.021,1965,X60
872,16,0.203,58000,74000,0.226,1.22,0.022,0.007,0.01,0.004,0.065,0.008,0.002,0.02,0.036,0.001,0.019,1965,X60
872,16,0.203,58000,73500,0.226,1.22,0.022,0.007,0.01,0.004,0.065,0.008,0.002,0.02,0.036,0.001,0.019,1965,X60
872,16,0.203,58000,74000,0.221,1.26,0.017,0.007,0.01,0.003,0.053,0.01,0.002,0.027,0.033,0.001,0.018,1965,X60
872,16,0.203,58000,73500,0.221,1.26,0.017,0.007,0.01,0.003,0.053,0.01,0.002,0.027,0.033,0.001,0.018,1965,X60
872,16,0.203,58000,74000,0.257,1.25,0.025,0.007,0.006,0.011,0.043,0.006,0.001,0.019,0.031,0.001,0.011,1965,X60
872,16,0.203,58000,73500,0.257,1.25,0.025,0.007,0.006,0.011,0.043,0.006,0.001,0.019,0.031,0.001,0.011,1965,X60
872,16,0.203,58000,74000,0.232,1.26,0.019,0.008,0.009,0.003,0.053,0.01,0.001,0.027,0.033,0.001,0.019,1965,X60
872,16,0.203,58000,73500,0.232,1.26,0.019,0.008,0.009,0.003,0.053,0.01,0.001,0.027,0.033,0.001,0.019,1965,X60
495,10.75,0.188,59500,74500,0.206,1.07,0.018,0.006,0.014,0.058,0.013,0.007,0.003,0.011,0.014,0.003,0.051,1973,X60
963,16,0.203,59500,76000,0.218,1.23,0.019,0.008,0.011,0.004,0.063,0.006,0.002,0.018,0.036,0.001,0.018,1965,X60
963,16,0.203,59500,76000,0.218,1.3,0.028,0.008,0.011,0.002,0.078,0.008,0.002,0.031,0.038,0.001,0.023,1965,X60
963,16,0.203,59500,76000,0.252,0.134,0.018,0.008,0.014,0.002,0.08,0.006,0.002,0.018,0.025,0.002,0.028,1965,X60
963,16,0.203,59500,76000,0.215,1.25,0.015,0.007,0.013,0.003,0.062,0.006,0.002,0.018,0.035,0.001,0.019,1965,X60
988,36,0.438,59700,91100,0.21,1.3,0.015,0.013,0.36,0.04,0.03,0.01,0.08,0.02,0.03,0.01,0.01,1970,X60
988,36,0.438,59700,91100,0.21,1.44,0.019,0.02,0.4,0.05,0.06,0.01,0.08,0.02,0.02,0.01,0.01,1970,X60
988,36,0.438,59700,91100,0.18,1.32,0.016,0.014,0.39,0.03,0.04,0.01,0.008,0.02,0.03,0.01,0.01,1970,X60
1506,6.625,0.125,60000,75000,0.181,0.764,0.021,0.005,0.021,0.047,0.079,0.026,0.049,0.087,0.153,0.001,0.001,1982,X60
1506,6.625,0.125,60000,75000,0.172,0.772,0.017,0.003,0.017,0.042,0.079,0.032,0.037,0.107,0.137,0.001,0.001,1982,X60
1506,6.625,0.125,60000,75000,0.176,0.737,0.022,0.003,0.016,0.045,0.104,0.031,0.048,0.087,0.125,0.001,0,1982,X60
1506,6.625,0.125,60000,75000,0.175,0.804,0.019,0.007,0.019,0.047,0.119,0.026,0.05,0.099,0.124,0.001,0.001,1982,X60
1506,6.625,0.125,60000,75000,0.188,0.734,0.019,0.003,0.019,0.063,0.064,0.023,0.047,0.069,0.136,0.001,0.001,1982,X60
1506,6.625,0.125,60000,75000,0.181,0.7,0.016,0.004,0.016,0.021,0.078,0.022,0.043,0.072,0.124,0.001,0.001,1982,X60
1506,6.625,0.125,60000,75000,0.189,0.72,0.017,0.003,0.18,0.062,0.064,0.023,0.046,0.069,0.16,0.001,0.001,1982,X60
1506,6.625,0.125,60000,75000,0.171,0.699,0.018,0.004,0.019,0.053,0.061,0.029,0.045,0.091,0.176,0.001,0.001,1982,X60
1506,6.625,0.125,60000,75000,0.192,0.75,0.015,0.004,0.018,0.031,0.063,0.021,0.0047,0.059,0.07,0.001,0.001,1982,X60
1506,6.625,0.125,60000,75000,0.184,0.759,0.018,0.004,0.02,0.043,0.059,0.026,0.049,0.078,0.138,0.001,0.001,1982,X60
1506,6.625,0.125,60000,75000,0.181,0.77,0.017,0.004,0.02,0.043,0.072,0.026,0.048,0.12,0.0164,0.001,0.001,1982,X60
266,14,0.25,60500,80000,0.237,1.33,0.02,0.009,0.013,0.005,0.015,0.014,0.036,0.012,0.012,0.002,0.03,1975,X60
870,16,0.203,60500,79000,0.259,1.35,0.027,0.009,0.011,0.002,0.079,0.024,0.002,0.038,0.028,0.001,0.025,1965,X60
870,16,0.203,60500,79000,0.262,1.33,0.025,0.009,0.011,0.002,0.079,0.023,0.002,0.038,0.029,0.001,0.024,1965,X60
870,16,0.203,60500,79000,0.275,1.41,0.018,0.007,0.01,0.002,0.055,0.009,0.002,0.028,0.042,0.001,0.025,1965,X60
870,16,0.203,60500,79000,0.231,1.22,0.023,0.007,0.01,0.006,0.065,0.008,0.002,0.021,0.036,0.001,0.02,1965,X60
870,16,0.203,60500,79000,0.24,1.32,0.022,0.13,0.011,0.003,0.06,0.007,0.002,0.019,0.035,0.001,0.026,1965,X60
1443,12.75,0.255,60500,84500,0.227,1.2,0.016,0.005,0.016,0.005,0.035,0.008,0.005,0.031,0.096,0.001,0.023,1970,X60
988,36,0.438,60800,89000,0.21,1.3,0.015,0.013,0.36,0.04,0.03,0.01,0.08,0.02,0.03,0.01,0.01,1970,X60
988,36,0.438,60800,89000,0.21,1.44,0.019,0.02,0.4,0.05,0.06,0.01,0.08,0.02,0.02,0.01,0.01,1970,X60
988,36,0.438,60800,89000,0.18,1.32,0.016,0.014,0.39,0.03,0.04,0.01,0.008,0.02,0.03,0.01,0.01,1970,X60
513,10.75,0.35,61000,93000,0.243,1.03,0.015,0.012,0.029,0.014,0.054,0.017,0.078,0.01,0.005,0.003,0.002,1970,X60
870,16,0.203,61500,79000,0.259,1.35,0.027,0.009,0.011,0.002,0.079,0.024,0.002,0.038,0.028,0.001,0.025,1965,X60
870,16,0.203,61500,79000,0.262,1.33,0.025,0.009,0.011,0.002,0.079,0.023,0.002,0.038,0.029,0.001,0.024,1965,X60
870,16,0.203,61500,79000,0.275,1.41,0.018,0.007,0.01,0.002,0.055,0.009,0.002,0.028,0.042,0.001,0.025,1965,X60
870,16,0.203,61500,79000,0.231,1.22,0.023,0.007,0.01,0.006,0.065,0.008,0.002,0.021,0.036,0.001,0.02,1965,X60
870,16,0.203,61500,79000,0.24,1.32,0.022,0.13,0.011,0.003,0.06,0.007,0.002,0.019,0.035,0.001,0.026,1965,X60
495,10.75,0.188,62000,76000,0.206,1.07,0.018,0.006,0.014,0.058,0.013,0.007,0.003,0.011,0.014,0.003,0.051,1973,X60
343,12.75,0.281,62000,84000,0.214,1.15,0.021,0.016,0.019,0.005,0.035,0.016,0.023,0.06,0.073,0.003,0.034,1967,X60
963,16,0.203,62000,78500,0.218,1.23,0.019,0.008,0.011,0.004,0.063,0.006,0.002,0.018,0.036,0.001,0.018,1965,X60
963,16,0.203,62000,78500,0.218,1.3,0.028,0.008,0.011,0.002,0.078,0.008,0.002,0.031,0.038,0.001,0.023,1965,X60
963,16,0.203,62000,78500,0.252,0.134,0.018,0.008,0.014,0.002,0.08,0.006,0.002,0.018,0.025,0.002,0.028,1965,X60
963,16,0.203,62000,78500,0.215,1.25,0.015,0.007,0.013,0.003,0.062,0.006,0.002,0.018,0.035,0.001,0.019,1965,X60
1122,16,0.203,62000,78000,0.228,1.24,0.022,0.009,0.009,0.003,0.049,0.015,0,0.071,0.069,0.001,0.021,1965,X60
258,6.625,0.125,62500,82500,0.187,0.723,0.013,0.004,0.017,0.034,0.052,0.024,0.049,0.065,0.104,0.002,0.002,1981,X60
870,16,0.203,62500,84500,0.259,1.35,0.027,0.009,0.011,0.002,0.079,0.024,0.002,0.038,0.028,0.001,0.025,1965,X60
870,16,0.203,62500,80000,0.259,1.35,0.027,0.009,0.011,0.002,0.079,0.024,0.002,0.038,0.028,0.001,0.025,1965,X60
870,16,0.203,62500,84500,0.262,1.33,0.025,0.009,0.011,0.002,0.079,0.023,0.002,0.038,0.029,0.001,0.024,1965,X60
870,16,0.203,62500,80000,0.262,1.33,0.025,0.009,0.011,0.002,0.079,0.023,0.002,0.038,0.029,0.001,0.024,1965,X60
870,16,0.203,62500,84500,0.275,1.41,0.018,0.007,0.01,0.002,0.055,0.009,0.002,0.028,0.042,0.001,0.025,1965,X60
870,16,0.203,62500,80000,0.275,1.41,0.018,0.007,0.01,0.002,0.055,0.009,0.002,0.028,0.042,0.001,0.025,1965,X60
870,16,0.203,62500,84500,0.231,1.22,0.023,0.007,0.01,0.006,0.065,0.008,0.002,0.021,0.036,0.001,0.02,1965,X60
870,16,0.203,62500,80000,0.231,1.22,0.023,0.007,0.01,0.006,0.065,0.008,0.002,0.021,0.036,0.001,0.02,1965,X60
870,16,0.203,62500,84500,0.24,1.32,0.022,0.13,0.011,0.003,0.06,0.007,0.002,0.019,0.035,0.001,0.026,1965,X60
870,16,0.203,62500,80000,0.24,1.32,0.022,0.13,0.011,0.003,0.06,0.007,0.002,0.019,0.035,0.001,0.026,1965,X60
963,16,0.203,62500,82500,0.218,1.23,0.019,0.008,0.011,0.004,0.063,0.006,0.002,0.018,0.036,0.001,0.018,1965,X60
963,16,0.203,62500,82500,0.218,1.3,0.028,0.008,0.011,0.002,0.078,0.008,0.002,0.031,0.038,0.001,0.023,1965,X60
963,16,0.203,62500,82500,0.252,0.134,0.018,0.008,0.014,0.002,0.08,0.006,0.002,0.018,0.025,0.002,0.028,1965,X60
963,16,0.203,62500,82500,0.215,1.25,0.015,0.007,0.013,0.003,0.062,0.006,0.002,0.018,0.035,0.001,0.019,1965,X60
1313,12.75,0.306,63000,78000,0.213,1.25,0.023,0.011,0.162,0.044,0.014,0.008,0,0.011,0.008,0.002,0.031,1972,X60
1313,12.75,0.306,63000,78000,0.205,1.28,0.014,0.013,0.031,0.002,0.036,0.011,0.043,0.02,0.015,0.001,0.033,1972,X60
1317,12.75,0.306,63000,78000,0.213,1.25,0.023,0.011,0.162,0.044,0.014,0.008,0,0.011,0.008,0.002,0.031,1972,X60
1317,12.75,0.306,63000,78000,0.205,1.28,0.014,0.013,0.031,0.002,0.036,0.011,0.043,0.02,0.015,0.001,0.033,1972,X60
1313,12.75,0.306,63000,78000,0.223,1.32,0.016,0.011,0.026,0.004,0.013,0.008,0.053,0.017,0.015,0.001,0.028,1972,X60
1317,12.75,0.306,63000,78000,0.223,1.32,0.016,0.011,0.026,0.004,0.013,0.008,0.053,0.017,0.015,0.001,0.028,1972,X60
75,24,0.406,63300,85900,0.23,1.11,0.03,0.015,0.03,0.01,0.04,0.03,0.01,0.05,0.09,0.01,0,1962,X60
739,36,0.438,63500,84500,0.209,1.3,0.016,0.006,0.027,0.001,0.031,0.001,0.003,0.019,0.028,0.001,0.041,1970,X60
739,36,0.438,63500,84500,0.209,1.3,0.016,0.006,0.027,0.001,0.031,0.001,0.003,0.019,0.028,0.001,0.041,1970,X60
739,36,0.438,63500,84500,0.209,1.27,0.017,0.008,0.029,0.001,0.055,0.001,0.003,0.029,0.04,0.001,0.04,1970,X60
739,36,0.438,63500,84500,0.209,1.27,0.017,0.008,0.029,0.001,0.055,0.001,0.003,0.029,0.04,0.001,0.04,1970,X60
807,20,0.25,63500,82500,0.224,1.18,0.013,0.009,0.017,0.002,0.055,0.006,0.051,0.042,0.028,0,0.027,1975,X60
870,16,0.203,63500,88500,0.259,1.35,0.027,0.009,0.011,0.002,0.079,0.024,0.002,0.038,0.028,0.001,0.025,1965,X60
870,16,0.203,63500,88500,0.262,1.33,0.025,0.009,0.011,0.002,0.079,0.023,0.002,0.038,0.029,0.001,0.024,1965,X60
870,16,0.203,63500,88500,0.275,1.41,0.018,0.007,0.01,0.002,0.055,0.009,0.002,0.028,0.042,0.001,0.025,1965,X60
870,16,0.203,63500,88500,0.231,1.22,0.023,0.007,0.01,0.006,0.065,0.008,0.002,0.021,0.036,0.001,0.02,1965,X60
870,16,0.203,63500,88500,0.24,1.32,0.022,0.13,0.011,0.003,0.06,0.007,0.002,0.019,0.035,0.001,0.026,1965,X60
1313,12.75,0.306,63500,80000,0.213,1.25,0.023,0.011,0.162,0.044,0.014,0.008,0,0.011,0.008,0.002,0.031,1972,X60
1313,12.75,0.306,63500,80000,0.205,1.28,0.014,0.013,0.031,0.002,0.036,0.011,0.043,0.02,0.015,0.001,0.033,1972,X60
1317,12.75,0.306,63500,80000,0.213,1.25,0.023,0.011,0.162,0.044,0.014,0.008,0,0.011,0.008,0.002,0.031,1972,X60
1317,12.75,0.306,63500,80000,0.205,1.28,0.014,0.013,0.031,0.002,0.036,0.011,0.043,0.02,0.015,0.001,0.033,1972,X60
1313,12.75,0.306,63500,80000,0.223,1.32,0.016,0.011,0.026,0.004,0.013,0.008,0.053,0.017,0.015,0.001,0.028,1972,X60
1317,12.75,0.306,63500,80000,0.223,1.32,0.016,0.011,0.026,0.004,0.013,0.008,0.053,0.017,0.015,0.001,0.028,1972,X60
1505,12.75,0.25,63900,85000,0.197,1.17,0.019,0.009,0.055,0.009,0.049,0.008,0.083,0.014,0.13,0.004,0.001,1965,X60
1132,20,0.344,64000,80500,0.227,1.03,0.019,0.007,0.012,0.006,0.013,0.006,0,0.012,0.009,0.001,0.001,1962,X60
1524,20,0.281,64000,81500,0.079,1.01,0.017,0.006,0.024,0.042,0.025,0.007,0,0.017,0.029,0.001,0.06,1982,X60
1524,20,0.281,64000,81500,0.066,0.97,0.013,0.005,0.032,0.052,0.024,0.007,0,0.017,0.025,0.001,0.074,1982,X60
1386,16,0.281,64500,87500,0.247,1.13,0.014,0.016,0.016,0.006,0.048,0.02,0.049,0.017,0.011,0.001,0.02,1975,X60
1386,16,0.281,64500,87500,0.238,1.15,0.015,0.015,0.028,0.004,0.043,0.017,0.055,0.025,0.015,0.001,0.024,1975,X60
1386,16,0.281,64500,87500,0.247,1.37,0.019,0.015,0.025,0.004,0.048,0.017,0.056,0.024,0.021,0.001,0.027,1975,X60
717,24,0.25,65000,89500,0.245,1.31,0.024,0.011,0.021,0.001,0.044,0.005,0.002,0.03,0.024,0.001,0.014,1968,X60
1506,6.625,0.125,65400,79000,0.181,0.764,0.021,0.005,0.021,0.047,0.079,0.026,0.049,0.087,0.153,0.001,0.001,1982,X60
1506,6.625,0.125,65400,79000,0.172,0.772,0.017,0.003,0.017,0.042,0.079,0.032,0.037,0.107,0.137,0.001,0.001,1982,X60
1506,6.625,0.125,65400,79000,0.176,0.737,0.022,0.003,0.016,0.045,0.104,0.031,0.048,0.087,0.125,0.001,0,1982,X60
1506,6.625,0.125,65400,79000,0.175,0.804,0.019,0.007,0.019,0.047,0.119,0.026,0.05,0.099,0.124,0.001,0.001,1982,X60
1506,6.625,0.125,65400,79000,0.188,0.734,0.019,0.003,0.019,0.063,0.064,0.023,0.047,0.069,0.136,0.001,0.001,1982,X60
1506,6.625,0.125,65400,79000,0.181,0.7,0.016,0.004,0.016,0.021,0.078,0.022,0.043,0.072,0.124,0.001,0.001,1982,X60
1506,6.625,0.125,65400,79000,0.189,0.72,0.017,0.003,0.18,0.062,0.064,0.023,0.046,0.069,0.16,0.001,0.001,1982,X60
1506,6.625,0.125,65400,79000,0.171,0.699,0.018,0.004,0.019,0.053,0.061,0.029,0.045,0.091,0.176,0.001,0.001,1982,X60
1506,6.625,0.125,65400,79000,0.192,0.75,0.015,0.004,0.018,0.031,0.063,0.021,0.0047,0.059,0.07,0.001,0.001,1982,X60
1506,6.625,0.125,65400,79000,0.184,0.759,0.018,0.004,0.02,0.043,0.059,0.026,0.049,0.078,0.138,0.001,0.001,1982,X60
1506,6.625,0.125,65400,79000,0.181,0.77,0.017,0.004,0.02,0.043,0.072,0.026,0.048,0.12,0.0164,0.001,0.001,1982,X60
1313,12.75,0.306,65500,81500,0.213,1.25,0.023,0.011,0.162,0.044,0.014,0.008,0,0.011,0.008,0.002,0.031,1972,X60
1313,12.75,0.306,65500,81500,0.205,1.28,0.014,0.013,0.031,0.002,0.036,0.011,0.043,0.02,0.015,0.001,0.033,1972,X60
1317,12.75,0.306,65500,81500,0.213,1.25,0.023,0.011,0.162,0.044,0.014,0.008,0,0.011,0.008,0.002,0.031,1972,X60
1317,12.75,0.306,65500,81500,0.205,1.28,0.014,0.013,0.031,0.002,0.036,0.011,0.043,0.02,0.015,0.001,0.033,1972,X60
1313,12.75,0.306,65500,81500,0.223,1.32,0.016,0.011,0.026,0.004,0.013,0.008,0.053,0.017,0.015,0.001,0.028,1972,X60
1317,12.75,0.306,65500,81500,0.223,1.32,0.016,0.011,0.026,0.004,0.013,0.008,0.053,0.017,0.015,0.001,0.028,1972,X60
1523,10.75,0.25,65500,79500,0.09,1.15,0.01,0.013,0.014,0.026,0.028,0.006,0,0.011,0.011,0.001,0.04,1992,X60
1523,10.75,0.25,65500,79500,0.084,1.09,0.009,0.013,0.014,0.031,0.03,0.008,0,0.013,0.011,0.001,0.04,1992,X60
988,36,0.438,65800,95000,0.21,1.3,0.015,0.013,0.36,0.04,0.03,0.01,0.08,0.02,0.03,0.01,0.01,1970,X60
988,36,0.438,65800,95000,0.21,1.44,0.019,0.02,0.4,0.05,0.06,0.01,0.08,0.02,0.02,0.01,0.01,1970,X60
988,36,0.438,65800,95000,0.18,1.32,0.016,0.014,0.39,0.03,0.04,0.01,0.008,0.02,0.03,0.01,0.01,1970,X60
677,6.625,0.125,66000,82000,0.186,0.775,0.019,0.004,0.018,0.06,0.075,0.023,0.054,0.068,0.138,0.003,0.001,1983,X60
677,6.625,0.125,66000,82000,0.188,0.744,0.016,0.004,0.017,0.045,0.055,0.025,0.052,0.073,0.139,0.003,0.001,1983,X60
963,16,0.203,66000,83000,0.218,1.23,0.019,0.008,0.011,0.004,0.063,0.006,0.002,0.018,0.036,0.001,0.018,1965,X60
963,16,0.203,66000,83000,0.218,1.3,0.028,0.008,0.011,0.002,0.078,0.008,0.002,0.031,0.038,0.001,0.023,1965,X60
963,16,0.203,66000,83000,0.252,0.134,0.018,0.008,0.014,0.002,0.08,0.006,0.002,0.018,0.025,0.002,0.028,1965,X60
963,16,0.203,66000,83000,0.215,1.25,0.015,0.007,0.013,0.003,0.062,0.006,0.002,0.018,0.035,0.001,0.019,1965,X60
677,6.625,0.125,66000,82000,0.18,0.69,0.017,0.003,0.016,0.059,0.057,0.028,0.049,0.085,0.176,0.003,0.002,1983,X60
677,6.625,0.125,66000,82000,0.186,0.766,0.018,0.004,0.018,0.06,0.075,0.023,0.053,0.068,0.137,0.003,0.002,1983,X60
677,6.625,0.125,66000,82000,0.195,0.745,0.015,0.003,0.015,0.037,0.059,0.021,0.05,0.056,0.069,0.003,0.001,1983,X60
677,6.625,0.125,66000,82000,0.192,0.827,0.019,0.006,0.02,0.064,0.134,0.027,0.054,0.081,0.131,0.003,0.002,1983,X60
677,6.625,0.125,66000,82000,0.194,0.761,0.021,0.003,0.025,0.058,0.066,0.024,0.057,0.028,0.227,0.003,0.002,1983,X60
677,6.625,0.125,66000,82000,0.185,0.725,0.016,0.004,0.017,0.031,0.087,0.03,0.051,0.107,0.145,0.003,0.002,1983,X60
677,6.625,0.125,66000,82000,0.197,0.742,0.016,0.004,0.015,0.037,0.059,0.021,0.05,0.056,0.069,0.002,0.001,1983,X60
940,26,0.281,66500,92500,0.244,1.34,0.016,0.008,0.021,0.001,0.042,0.007,0.001,0.023,0.03,0.001,0.015,1968,X60
940,26,0.281,66500,92500,0.13,0.397,0.02,0.013,0.12,0.001,0.021,0.023,0.001,0.0568,0.019,0.006,0.002,1968,X60
940,26,0.281,66500,92500,0.251,1.36,0.017,0.009,0.022,0.002,0.046,0.007,0.001,0.025,0.028,0.001,0.016,1968,X60
342,12.75,0.312,67000,84000,0.217,0.72,0.017,0.005,0.002,0.001,0.023,0.138,0.046,0.109,0.558,0.002,0.004,1967,X60
672,24,0.281,67000,90000,0.198,1.3,0.018,0.01,0.044,0.001,0.018,0.002,0.003,0.017,0.07,0.001,0.012,1964,X60
717,24,0.25,67000,93500,0.245,1.31,0.024,0.011,0.021,0.001,0.044,0.005,0.002,0.03,0.024,0.001,0.014,1968,X60
441,14,0.25,67500,82500,0.054,1.08,0.005,0.007,0.198,0.033,0.019,0.006,0.004,0.007,0.011,0.003,0.041,2002,X60
441,14,0.25,67500,82500,0.051,1.07,0.006,0.007,0.196,0.033,0.018,0.006,0.004,0.006,0.01,0.003,0.04,2002,X60
1524,20,0.281,68000,84000,0.079,1.01,0.017,0.006,0.024,0.042,0.025,0.007,0,0.017,0.029,0.001,0.06,1982,X60
1524,20,0.281,68000,84000,0.066,0.97,0.013,0.005,0.032,0.052,0.024,0.007,0,0.017,0.025,0.001,0.074,1982,X60
188,26,0.312,68500,88000,0.22,1.09,0.021,0.01,0.015,0.007,0.009,0.012,0.003,0.031,0.045,0.002,0.025,1969,X60
677,6.625,0.125,68500,75500,0.186,0.775,0.019,0.004,0.018,0.06,0.075,0.023,0.054,0.068,0.138,0.003,0.001,1983,X60
677,6.625,0.125,68500,87500,0.186,0.775,0.019,0.004,0.018,0.06,0.075,0.023,0.054,0.068,0.138,0.003,0.001,1983,X60
677,6.625,0.125,68500,75500,0.188,0.744,0.016,0.004,0.017,0.045,0.055,0.025,0.052,0.073,0.139,0.003,0.001,1983,X60
677,6.625,0.125,68500,87500,0.188,0.744,0.016,0.004,0.017,0.045,0.055,0.025,0.052,0.073,0.139,0.003,0.001,1983,X60
677,6.625,0.125,68500,75500,0.18,0.69,0.017,0.003,0.016,0.059,0.057,0.028,0.049,0.085,0.176,0.003,0.002,1983,X60
677,6.625,0.125,68500,87500,0.18,0.69,0.017,0.003,0.016,0.059,0.057,0.028,0.049,0.085,0.176,0.003,0.002,1983,X60
677,6.625,0.125,68500,75500,0.186,0.766,0.018,0.004,0.018,0.06,0.075,0.023,0.053,0.068,0.137,0.003,0.002,1983,X60
677,6.625,0.125,68500,87500,0.186,0.766,0.018,0.004,0.018,0.06,0.075,0.023,0.053,0.068,0.137,0.003,0.002,1983,X60
677,6.625,0.125,68500,75500,0.195,0.745,0.015,0.003,0.015,0.037,0.059,0.021,0.05,0.056,0.069,0.003,0.001,1983,X60
677,6.625,0.125,68500,87500,0.195,0.745,0.015,0.003,0.015,0.037,0.059,0.021,0.05,0.056,0.069,0.003,0.001,1983,X60
677,6.625,0.125,68500,75500,0.192,0.827,0.019,0.006,0.02,0.064,0.134,0.027,0.054,0.081,0.131,0.003,0.002,1983,X60
677,6.625,0.125,68500,87500,0.192,0.827,0.019,0.006,0.02,0.064,0.134,0.027,0.054,0.081,0.131,0.003,0.002,1983,X60
677,6.625,0.125,68500,75500,0.194,0.761,0.021,0.003,0.025,0.058,0.066,0.024,0.057,0.028,0.227,0.003,0.002,1983,X60
677,6.625,0.125,68500,87500,0.194,0.761,0.021,0.003,0.025,0.058,0.066,0.024,0.057,0.028,0.227,0.003,0.002,1983,X60
677,6.625,0.125,68500,75500,0.185,0.725,0.016,0.004,0.017,0.031,0.087,0.03,0.051,0.107,0.145,0.003,0.002,1983,X60
677,6.625,0.125,68500,87500,0.185,0.725,0.016,0.004,0.017,0.031,0.087,0.03,0.051,0.107,0.145,0.003,0.002,1983,X60
677,6.625,0.125,68500,75500,0.197,0.742,0.016,0.004,0.015,0.037,0.059,0.021,0.05,0.056,0.069,0.002,0.001,1983,X60
677,6.625,0.125,68500,87500,0.197,0.742,0.016,0.004,0.015,0.037,0.059,0.021,0.05,0.056,0.069,0.002,0.001,1983,X60
380,26,0.375,69000,92700,0.27,1.18,0.015,0.008,0.034,0,0.01,0.008,0.001,0.037,0.076,0.002,0.009,1968,X60
1386,16,0.281,69000,88000,0.247,1.13,0.014,0.016,0.016,0.006,0.048,0.02,0.049,0.017,0.011,0.001,0.02,1975,X60
1386,16,0.281,69000,88000,0.238,1.15,0.015,0.015,0.028,0.004,0.043,0.017,0.055,0.025,0.015,0.001,0.024,1975,X60
1386,16,0.281,69000,88000,0.247,1.37,0.019,0.015,0.025,0.004,0.048,0.017,0.056,0.024,0.021,0.001,0.027,1975,X60
677,6.625,0.125,69200,84200,0.186,0.775,0.019,0.004,0.018,0.06,0.075,0.023,0.054,0.068,0.138,0.003,0.001,1983,X60
677,6.625,0.125,69200,84200,0.188,0.744,0.016,0.004,0.017,0.045,0.055,0.025,0.052,0.073,0.139,0.003,0.001,1983,X60
677,6.625,0.125,69200,84200,0.18,0.69,0.017,0.003,0.016,0.059,0.057,0.028,0.049,0.085,0.176,0.003,0.002,1983,X60
677,6.625,0.125,69200,84200,0.186,0.766,0.018,0.004,0.018,0.06,0.075,0.023,0.053,0.068,0.137,0.003,0.002,1983,X60
677,6.625,0.125,69200,84200,0.195,0.745,0.015,0.003,0.015,0.037,0.059,0.021,0.05,0.056,0.069,0.003,0.001,1983,X60
677,6.625,0.125,69200,84200,0.192,0.827,0.019,0.006,0.02,0.064,0.134,0.027,0.054,0.081,0.131,0.003,0.002,1983,X60
677,6.625,0.125,69200,84200,0.194,0.761,0.021,0.003,0.025,0.058,0.066,0.024,0.057,0.028,0.227,0.003,0.002,1983,X60
677,6.625,0.125,69200,84200,0.185,0.725,0.016,0.004,0.017,0.031,0.087,0.03,0.051,0.107,0.145,0.003,0.002,1983,X60
677,6.625,0.125,69200,84200,0.197,0.742,0.016,0.004,0.015,0.037,0.059,0.021,0.05,0.056,0.069,0.002,0.001,1983,X60
702,20,0.25,69500,82000,0.22,1.1,0.015,0.016,0.03,0.002,0.019,0.002,0.002,0.018,0.083,0.001,0.014,1968,X60
677,6.625,0.125,70000,77000,0.186,0.775,0.019,0.004,0.018,0.06,0.075,0.023,0.054,0.068,0.138,0.003,0.001,1983,X60
677,6.625,0.125,70000,77000,0.188,0.744,0.016,0.004,0.017,0.045,0.055,0.025,0.052,0.073,0.139,0.003,0.001,1983,X60
677,6.625,0.125,70000,77000,0.18,0.69,0.017,0.003,0.016,0.059,0.057,0.028,0.049,0.085,0.176,0.003,0.002,1983,X60
677,6.625,0.125,70000,77000,0.186,0.766,0.018,0.004,0.018,0.06,0.075,0.023,0.053,0.068,0.137,0.003,0.002,1983,X60
677,6.625,0.125,70000,77000,0.195,0.745,0.015,0.003,0.015,0.037,0.059,0.021,0.05,0.056,0.069,0.003,0.001,1983,X60
677,6.625,0.125,70000,77000,0.192,0.827,0.019,0.006,0.02,0.064,0.134,0.027,0.054,0.081,0.131,0.003,0.002,1983,X60
677,6.625,0.125,70000,77000,0.194,0.761,0.021,0.003,0.025,0.058,0.066,0.024,0.057,0.028,0.227,0.003,0.002,1983,X60
677,6.625,0.125,70000,77000,0.185,0.725,0.016,0.004,0.017,0.031,0.087,0.03,0.051,0.107,0.145,0.003,0.002,1983,X60
677,6.625,0.125,70000,77000,0.197,0.742,0.016,0.004,0.015,0.037,0.059,0.021,0.05,0.056,0.069,0.002,0.001,1983,X60
677,6.625,0.125,70200,77800,0.186,0.775,0.019,0.004,0.018,0.06,0.075,0.023,0.054,0.068,0.138,0.003,0.001,1983,X60
677,6.625,0.125,70200,77800,0.188,0.744,0.016,0.004,0.017,0.045,0.055,0.025,0.052,0.073,0.139,0.003,0.001,1983,X60
677,6.625,0.125,70200,77800,0.18,0.69,0.017,0.003,0.016,0.059,0.057,0.028,0.049,0.085,0.176,0.003,0.002,1983,X60
677,6.625,0.125,70200,77800,0.186,0.766,0.018,0.004,0.018,0.06,0.075,0.023,0.053,0.068,0.137,0.003,0.002,1983,X60
677,6.625,0.125,70200,77800,0.195,0.745,0.015,0.003,0.015,0.037,0.059,0.021,0.05,0.056,0.069,0.003,0.001,1983,X60
677,6.625,0.125,70200,77800,0.192,0.827,0.019,0.006,0.02,0.064,0.134,0.027,0.054,0.081,0.131,0.003,0.002,1983,X60
677,6.625,0.125,70200,77800,0.194,0.761,0.021,0.003,0.025,0.058,0.066,0.024,0.057,0.028,0.227,0.003,0.002,1983,X60
677,6.625,0.125,70200,77800,0.185,0.725,0.016,0.004,0.017,0.031,0.087,0.03,0.051,0.107,0.145,0.003,0.002,1983,X60
677,6.625,0.125,70200,77800,0.197,0.742,0.016,0.004,0.015,0.037,0.059,0.021,0.05,0.056,0.069,0.002,0.001,1983,X60
730,24,0.25,70500,92000,0.247,1.29,0.018,0.018,0.053,0.001,0.054,0.002,0.003,0.017,0.022,0.001,0.018,1963,X60
1088,16,0.25,70500,83000,0.065,1.16,0.004,0.012,0.194,0.033,0.022,0.006,0.006,0.011,0.009,0.002,0.04,1993,X60
341,12.75,0.312,71000,94500,0.194,0.73,0.012,0.005,0.004,0.001,0.025,0.131,0.051,0.107,0.618,0.002,0.003,1967,X60
380,26,0.375,71000,98500,0.27,1.18,0.015,0.008,0.034,0,0.01,0.008,0.001,0.037,0.076,0.002,0.009,1968,X60
1523,10.75,0.25,71000,82000,0.09,1.15,0.01,0.013,0.014,0.026,0.028,0.006,0,0.011,0.011,0.001,0.04,1992,X60
1523,10.75,0.25,71000,82000,0.084,1.09,0.009,0.013,0.014,0.031,0.03,0.008,0,0.013,0.011,0.001,0.04,1992,X60
677,6.625,0.125,71700,82100,0.186,0.775,0.019,0.004,0.018,0.06,0.075,0.023,0.054,0.068,0.138,0.003,0.001,1983,X60
677,6.625,0.125,71700,82100,0.188,0.744,0.016,0.004,0.017,0.045,0.055,0.025,0.052,0.073,0.139,0.003,0.001,1983,X60
677,6.625,0.125,71700,82100,0.18,0.69,0.017,0.003,0.016,0.059,0.057,0.028,0.049,0.085,0.176,0.003,0.002,1983,X60
677,6.625,0.125,71700,82100,0.186,0.766,0.018,0.004,0.018,0.06,0.075,0.023,0.053,0.068,0.137,0.003,0.002,1983,X60
677,6.625,0.125,71700,82100,0.195,0.745,0.015,0.003,0.015,0.037,0.059,0.021,0.05,0.056,0.069,0.003,0.001,1983,X60
677,6.625,0.125,71700,82100,0.192,0.827,0.019,0.006,0.02,0.064,0.134,0.027,0.054,0.081,0.131,0.003,0.002,1983,X60
677,6.625,0.125,71700,82100,0.194,0.761,0.021,0.003,0.025,0.058,0.066,0.024,0.057,0.028,0.227,0.003,0.002,1983,X60
677,6.625,0.125,71700,82100,0.185,0.725,0.016,0.004,0.017,0.031,0.087,0.03,0.051,0.107,0.145,0.003,0.002,1983,X60
677,6.625,0.125,71700,82100,0.197,0.742,0.016,0.004,0.015,0.037,0.059,0.021,0.05,0.056,0.069,0.002,0.001,1983,X60
940,26,0.281,72000,101000,0.244,1.34,0.016,0.008,0.021,0.001,0.042,0.007,0.001,0.023,0.03,0.001,0.015,1968,X60
940,26,0.281,72000,101000,0.13,0.397,0.02,0.013,0.12,0.001,0.021,0.023,0.001,0.0568,0.019,0.006,0.002,1968,X60
940,26,0.281,72000,101000,0.251,1.36,0.017,0.009,0.022,0.002,0.046,0.007,0.001,0.025,0.028,0.001,0.016,1968,X60
1386,16,0.281,72000,96500,0.247,1.13,0.014,0.016,0.016,0.006,0.048,0.02,0.049,0.017,0.011,0.001,0.02,1975,X60
1386,16,0.281,72000,96500,0.238,1.15,0.015,0.015,0.028,0.004,0.043,0.017,0.055,0.025,0.015,0.001,0.024,1975,X60
1386,16,0.281,72000,96500,0.247,1.37,0.019,0.015,0.025,0.004,0.048,0.017,0.056,0.024,0.021,0.001,0.027,1975,X60
1506,6.625,0.125,72000,78500,0.181,0.764,0.021,0.005,0.021,0.047,0.079,0.026,0.049,0.087,0.153,0.001,0.001,1982,X60
1506,6.625,0.125,72000,78500,0.172,0.772,0.017,0.003,0.017,0.042,0.079,0.032,0.037,0.107,0.137,0.001,0.001,1982,X60
1506,6.625,0.125,72000,78500,0.176,0.737,0.022,0.003,0.016,0.045,0.104,0.031,0.048,0.087,0.125,0.001,0,1982,X60
1506,6.625,0.125,72000,78500,0.175,0.804,0.019,0.007,0.019,0.047,0.119,0.026,0.05,0.099,0.124,0.001,0.001,1982,X60
1506,6.625,0.125,72000,78500,0.188,0.734,0.019,0.003,0.019,0.063,0.064,0.023,0.047,0.069,0.136,0.001,0.001,1982,X60
1506,6.625,0.125,72000,78500,0.181,0.7,0.016,0.004,0.016,0.021,0.078,0.022,0.043,0.072,0.124,0.001,0.001,1982,X60
1506,6.625,0.125,72000,78500,0.189,0.72,0.017,0.003,0.18,0.062,0.064,0.023,0.046,0.069,0.16,0.001,0.001,1982,X60
1506,6.625,0.125,72000,78500,0.171,0.699,0.018,0.004,0.019,0.053,0.061,0.029,0.045,0.091,0.176,0.001,0.001,1982,X60
1506,6.625,0.125,72000,78500,0.192,0.75,0.015,0.004,0.018,0.031,0.063,0.021,0.0047,0.059,0.07,0.001,0.001,1982,X60
1506,6.625,0.125,72000,78500,0.184,0.759,0.018,0.004,0.02,0.043,0.059,0.026,0.049,0.078,0.138,0.001,0.001,1982,X60
1506,6.625,0.125,72000,78500,0.181,0.77,0.017,0.004,0.02,0.043,0.072,0.026,0.048,0.12,0.0164,0.001,0.001,1982,X60
653,24,0.25,72500,92000,0.204,1.28,0.018,0.01,0.023,0.002,0.051,0.01,0.003,0.02,0.023,0.002,0.026,1968,X60
1506,6.625,0.125,72500,84000,0.181,0.764,0.021,0.005,0.021,0.047,0.079,0.026,0.049,0.087,0.153,0.001,0.001,1982,X60
1506,6.625,0.125,72500,80500,0.181,0.764,0.021,0.005,0.021,0.047,0.079,0.026,0.049,0.087,0.153,0.001,0.001,1982,X60
1506,6.625,0.125,72500,84000,0.172,0.772,0.017,0.003,0.017,0.042,0.079,0.032,0.037,0.107,0.137,0.001,0.001,1982,X60
1506,6.625,0.125,72500,80500,0.172,0.772,0.017,0.003,0.017,0.042,0.079,0.032,0.037,0.107,0.137,0.001,0.001,1982,X60
1506,6.625,0.125,72500,84000,0.176,0.737,0.022,0.003,0.016,0.045,0.104,0.031,0.048,0.087,0.125,0.001,0,1982,X60
1506,6.625,0.125,72500,80500,0.176,0.737,0.022,0.003,0.016,0.045,0.104,0.031,0.048,0.087,0.125,0.001,0,1982,X60
1506,6.625,0.125,72500,84000,0.175,0.804,0.019,0.007,0.019,0.047,0.119,0.026,0.05,0.099,0.124,0.001,0.001,1982,X60
1506,6.625,0.125,72500,80500,0.175,0.804,0.019,0.007,0.019,0.047,0.119,0.026,0.05,0.099,0.124,0.001,0.001,1982,X60
1506,6.625,0.125,72500,84000,0.188,0.734,0.019,0.003,0.019,0.063,0.064,0.023,0.047,0.069,0.136,0.001,0.001,1982,X60
1506,6.625,0.125,72500,80500,0.188,0.734,0.019,0.003,0.019,0.063,0.064,0.023,0.047,0.069,0.136,0.001,0.001,1982,X60
1506,6.625,0.125,72500,84000,0.181,0.7,0.016,0.004,0.016,0.021,0.078,0.022,0.043,0.072,0.124,0.001,0.001,1982,X60
1506,6.625,0.125,72500,80500,0.181,0.7,0.016,0.004,0.016,0.021,0.078,0.022,0.043,0.072,0.124,0.001,0.001,1982,X60
1506,6.625,0.125,72500,84000,0.189,0.72,0.017,0.003,0.18,0.062,0.064,0.023,0.046,0.069,0.16,0.001,0.001,1982,X60
1506,6.625,0.125,72500,80500,0.189,0.72,0.017,0.003,0.18,0.062,0.064,0.023,0.046,0.069,0.16,0.001,0.001,1982,X60
1506,6.625,0.125,72500,84000,0.171,0.699,0.018,0.004,0.019,0.053,0.061,0.029,0.045,0.091,0.176,0.001,0.001,1982,X60
1506,6.625,0.125,72500,80500,0.171,0.699,0.018,0.004,0.019,0.053,0.061,0.029,0.045,0.091,0.176,0.001,0.001,1982,X60
1506,6.625,0.125,72500,84000,0.192,0.75,0.015,0.004,0.018,0.031,0.063,0.021,0.0047,0.059,0.07,0.001,0.001,1982,X60
1506,6.625,0.125,72500,80500,0.192,0.75,0.015,0.004,0.018,0.031,0.063,0.021,0.0047,0.059,0.07,0.001,0.001,1982,X60
1506,6.625,0.125,72500,84000,0.184,0.759,0.018,0.004,0.02,0.043,0.059,0.026,0.049,0.078,0.138,0.001,0.001,1982,X60
1506,6.625,0.125,72500,80500,0.184,0.759,0.018,0.004,0.02,0.043,0.059,0.026,0.049,0.078,0.138,0.001,0.001,1982,X60
1506,6.625,0.125,72500,84000,0.181,0.77,0.017,0.004,0.02,0.043,0.072,0.026,0.048,0.12,0.0164,0.001,0.001,1982,X60
1506,6.625,0.125,72500,80500,0.181,0.77,0.017,0.004,0.02,0.043,0.072,0.026,0.048,0.12,0.0164,0.001,0.001,1982,X60
441,14,0.25,73000,82000,0.054,1.08,0.005,0.007,0.198,0.033,0.019,0.006,0.004,0.007,0.011,0.003,0.041,2002,X60
188,26,0.312,73000,90500,0.22,1.09,0.021,0.01,0.015,0.007,0.009,0.012,0.003,0.031,0.045,0.002,0.025,1969,X60
441,14,0.25,73000,82000,0.051,1.07,0.006,0.007,0.196,0.033,0.018,0.006,0.004,0.006,0.01,0.003,0.04,2002,X60
677,6.625,0.125,73100,89400,0.186,0.775,0.019,0.004,0.018,0.06,0.075,0.023,0.054,0.068,0.138,0.003,0.001,1983,X60
677,6.625,0.125,73100,89400,0.188,0.744,0.016,0.004,0.017,0.045,0.055,0.025,0.052,0.073,0.139,0.003,0.001,1983,X60
677,6.625,0.125,73100,89400,0.18,0.69,0.017,0.003,0.016,0.059,0.057,0.028,0.049,0.085,0.176,0.003,0.002,1983,X60
677,6.625,0.125,73100,89400,0.186,0.766,0.018,0.004,0.018,0.06,0.075,0.023,0.053,0.068,0.137,0.003,0.002,1983,X60
677,6.625,0.125,73100,89400,0.195,0.745,0.015,0.003,0.015,0.037,0.059,0.021,0.05,0.056,0.069,0.003,0.001,1983,X60
677,6.625,0.125,73100,89400,0.192,0.827,0.019,0.006,0.02,0.064,0.134,0.027,0.054,0.081,0.131,0.003,0.002,1983,X60
677,6.625,0.125,73100,89400,0.194,0.761,0.021,0.003,0.025,0.058,0.066,0.024,0.057,0.028,0.227,0.003,0.002,1983,X60
677,6.625,0.125,73100,89400,0.185,0.725,0.016,0.004,0.017,0.031,0.087,0.03,0.051,0.107,0.145,0.003,0.002,1983,X60
677,6.625,0.125,73100,89400,0.197,0.742,0.016,0.004,0.015,0.037,0.059,0.021,0.05,0.056,0.069,0.002,0.001,1983,X60
711,16,0.25,73500,88000,0.055,1.05,0.014,0.008,0.034,0.05,0.028,0.003,0.002,0.021,0.028,0.001,0.063,1977,X60
711,16,0.25,73500,88000,0.05,1.03,0.019,0.007,0.033,0.058,0.045,0.005,0.002,0.028,0.037,0.001,0.065,1977,X60
653,24,0.25,74000,90500,0.204,1.28,0.018,0.01,0.023,0.002,0.051,0.01,0.003,0.02,0.023,0.002,0.026,1968,X60
1506,6.625,0.125,74000,80500,0.181,0.764,0.021,0.005,0.021,0.047,0.079,0.026,0.049,0.087,0.153,0.001,0.001,1982,X60
1506,6.625,0.125,74000,80500,0.172,0.772,0.017,0.003,0.017,0.042,0.079,0.032,0.037,0.107,0.137,0.001,0.001,1982,X60
1506,6.625,0.125,74000,80500,0.176,0.737,0.022,0.003,0.016,0.045,0.104,0.031,0.048,0.087,0.125,0.001,0,1982,X60
1506,6.625,0.125,74000,80500,0.175,0.804,0.019,0.007,0.019,0.047,0.119,0.026,0.05,0.099,0.124,0.001,0.001,1982,X60
1506,6.625,0.125,74000,80500,0.188,0.734,0.019,0.003,0.019,0.063,0.064,0.023,0.047,0.069,0.136,0.001,0.001,1982,X60
1506,6.625,0.125,74000,80500,0.181,0.7,0.016,0.004,0.016,0.021,0.078,0.022,0.043,0.072,0.124,0.001,0.001,1982,X60
1506,6.625,0.125,74000,80500,0.189,0.72,0.017,0.003,0.18,0.062,0.064,0.023,0.046,0.069,0.16,0.001,0.001,1982,X60
1506,6.625,0.125,74000,80500,0.171,0.699,0.018,0.004,0.019,0.053,0.061,0.029,0.045,0.091,0.176,0.001,0.001,1982,X60
1506,6.625,0.125,74000,80500,0.192,0.75,0.015,0.004,0.018,0.031,0.063,0.021,0.0047,0.059,0.07,0.001,0.001,1982,X60
1506,6.625,0.125,74000,80500,0.184,0.759,0.018,0.004,0.02,0.043,0.059,0.026,0.049,0.078,0.138,0.001,0.001,1982,X60
1506,6.625,0.125,74000,80500,0.181,0.77,0.017,0.004,0.02,0.043,0.072,0.026,0.048,0.12,0.0164,0.001,0.001,1982,X60
826,12.75,0.219,74500,86500,0.06,1.12,0.013,0.012,0.219,0.06,0.03,0.001,0.002,0.009,0.15,0.002,0.054,1987,X60
1087,8.625,0.172,75000,89000,0.059,1.42,0.005,0.016,0.209,0.054,0.068,0.039,0.005,0.125,0.395,0.019,0.069,1993,X60
1506,6.625,0.125,75000,83500,0.181,0.764,0.021,0.005,0.021,0.047,0.079,0.026,0.049,0.087,0.153,0.001,0.001,1982,X60
1506,6.625,0.125,75000,83500,0.172,0.772,0.017,0.003,0.017,0.042,0.079,0.032,0.037,0.107,0.137,0.001,0.001,1982,X60
1506,6.625,0.125,75000,83500,0.176,0.737,0.022,0.003,0.016,0.045,0.104,0.031,0.048,0.087,0.125,0.001,0,1982,X60
1506,6.625,0.125,75000,83500,0.175,0.804,0.019,0.007,0.019,0.047,0.119,0.026,0.05,0.099,0.124,0.001,0.001,1982,X60
1506,6.625,0.125,75000,83500,0.188,0.734,0.019,0.003,0.019,0.063,0.064,0.023,0.047,0.069,0.136,0.001,0.001,1982,X60
1506,6.625,0.125,75000,83500,0.181,0.7,0.016,0.004,0.016,0.021,0.078,0.022,0.043,0.072,0.124,0.001,0.001,1982,X60
1506,6.625,0.125,75000,83500,0.189,0.72,0.017,0.003,0.18,0.062,0.064,0.023,0.046,0.069,0.16,0.001,0.001,1982,X60
1506,6.625,0.125,75000,83500,0.171,0.699,0.018,0.004,0.019,0.053,0.061,0.029,0.045,0.091,0.176,0.001,0.001,1982,X60
1506,6.625,0.125,75000,83500,0.192,0.75,0.015,0.004,0.018,0.031,0.063,0.021,0.0047,0.059,0.07,0.001,0.001,1982,X60
1506,6.625,0.125,75000,83500,0.184,0.759,0.018,0.004,0.02,0.043,0.059,0.026,0.049,0.078,0.138,0.001,0.001,1982,X60
1506,6.625,0.125,75000,83500,0.181,0.77,0.017,0.004,0.02,0.043,0.072,0.026,0.048,0.12,0.0164,0.001,0.001,1982,X60
674,40,0.344,75500,90000,0.197,1.12,0.017,0.009,0.216,0.02,0.042,0.006,0.001,0.029,0.085,0.002,0.037,1978,X60
1506,6.625,0.125,75500,83000,0.181,0.764,0.021,0.005,0.021,0.047,0.079,0.026,0.049,0.087,0.153,0.001,0.001,1982,X60
1506,6.625,0.125,75500,83000,0.172,0.772,0.017,0.003,0.017,0.042,0.079,0.032,0.037,0.107,0.137,0.001,0.001,1982,X60
1506,6.625,0.125,75500,83000,0.176,0.737,0.022,0.003,0.016,0.045,0.104,0.031,0.048,0.087,0.125,0.001,0,1982,X60
1506,6.625,0.125,75500,83000,0.175,0.804,0.019,0.007,0.019,0.047,0.119,0.026,0.05,0.099,0.124,0.001,0.001,1982,X60
1506,6.625,0.125,75500,83000,0.188,0.734,0.019,0.003,0.019,0.063,0.064,0.023,0.047,0.069,0.136,0.001,0.001,1982,X60
1506,6.625,0.125,75500,83000,0.181,0.7,0.016,0.004,0.016,0.021,0.078,0.022,0.043,0.072,0.124,0.001,0.001,1982,X60
1506,6.625,0.125,75500,83000,0.189,0.72,0.017,0.003,0.18,0.062,0.064,0.023,0.046,0.069,0.16,0.001,0.001,1982,X60
1506,6.625,0.125,75500,83000,0.171,0.699,0.018,0.004,0.019,0.053,0.061,0.029,0.045,0.091,0.176,0.001,0.001,1982,X60
1506,6.625,0.125,75500,83000,0.192,0.75,0.015,0.004,0.018,0.031,0.063,0.021,0.0047,0.059,0.07,0.001,0.001,1982,X60
1506,6.625,0.125,75500,83000,0.184,0.759,0.018,0.004,0.02,0.043,0.059,0.026,0.049,0.078,0.138,0.001,0.001,1982,X60
1506,6.625,0.125,75500,83000,0.181,0.77,0.017,0.004,0.02,0.043,0.072,0.026,0.048,0.12,0.0164,0.001,0.001,1982,X60
441,14,0.25,77000,86500,0.054,1.08,0.005,0.007,0.198,0.033,0.019,0.006,0.004,0.007,0.011,0.003,0.041,2002,X60
441,14,0.25,77000,86500,0.051,1.07,0.006,0.007,0.196,0.033,0.018,0.006,0.004,0.006,0.01,0.003,0.04,2002,X60
705,30,0.438,77500,109000,0.244,1.37,0.019,0.013,0.036,0.002,0.052,0.006,0.003,0.044,0.103,0.001,0.035,1969,X60
1509,6.625,0.125,77800,87100,0.18,0.715,0.018,0.003,0.018,0.041,0.094,0.025,0.042,0.087,0.153,0.001,0.001,1982,X60
1509,6.625,0.125,77800,87100,0.181,0.763,0.017,0.004,0.021,0.042,0.059,0.025,0.049,0.078,0.137,0.001,0.001,1982,X60
441,14,0.25,78000,83000,0.054,1.08,0.005,0.007,0.198,0.033,0.019,0.006,0.004,0.007,0.011,0.003,0.041,2002,X60
426,6.625,0.125,78000,87000,0.176,0.759,0.019,0.005,0.013,0.054,0.085,0.036,0.051,0.094,0.139,0.003,0.002,1982,X60
441,14,0.25,78000,83000,0.051,1.07,0.006,0.007,0.196,0.033,0.018,0.006,0.004,0.006,0.01,0.003,0.04,2002,X60
1506,6.625,0.125,78000,88500,0.181,0.764,0.021,0.005,0.021,0.047,0.079,0.026,0.049,0.087,0.153,0.001,0.001,1982,X60
1506,6.625,0.125,78000,88500,0.172,0.772,0.017,0.003,0.017,0.042,0.079,0.032,0.037,0.107,0.137,0.001,0.001,1982,X60
1506,6.625,0.125,78000,88500,0.176,0.737,0.022,0.003,0.016,0.045,0.104,0.031,0.048,0.087,0.125,0.001,0,1982,X60
1506,6.625,0.125,78000,88500,0.175,0.804,0.019,0.007,0.019,0.047,0.119,0.026,0.05,0.099,0.124,0.001,0.001,1982,X60
1506,6.625,0.125,78000,88500,0.188,0.734,0.019,0.003,0.019,0.063,0.064,0.023,0.047,0.069,0.136,0.001,0.001,1982,X60
1506,6.625,0.125,78000,88500,0.181,0.7,0.016,0.004,0.016,0.021,0.078,0.022,0.043,0.072,0.124,0.001,0.001,1982,X60
1506,6.625,0.125,78000,88500,0.189,0.72,0.017,0.003,0.18,0.062,0.064,0.023,0.046,0.069,0.16,0.001,0.001,1982,X60
1506,6.625,0.125,78000,88500,0.171,0.699,0.018,0.004,0.019,0.053,0.061,0.029,0.045,0.091,0.176,0.001,0.001,1982,X60
1506,6.625,0.125,78000,88500,0.192,0.75,0.015,0.004,0.018,0.031,0.063,0.021,0.0047,0.059,0.07,0.001,0.001,1982,X60
1506,6.625,0.125,78000,88500,0.184,0.759,0.018,0.004,0.02,0.043,0.059,0.026,0.049,0.078,0.138,0.001,0.001,1982,X60
1506,6.625,0.125,78000,88500,0.181,0.77,0.017,0.004,0.02,0.043,0.072,0.026,0.048,0.12,0.0164,0.001,0.001,1982,X60
677,6.625,0.125,78200,87300,0.186,0.775,0.019,0.004,0.018,0.06,0.075,0.023,0.054,0.068,0.138,0.003,0.001,1983,X60
677,6.625,0.125,78200,87300,0.188,0.744,0.016,0.004,0.017,0.045,0.055,0.025,0.052,0.073,0.139,0.003,0.001,1983,X60
677,6.625,0.125,78200,87300,0.18,0.69,0.017,0.003,0.016,0.059,0.057,0.028,0.049,0.085,0.176,0.003,0.002,1983,X60
677,6.625,0.125,78200,87300,0.186,0.766,0.018,0.004,0.018,0.06,0.075,0.023,0.053,0.068,0.137,0.003,0.002,1983,X60
677,6.625,0.125,78200,87300,0.195,0.745,0.015,0.003,0.015,0.037,0.059,0.021,0.05,0.056,0.069,0.003,0.001,1983,X60
677,6.625,0.125,78200,87300,0.192,0.827,0.019,0.006,0.02,0.064,0.134,0.027,0.054,0.081,0.131,0.003,0.002,1983,X60
677,6.625,0.125,78200,87300,0.194,0.761,0.021,0.003,0.025,0.058,0.066,0.024,0.057,0.028,0.227,0.003,0.002,1983,X60
677,6.625,0.125,78200,87300,0.185,0.725,0.016,0.004,0.017,0.031,0.087,0.03,0.051,0.107,0.145,0.003,0.002,1983,X60
677,6.625,0.125,78200,87300,0.197,0.742,0.016,0.004,0.015,0.037,0.059,0.021,0.05,0.056,0.069,0.002,0.001,1983,X60
1456,20,0.281,79000,65500,0.052,1.04,0.019,0.009,0.022,0.035,0.019,0.006,0,0.01,0.015,0.001,0.064,1981,X60
1506,6.625,0.125,80500,87000,0.181,0.764,0.021,0.005,0.021,0.047,0.079,0.026,0.049,0.087,0.153,0.001,0.001,1982,X60
1506,6.625,0.125,80500,87000,0.172,0.772,0.017,0.003,0.017,0.042,0.079,0.032,0.037,0.107,0.137,0.001,0.001,1982,X60
1506,6.625,0.125,80500,87000,0.176,0.737,0.022,0.003,0.016,0.045,0.104,0.031,0.048,0.087,0.125,0.001,0,1982,X60
1506,6.625,0.125,80500,87000,0.175,0.804,0.019,0.007,0.019,0.047,0.119,0.026,0.05,0.099,0.124,0.001,0.001,1982,X60
1506,6.625,0.125,80500,87000,0.188,0.734,0.019,0.003,0.019,0.063,0.064,0.023,0.047,0.069,0.136,0.001,0.001,1982,X60
1506,6.625,0.125,80500,87000,0.181,0.7,0.016,0.004,0.016,0.021,0.078,0.022,0.043,0.072,0.124,0.001,0.001,1982,X60
1506,6.625,0.125,80500,87000,0.189,0.72,0.017,0.003,0.18,0.062,0.064,0.023,0.046,0.069,0.16,0.001,0.001,1982,X60
1506,6.625,0.125,80500,87000,0.171,0.699,0.018,0.004,0.019,0.053,0.061,0.029,0.045,0.091,0.176,0.001,0.001,1982,X60
1506,6.625,0.125,80500,87000,0.192,0.75,0.015,0.004,0.018,0.031,0.063,0.021,0.0047,0.059,0.07,0.001,0.001,1982,X60
1506,6.625,0.125,80500,87000,0.184,0.759,0.018,0.004,0.02,0.043,0.059,0.026,0.049,0.078,0.138,0.001,0.001,1982,X60
1506,6.625,0.125,80500,87000,0.181,0.77,0.017,0.004,0.02,0.043,0.072,0.026,0.048,0.12,0.0164,0.001,0.001,1982,X60
1453,10.75,0.307,81500,99500,0.223,0.97,0.017,0.012,0.016,0.005,0.017,0.005,0.034,0.012,0.008,0.001,0.001,1967,X60
1453,10.75,0.307,81500,99500,0.228,0.981,0.017,0.012,0.017,0.005,0.017,0.006,0.035,0.012,0.008,0.001,0.001,1967,X60
1509,6.625,0.125,82300,90900,0.18,0.715,0.018,0.003,0.018,0.041,0.094,0.025,0.042,0.087,0.153,0.001,0.001,1982,X60
1509,6.625,0.125,82300,90900,0.181,0.763,0.017,0.004,0.021,0.042,0.059,0.025,0.049,0.078,0.137,0.001,0.001,1982,X60
1453,10.75,0.307,84000,102000,0.223,0.97,0.017,0.012,0.016,0.005,0.017,0.005,0.034,0.012,0.008,0.001,0.001,1967,X60
1453,10.75,0.307,84000,102000,0.228,0.981,0.017,0.012,0.017,0.005,0.017,0.006,0.035,0.012,0.008,0.001,0.001,1967,X60
1506,6.625,0.125,85000,92000,0.181,0.764,0.021,0.005,0.021,0.047,0.079,0.026,0.049,0.087,0.153,0.001,0.001,1982,X60
1506,6.625,0.125,85000,92000,0.172,0.772,0.017,0.003,0.017,0.042,0.079,0.032,0.037,0.107,0.137,0.001,0.001,1982,X60
1506,6.625,0.125,85000,92000,0.176,0.737,0.022,0.003,0.016,0.045,0.104,0.031,0.048,0.087,0.125,0.001,0,1982,X60
1506,6.625,0.125,85000,92000,0.175,0.804,0.019,0.007,0.019,0.047,0.119,0.026,0.05,0.099,0.124,0.001,0.001,1982,X60
1506,6.625,0.125,85000,92000,0.188,0.734,0.019,0.003,0.019,0.063,0.064,0.023,0.047,0.069,0.136,0.001,0.001,1982,X60
1506,6.625,0.125,85000,92000,0.181,0.7,0.016,0.004,0.016,0.021,0.078,0.022,0.043,0.072,0.124,0.001,0.001,1982,X60
1506,6.625,0.125,85000,92000,0.189,0.72,0.017,0.003,0.18,0.062,0.064,0.023,0.046,0.069,0.16,0.001,0.001,1982,X60
1506,6.625,0.125,85000,92000,0.171,0.699,0.018,0.004,0.019,0.053,0.061,0.029,0.045,0.091,0.176,0.001,0.001,1982,X60
1506,6.625,0.125,85000,92000,0.192,0.75,0.015,0.004,0.018,0.031,0.063,0.021,0.0047,0.059,0.07,0.001,0.001,1982,X60
1506,6.625,0.125,85000,92000,0.184,0.759,0.018,0.004,0.02,0.043,0.059,0.026,0.049,0.078,0.138,0.001,0.001,1982,X60
1506,6.625,0.125,85000,92000,0.181,0.77,0.017,0.004,0.02,0.043,0.072,0.026,0.048,0.12,0.0164,0.001,0.001,1982,X60
1021,10.75,0.5,62500,77000,0.135,1.24,0.002,0.014,0.26,0.043,0.019,0.004,0.001,0.013,0.009,0.003,0.033,2002,X65
780,36,0.375,65500,91000,0.167,1.44,0.005,0.022,0.311,0.064,0.015,0,0.004,0.014,0.013,0.002,0.045,1971,X65
780,36,0.375,65500,91000,0.156,1.43,0.003,0.017,0.298,0.055,0.012,0,0.004,0.016,0.01,0.002,0.043,1971,X65
780,36,0.375,65500,91000,0.161,1.43,0.003,0.018,0.3,0.055,0.012,0,0.004,0.016,0.012,0.002,0.045,1971,X65
500,16,0.283,68000,80000,0.045,1.3,0.006,0.01,0.24,0.025,0.02,0.018,0.043,0.023,0.056,0.011,0.056,1999,X65
780,36,0.375,68000,89500,0.167,1.44,0.005,0.022,0.311,0.064,0.015,0,0.004,0.014,0.013,0.002,0.045,1971,X65
780,36,0.375,68000,89500,0.156,1.43,0.003,0.017,0.298,0.055,0.012,0,0.004,0.016,0.01,0.002,0.043,1971,X65
780,36,0.375,68000,89500,0.161,1.43,0.003,0.018,0.3,0.055,0.012,0,0.004,0.016,0.012,0.002,0.045,1971,X65
1137,14,0.25,68000,84500,0.053,1.05,0.02,0.005,0.021,0.039,0.023,0.007,0,0.014,0.02,0.001,0.06,1981,X65
1137,14,0.25,68000,84500,0.058,1.03,0.014,0.008,0.021,0.038,0.018,0.007,0,0.019,0.029,0.001,0.056,1981,X65
1137,14,0.25,68000,84500,0.055,1.06,0.02,0.005,0.022,0.039,0.023,0.007,0,0.014,0.02,0.001,0.06,1981,X65
497,18,0.625,68500,88000,0.075,1.47,0.003,0.006,0.334,0.027,0.043,0.032,0.034,0.094,0.291,0.02,0.042,1996,X65
347,12.75,0.219,68500,82000,0.058,1.02,0.016,0.008,0.024,0.052,0.024,0.006,0.003,0.017,0.037,0.004,0.061,1980,X65
780,36,0.375,69500,93500,0.167,1.44,0.005,0.022,0.311,0.064,0.015,0,0.004,0.014,0.013,0.002,0.045,1971,X65
780,36,0.375,69500,93500,0.156,1.43,0.003,0.017,0.298,0.055,0.012,0,0.004,0.016,0.01,0.002,0.043,1971,X65
780,36,0.375,69500,93500,0.161,1.43,0.003,0.018,0.3,0.055,0.012,0,0.004,0.016,0.012,0.002,0.045,1971,X65
1430,8.625,0.156,69500,83000,0.06,1.32,0.008,0.007,0.034,0.055,0.027,0.008,0,0.034,0.06,0.001,0.088,1985,X65
1430,8.625,0.156,69500,83000,0.064,1.34,0.008,0.008,0.035,0.053,0.027,0.008,0,0.034,0.061,0.001,0.092,1985,X65
1511,30,0.401,69800,87800,0.171,1.2,0.023,0.007,0.023,0.001,0.36,0.015,0.044,0.011,0.009,0.001,0.022,1976,X65
1511,30,0.401,69800,87800,0.068,1.56,0.002,0.014,0.283,0.034,0.016,0.008,0.06,0.034,0.009,0.002,0.068,1976,X65
519,24,0.625,70000,81500,0.076,1.29,0.004,0.014,0.276,0.042,0.024,0.006,0.068,0.005,0.009,0.003,0.036,1997,X65
519,24,0.625,70000,81500,0.061,1.201,0.006,0.011,0.19,0.036,0.021,0.008,0.053,0.014,0.02,0.028,0.043,1997,X65
192,12.75,0.219,70000,90500,0.11,1.5,0.006,0.016,0.23,0.018,0.021,0.002,0.076,0.011,0.022,0.002,0.054,1981,X65
192,12.75,0.219,70000,90500,0.093,1.56,0.01,0.007,0.29,0.043,0.014,0.003,0.049,0.013,0.021,0.002,0.05,1981,X65
1137,14,0.25,70000,86000,0.053,1.05,0.02,0.005,0.021,0.039,0.023,0.007,0,0.014,0.02,0.001,0.06,1981,X65
1137,14,0.25,70000,86000,0.053,1.05,0.02,0.005,0.021,0.039,0.023,0.007,0,0.014,0.02,0.001,0.06,1981,X65
1137,14,0.25,70000,86000,0.058,1.03,0.014,0.008,0.021,0.038,0.018,0.007,0,0.019,0.029,0.001,0.056,1981,X65
1137,14,0.25,70000,86000,0.058,1.03,0.014,0.008,0.021,0.038,0.018,0.007,0,0.019,0.029,0.001,0.056,1981,X65
1137,14,0.25,70000,86000,0.055,1.06,0.02,0.005,0.022,0.039,0.023,0.007,0,0.014,0.02,0.001,0.06,1981,X65
1137,14,0.25,70000,86000,0.055,1.06,0.02,0.005,0.022,0.039,0.023,0.007,0,0.014,0.02,0.001,0.06,1981,X65
780,36,0.375,70500,90000,0.167,1.44,0.005,0.022,0.311,0.064,0.015,0,0.004,0.014,0.013,0.002,0.045,1971,X65
780,36,0.375,70500,87000,0.167,1.44,0.005,0.022,0.311,0.064,0.015,0,0.004,0.014,0.013,0.002,0.045,1971,X65
780,36,0.375,70500,90000,0.156,1.43,0.003,0.017,0.298,0.055,0.012,0,0.004,0.016,0.01,0.002,0.043,1971,X65
780,36,0.375,70500,87000,0.156,1.43,0.003,0.017,0.298,0.055,0.012,0,0.004,0.016,0.01,0.002,0.043,1971,X65
780,36,0.375,70500,90000,0.161,1.43,0.003,0.018,0.3,0.055,0.012,0,0.004,0.016,0.012,0.002,0.045,1971,X65
780,36,0.375,70500,87000,0.161,1.43,0.003,0.018,0.3,0.055,0.012,0,0.004,0.016,0.012,0.002,0.045,1971,X65
95,20,0.312,71300,89400,0.069,0.99,0.004,0.009,0.19,0.071,0.02,0.011,0,0.013,0.016,0.019,0.051,1994,X65
1177,24,0.375,71500,94000,0.059,1.67,0.003,0.009,0.203,0.045,0.049,0.011,0.065,0.015,0.046,0.011,0.044,2011,X65
1177,24,0.375,71500,94000,0.062,1.68,0.003,0.009,0.206,0.046,0.049,0.011,0.066,0.015,0.045,0.011,0.045,2011,X65
1177,24,0.375,71500,94000,0.055,1.62,0.005,0.012,0.181,0.035,0.048,0.011,0.068,0.016,0.045,0.01,0.042,2011,X65
216,14,0.25,72000,82500,0.05,1.01,0.014,0.006,0.023,0.053,0.023,0.009,0.002,0.013,0.025,0.002,0.055,1981,X65
216,14,0.25,72000,82500,0.06,0.99,0.017,0.008,0.025,0.054,0.017,0.009,0.002,0.01,0.02,0.003,0.065,1981,X65
216,14,0.25,72000,82500,0.064,1.03,0.02,0.006,0.024,0.042,0.013,0.009,0.002,0.011,0.02,0.002,0.063,1981,X65
1170,24,0.281,72000,91000,0.07,1.41,0.003,0.011,0.225,0.026,0.024,0.005,0,0.017,0.007,0.002,0.041,1992,X65
1511,30,0.401,72000,91000,0.171,1.2,0.023,0.007,0.023,0.001,0.36,0.015,0.044,0.011,0.009,0.001,0.022,1976,X65
1511,30,0.401,72000,91000,0.068,1.56,0.002,0.014,0.283,0.034,0.016,0.008,0.06,0.034,0.009,0.002,0.068,1976,X65
192,12.75,0.219,73500,90000,0.11,1.5,0.006,0.016,0.23,0.018,0.021,0.002,0.076,0.011,0.022,0.002,0.054,1981,X65
192,12.75,0.219,73500,90000,0.093,1.56,0.01,0.007,0.29,0.043,0.014,0.003,0.049,0.013,0.021,0.002,0.05,1981,X65
1091,12.75,0.312,73500,87500,0.064,1.32,0.004,0.02,0.272,0.039,0.015,0.005,0,0.005,0.006,0.001,0.036,1999,X65
270,36,0.375,73750,96500,0.26,1.37,0.021,0.014,0.027,0.001,0.038,0.015,0.004,0.024,0.041,0.002,0.015,1968,X65
270,36,0.375,74000,96500,0.26,1.37,0.021,0.014,0.027,0.001,0.038,0.015,0.004,0.024,0.041,0.002,0.015,1968,X65
780,36,0.375,74500,90000,0.167,1.44,0.005,0.022,0.311,0.064,0.015,0,0.004,0.014,0.013,0.002,0.045,1971,X65
780,36,0.375,74500,90000,0.156,1.43,0.003,0.017,0.298,0.055,0.012,0,0.004,0.016,0.01,0.002,0.043,1971,X65
780,36,0.375,74500,90000,0.161,1.43,0.003,0.018,0.3,0.055,0.012,0,0.004,0.016,0.012,0.002,0.045,1971,X65
216,14,0.25,75500,87000,0.05,1.01,0.014,0.006,0.023,0.053,0.023,0.009,0.002,0.013,0.025,0.002,0.055,1981,X65
216,14,0.25,75500,87000,0.06,0.99,0.017,0.008,0.025,0.054,0.017,0.009,0.002,0.01,0.02,0.003,0.065,1981,X65
216,14,0.25,75500,87000,0.064,1.03,0.02,0.006,0.024,0.042,0.013,0.009,0.002,0.011,0.02,0.002,0.063,1981,X65
1177,24,0.375,75500,91000,0.059,1.67,0.003,0.009,0.203,0.045,0.049,0.011,0.065,0.015,0.046,0.011,0.044,2011,X65
1177,24,0.375,75500,91000,0.062,1.68,0.003,0.009,0.206,0.046,0.049,0.011,0.066,0.015,0.045,0.011,0.045,2011,X65
1177,24,0.375,75500,91000,0.055,1.62,0.005,0.012,0.181,0.035,0.048,0.011,0.068,0.016,0.045,0.01,0.042,2011,X65
1430,8.625,0.156,76500,93500,0.06,1.32,0.008,0.007,0.034,0.055,0.027,0.008,0,0.034,0.06,0.001,0.088,1985,X65
1430,8.625,0.156,76500,93500,0.064,1.34,0.008,0.008,0.035,0.053,0.027,0.008,0,0.034,0.061,0.001,0.092,1985,X65
636,12.75,0.312,77000,83500,0.071,1.21,0.006,0.017,0.258,0.045,0.012,0.004,0.004,0.004,0.006,0.003,0.039,2000,X65
1202,48,0.462,77000,81600,0.104,1.33,0.006,0.015,0.3,0.016,0.011,0.008,0.044,0.019,0.035,0.004,0.001,1972,X65
1385,20,0.375,78500,84000,0.074,1.36,0.002,0.015,0.215,0.047,0.026,0.008,0.049,0.011,0.018,0.017,0.04,2015,X65
1385,20,0.375,80500,95000,0.074,1.36,0.002,0.015,0.215,0.047,0.026,0.008,0.049,0.011,0.018,0.017,0.04,2015,X65
1168,16,0.25,83500,97500,0.042,1.58,0.003,0.011,0.246,0.02,0.047,0.02,0.073,0.048,0.132,0.004,0.051,2012,X65
1168,16,0.25,83500,97500,0.48,1.55,0.002,0.011,0.251,0.021,0.056,0.024,0.068,0.054,0.13,0.003,0.053,2012,X65
1177,24,0.375,84000,96000,0.059,1.67,0.003,0.009,0.203,0.045,0.049,0.011,0.065,0.015,0.046,0.011,0.044,2011,X65
1177,24,0.375,84000,96000,0.062,1.68,0.003,0.009,0.206,0.046,0.049,0.011,0.066,0.015,0.045,0.011,0.045,2011,X65
1177,24,0.375,84000,96000,0.055,1.62,0.005,0.012,0.181,0.035,0.048,0.011,0.068,0.016,0.045,0.01,0.042,2011,X65
1168,16,0.25,87000,98500,0.042,1.58,0.003,0.011,0.246,0.02,0.047,0.02,0.073,0.048,0.132,0.004,0.051,2012,X65
1168,16,0.25,87000,98500,0.48,1.55,0.002,0.011,0.251,0.021,0.056,0.024,0.068,0.054,0.13,0.003,0.053,2012,X65
1232,36,0.5,70200,94100,0.046,1.74,0.001,0.014,0.262,0.043,0.245,0.125,0.001,0.073,0.208,0.018,0.077,2013,X70
1232,36,0.5,70200,94100,0.032,1.56,0.001,0.012,0.28,0.032,0.1,0.205,0.001,0.077,0.247,0.014,0.068,2013,X70
1232,36,0.5,70200,94100,0.045,1.74,0.003,0.013,0.262,0.037,0.235,0.075,0.001,0.092,0.345,0.014,0.071,2013,X70
1232,36,0.5,70200,94100,0.041,1.77,0.001,0.009,0.297,0.041,0.258,0.077,0.002,0.081,0.237,0.018,0.071,2013,X70
1232,36,0.5,70200,94100,0.047,1.55,0.002,0.01,0.205,0.04,0.228,0.007,0.001,0.155,0.227,0.012,0.082,2013,X70
1232,36,0.5,70200,94100,0.044,1.75,0.003,0.01,0.273,0.042,0.241,0.122,0.001,0.082,0.285,0.015,0.076,2013,X70
1232,36,0.5,70200,94100,0.042,1.75,0.003,0.009,0.27,0.041,0.249,0.072,0.001,0.089,0.218,0.017,0.066,2013,X70
1232,36,0.5,70200,94100,0.047,1.77,0.003,0.011,0.26,0.027,0.271,0.122,0.002,0.068,0.236,0.014,0.078,2013,X70
1232,36,0.5,70200,94100,0.036,1.56,0.001,0.009,0.273,0.04,0.071,0.201,0,0.086,0.26,0.014,0.067,2013,X70
1232,36,0.5,70200,94100,0.038,1.54,0.003,0.011,0.179,0.004,0.253,0.006,0.004,0.145,0.225,0.013,0.079,2013,X70
734,24,0.35,71000,83000,0.061,1.32,0.003,0.014,0.229,0.048,0.034,0.002,0.049,0.008,0.017,0.021,0.061,2007,X70
734,24,0.35,71000,83000,0.051,1.53,0.002,0.012,0.243,0.047,0.058,0.003,0.061,0.017,0.039,0.016,0.064,2007,X70
734,24,0.35,71000,83000,0.058,1.38,0.003,0.014,0.212,0.04,0.032,0.002,0.057,0.008,0.016,0.014,0.058,2007,X70
734,24,0.35,71000,83000,0.065,1.57,0.002,0.01,0.225,0.037,0.047,0.002,0.062,0.013,0.046,0.015,0.066,2007,X70
734,24,0.35,71000,83000,0.04,1.42,0.004,0.011,0.186,0.035,0.026,0,0.004,0.009,0.028,0.015,0.074,2007,X70
734,24,0.35,71000,83000,0.065,1.36,0.003,0.013,0.213,0.047,0.058,0.003,0.061,0.017,0.013,0.016,0.064,2007,X70
776,20,0.25,71000,95000,0.047,1.7,0.002,0.011,0.215,0.048,0.069,0.199,0.006,0.118,0.234,0.019,0.074,2006,X70
776,20,0.25,71000,95000,0.036,1.66,0.004,0.009,0.177,0.031,0.059,0.189,0.005,0.122,0.24,0.018,0.067,2006,X70
1232,36,0.5,72000,89000,0.046,1.74,0.001,0.014,0.262,0.043,0.245,0.125,0.001,0.073,0.208,0.018,0.077,2013,X70
1232,36,0.5,72000,89000,0.032,1.56,0.001,0.012,0.28,0.032,0.1,0.205,0.001,0.077,0.247,0.014,0.068,2013,X70
1232,36,0.5,72000,89000,0.045,1.74,0.003,0.013,0.262,0.037,0.235,0.075,0.001,0.092,0.345,0.014,0.071,2013,X70
1232,36,0.5,72000,89000,0.041,1.77,0.001,0.009,0.297,0.041,0.258,0.077,0.002,0.081,0.237,0.018,0.071,2013,X70
1232,36,0.5,72000,89000,0.047,1.55,0.002,0.01,0.205,0.04,0.228,0.007,0.001,0.155,0.227,0.012,0.082,2013,X70
1232,36,0.5,72000,89000,0.044,1.75,0.003,0.01,0.273,0.042,0.241,0.122,0.001,0.082,0.285,0.015,0.076,2013,X70
1232,36,0.5,72000,89000,0.042,1.75,0.003,0.009,0.27,0.041,0.249,0.072,0.001,0.089,0.218,0.017,0.066,2013,X70
1232,36,0.5,72000,89000,0.047,1.77,0.003,0.011,0.26,0.027,0.271,0.122,0.002,0.068,0.236,0.014,0.078,2013,X70
1232,36,0.5,72000,89000,0.036,1.56,0.001,0.009,0.273,0.04,0.071,0.201,0,0.086,0.26,0.014,0.067,2013,X70
1232,36,0.5,72000,89000,0.038,1.54,0.003,0.011,0.179,0.004,0.253,0.006,0.004,0.145,0.225,0.013,0.079,2013,X70
1232,36,0.5,72600,90600,0.046,1.74,0.001,0.014,0.262,0.043,0.245,0.125,0.001,0.073,0.208,0.018,0.077,2013,X70
1232,36,0.5,72600,90700,0.046,1.74,0.001,0.014,0.262,0.043,0.245,0.125,0.001,0.073,0.208,0.018,0.077,2013,X70
1232,36,0.5,72600,90600,0.032,1.56,0.001,0.012,0.28,0.032,0.1,0.205,0.001,0.077,0.247,0.014,0.068,2013,X70
1232,36,0.5,72600,90700,0.032,1.56,0.001,0.012,0.28,0.032,0.1,0.205,0.001,0.077,0.247,0.014,0.068,2013,X70
1232,36,0.5,72600,90600,0.045,1.74,0.003,0.013,0.262,0.037,0.235,0.075,0.001,0.092,0.345,0.014,0.071,2013,X70
1232,36,0.5,72600,90700,0.045,1.74,0.003,0.013,0.262,0.037,0.235,0.075,0.001,0.092,0.345,0.014,0.071,2013,X70
1232,36,0.5,72600,90600,0.041,1.77,0.001,0.009,0.297,0.041,0.258,0.077,0.002,0.081,0.237,0.018,0.071,2013,X70
1232,36,0.5,72600,90700,0.041,1.77,0.001,0.009,0.297,0.041,0.258,0.077,0.002,0.081,0.237,0.018,0.071,2013,X70
1232,36,0.5,72600,90600,0.047,1.55,0.002,0.01,0.205,0.04,0.228,0.007,0.001,0.155,0.227,0.012,0.082,2013,X70
1232,36,0.5,72600,90700,0.047,1.55,0.002,0.01,0.205,0.04,0.228,0.007,0.001,0.155,0.227,0.012,0.082,2013,X70
1232,36,0.5,72600,90600,0.044,1.75,0.003,0.01,0.273,0.042,0.241,0.122,0.001,0.082,0.285,0.015,0.076,2013,X70
1232,36,0.5,72600,90700,0.044,1.75,0.003,0.01,0.273,0.042,0.241,0.122,0.001,0.082,0.285,0.015,0.076,2013,X70
1232,36,0.5,72600,90600,0.042,1.75,0.003,0.009,0.27,0.041,0.249,0.072,0.001,0.089,0.218,0.017,0.066,2013,X70
1232,36,0.5,72600,90700,0.042,1.75,0.003,0.009,0.27,0.041,0.249,0.072,0.001,0.089,0.218,0.017,0.066,2013,X70
1232,36,0.5,72600,90600,0.047,1.77,0.003,0.011,0.26,0.027,0.271,0.122,0.002,0.068,0.236,0.014,0.078,2013,X70
1232,36,0.5,72600,90700,0.047,1.77,0.003,0.011,0.26,0.027,0.271,0.122,0.002,0.068,0.236,0.014,0.078,2013,X70
1232,36,0.5,72600,90600,0.036,1.56,0.001,0.009,0.273,0.04,0.071,0.201,0,0.086,0.26,0.014,0.067,2013,X70
1232,36,0.5,72600,90700,0.036,1.56,0.001,0.009,0.273,0.04,0.071,0.201,0,0.086,0.26,0.014,0.067,2013,X70
1232,36,0.5,72600,90600,0.038,1.54,0.003,0.011,0.179,0.004,0.253,0.006,0.004,0.145,0.225,0.013,0.079,2013,X70
1232,36,0.5,72600,90700,0.038,1.54,0.003,0.011,0.179,0.004,0.253,0.006,0.004,0.145,0.225,0.013,0.079,2013,X70
1024,30,0.438,73500,90000,0.106,1.44,0.007,0.011,0.204,0.051,0.033,0.006,0.062,0.009,0.008,0.016,0.017,2007,X70
1024,30,0.438,73500,89500,0.106,1.44,0.007,0.011,0.204,0.051,0.033,0.006,0.062,0.009,0.008,0.016,0.017,2007,X70
1024,30,0.438,73500,90000,0.116,1.38,0.005,0.021,0.246,0.033,0.036,0.004,0.068,0.008,0.006,0.013,0.02,2007,X70
1024,30,0.438,73500,89500,0.116,1.38,0.005,0.021,0.246,0.033,0.036,0.004,0.068,0.008,0.006,0.013,0.02,2007,X70
1024,30,0.438,73500,90000,0.121,1.37,0.004,0.013,0.211,0.043,0.038,0.004,0.065,0.009,0.006,0.016,0.021,2007,X70
1024,30,0.438,73500,89500,0.121,1.37,0.004,0.013,0.211,0.043,0.038,0.004,0.065,0.009,0.006,0.016,0.021,2007,X70
1232,36,0.5,74400,88900,0.046,1.74,0.001,0.014,0.262,0.043,0.245,0.125,0.001,0.073,0.208,0.018,0.077,2013,X70
1232,36,0.5,74400,88900,0.032,1.56,0.001,0.012,0.28,0.032,0.1,0.205,0.001,0.077,0.247,0.014,0.068,2013,X70
1232,36,0.5,74400,88900,0.045,1.74,0.003,0.013,0.262,0.037,0.235,0.075,0.001,0.092,0.345,0.014,0.071,2013,X70
1232,36,0.5,74400,88900,0.041,1.77,0.001,0.009,0.297,0.041,0.258,0.077,0.002,0.081,0.237,0.018,0.071,2013,X70
1232,36,0.5,74400,88900,0.047,1.55,0.002,0.01,0.205,0.04,0.228,0.007,0.001,0.155,0.227,0.012,0.082,2013,X70
1232,36,0.5,74400,88900,0.044,1.75,0.003,0.01,0.273,0.042,0.241,0.122,0.001,0.082,0.285,0.015,0.076,2013,X70
1232,36,0.5,74400,88900,0.042,1.75,0.003,0.009,0.27,0.041,0.249,0.072,0.001,0.089,0.218,0.017,0.066,2013,X70
1232,36,0.5,74400,88900,0.047,1.77,0.003,0.011,0.26,0.027,0.271,0.122,0.002,0.068,0.236,0.014,0.078,2013,X70
1232,36,0.5,74400,88900,0.036,1.56,0.001,0.009,0.273,0.04,0.071,0.201,0,0.086,0.26,0.014,0.067,2013,X70
1232,36,0.5,74400,88900,0.038,1.54,0.003,0.011,0.179,0.004,0.253,0.006,0.004,0.145,0.225,0.013,0.079,2013,X70
1232,36,0.5,74925,92500,0.046,1.74,0.001,0.014,0.262,0.043,0.245,0.125,0.001,0.073,0.208,0.018,0.077,2013,X70
1232,36,0.5,74925,92500,0.032,1.56,0.001,0.012,0.28,0.032,0.1,0.205,0.001,0.077,0.247,0.014,0.068,2013,X70
1232,36,0.5,74925,92500,0.045,1.74,0.003,0.013,0.262,0.037,0.235,0.075,0.001,0.092,0.345,0.014,0.071,2013,X70
1232,36,0.5,74925,92500,0.041,1.77,0.001,0.009,0.297,0.041,0.258,0.077,0.002,0.081,0.237,0.018,0.071,2013,X70
1232,36,0.5,74925,92500,0.047,1.55,0.002,0.01,0.205,0.04,0.228,0.007,0.001,0.155,0.227,0.012,0.082,2013,X70
1232,36,0.5,74925,92500,0.044,1.75,0.003,0.01,0.273,0.042,0.241,0.122,0.001,0.082,0.285,0.015,0.076,2013,X70
1232,36,0.5,74925,92500,0.042,1.75,0.003,0.009,0.27,0.041,0.249,0.072,0.001,0.089,0.218,0.017,0.066,2013,X70
1232,36,0.5,74925,92500,0.047,1.77,0.003,0.011,0.26,0.027,0.271,0.122,0.002,0.068,0.236,0.014,0.078,2013,X70
1232,36,0.5,74925,92500,0.036,1.56,0.001,0.009,0.273,0.04,0.071,0.201,0,0.086,0.26,0.014,0.067,2013,X70
1232,36,0.5,74925,92500,0.038,1.54,0.003,0.011,0.179,0.004,0.253,0.006,0.004,0.145,0.225,0.013,0.079,2013,X70
776,20,0.25,75000,90500,0.047,1.7,0.002,0.011,0.215,0.048,0.069,0.199,0.006,0.118,0.234,0.019,0.074,2006,X70
776,20,0.25,75000,90500,0.036,1.66,0.004,0.009,0.177,0.031,0.059,0.189,0.005,0.122,0.24,0.018,0.067,2006,X70
1232,36,0.5,76000,94800,0.046,1.74,0.001,0.014,0.262,0.043,0.245,0.125,0.001,0.073,0.208,0.018,0.077,2013,X70
1232,36,0.5,76000,94800,0.032,1.56,0.001,0.012,0.28,0.032,0.1,0.205,0.001,0.077,0.247,0.014,0.068,2013,X70
1232,36,0.5,76000,94800,0.045,1.74,0.003,0.013,0.262,0.037,0.235,0.075,0.001,0.092,0.345,0.014,0.071,2013,X70
1232,36,0.5,76000,94800,0.041,1.77,0.001,0.009,0.297,0.041,0.258,0.077,0.002,0.081,0.237,0.018,0.071,2013,X70
1232,36,0.5,76000,94800,0.047,1.55,0.002,0.01,0.205,0.04,0.228,0.007,0.001,0.155,0.227,0.012,0.082,2013,X70
1232,36,0.5,76000,94800,0.044,1.75,0.003,0.01,0.273,0.042,0.241,0.122,0.001,0.082,0.285,0.015,0.076,2013,X70
1232,36,0.5,76000,94800,0.042,1.75,0.003,0.009,0.27,0.041,0.249,0.072,0.001,0.089,0.218,0.017,0.066,2013,X70
1232,36,0.5,76000,94800,0.047,1.77,0.003,0.011,0.26,0.027,0.271,0.122,0.002,0.068,0.236,0.014,0.078,2013,X70
1232,36,0.5,76000,94800,0.036,1.56,0.001,0.009,0.273,0.04,0.071,0.201,0,0.086,0.26,0.014,0.067,2013,X70
1232,36,0.5,76000,94800,0.038,1.54,0.003,0.011,0.179,0.004,0.253,0.006,0.004,0.145,0.225,0.013,0.079,2013,X70
734,24,0.35,77500,97000,0.061,1.32,0.003,0.014,0.229,0.048,0.034,0.002,0.049,0.008,0.017,0.021,0.061,2007,X70
734,24,0.35,77500,97000,0.051,1.53,0.002,0.012,0.243,0.047,0.058,0.003,0.061,0.017,0.039,0.016,0.064,2007,X70
734,24,0.35,77500,97000,0.058,1.38,0.003,0.014,0.212,0.04,0.032,0.002,0.057,0.008,0.016,0.014,0.058,2007,X70
734,24,0.35,77500,97000,0.065,1.57,0.002,0.01,0.225,0.037,0.047,0.002,0.062,0.013,0.046,0.015,0.066,2007,X70
734,24,0.35,77500,97000,0.04,1.42,0.004,0.011,0.186,0.035,0.026,0,0.004,0.009,0.028,0.015,0.074,2007,X70
734,24,0.35,77500,97000,0.065,1.36,0.003,0.013,0.213,0.047,0.058,0.003,0.061,0.017,0.013,0.016,0.064,2007,X70
734,24,0.35,78000,94000,0.061,1.32,0.003,0.014,0.229,0.048,0.034,0.002,0.049,0.008,0.017,0.021,0.061,2007,X70
734,24,0.35,78000,94000,0.051,1.53,0.002,0.012,0.243,0.047,0.058,0.003,0.061,0.017,0.039,0.016,0.064,2007,X70
734,24,0.35,78000,94000,0.058,1.38,0.003,0.014,0.212,0.04,0.032,0.002,0.057,0.008,0.016,0.014,0.058,2007,X70
734,24,0.35,78000,94000,0.065,1.57,0.002,0.01,0.225,0.037,0.047,0.002,0.062,0.013,0.046,0.015,0.066,2007,X70
734,24,0.35,78000,94000,0.04,1.42,0.004,0.011,0.186,0.035,0.026,0,0.004,0.009,0.028,0.015,0.074,2007,X70
734,24,0.35,78000,94000,0.065,1.36,0.003,0.013,0.213,0.047,0.058,0.003,0.061,0.017,0.013,0.016,0.064,2007,X70
775,42,0.625,78500,97500,0.056,1.57,0.003,0.016,0.25,0.035,0.143,0.207,0.008,0.087,0.328,0.029,0.075,2008,X70
776,20,0.25,78500,89500,0.047,1.7,0.002,0.011,0.215,0.048,0.069,0.199,0.006,0.118,0.234,0.019,0.074,2006,X70
776,20,0.25,78500,89500,0.036,1.66,0.004,0.009,0.177,0.031,0.059,0.189,0.005,0.122,0.24,0.018,0.067,2006,X70
1315,16,0.25,78500,91000,0.048,1.59,0.002,0.014,0.286,0.04,0.035,0.011,0.035,0.013,0.023,0.014,0.076,2013,X70
1315,16,0.25,78500,91000,0.051,1.59,0.002,0.013,0.265,0.044,0.036,0.013,0.034,0.023,0.029,0.016,0.08,2013,X70
1232,36,0.5,79600,93300,0.046,1.74,0.001,0.014,0.262,0.043,0.245,0.125,0.001,0.073,0.208,0.018,0.077,2013,X70
1232,36,0.5,79600,93300,0.032,1.56,0.001,0.012,0.28,0.032,0.1,0.205,0.001,0.077,0.247,0.014,0.068,2013,X70
1232,36,0.5,79600,93300,0.045,1.74,0.003,0.013,0.262,0.037,0.235,0.075,0.001,0.092,0.345,0.014,0.071,2013,X70
1232,36,0.5,79600,93300,0.041,1.77,0.001,0.009,0.297,0.041,0.258,0.077,0.002,0.081,0.237,0.018,0.071,2013,X70
1232,36,0.5,79600,93300,0.047,1.55,0.002,0.01,0.205,0.04,0.228,0.007,0.001,0.155,0.227,0.012,0.082,2013,X70
1232,36,0.5,79600,93300,0.044,1.75,0.003,0.01,0.273,0.042,0.241,0.122,0.001,0.082,0.285,0.015,0.076,2013,X70
1232,36,0.5,79600,93300,0.042,1.75,0.003,0.009,0.27,0.041,0.249,0.072,0.001,0.089,0.218,0.017,0.066,2013,X70
1232,36,0.5,79600,93300,0.047,1.77,0.003,0.011,0.26,0.027,0.271,0.122,0.002,0.068,0.236,0.014,0.078,2013,X70
1232,36,0.5,79600,93300,0.036,1.56,0.001,0.009,0.273,0.04,0.071,0.201,0,0.086,0.26,0.014,0.067,2013,X70
1232,36,0.5,79600,93300,0.038,1.54,0.003,0.011,0.179,0.004,0.253,0.006,0.004,0.145,0.225,0.013,0.079,2013,X70
1232,36,0.5,80000,93800,0.046,1.74,0.001,0.014,0.262,0.043,0.245,0.125,0.001,0.073,0.208,0.018,0.077,2013,X70
1232,36,0.5,80000,93800,0.032,1.56,0.001,0.012,0.28,0.032,0.1,0.205,0.001,0.077,0.247,0.014,0.068,2013,X70
1232,36,0.5,80000,93800,0.045,1.74,0.003,0.013,0.262,0.037,0.235,0.075,0.001,0.092,0.345,0.014,0.071,2013,X70
1232,36,0.5,80000,93800,0.041,1.77,0.001,0.009,0.297,0.041,0.258,0.077,0.002,0.081,0.237,0.018,0.071,2013,X70
1232,36,0.5,80000,93800,0.047,1.55,0.002,0.01,0.205,0.04,0.228,0.007,0.001,0.155,0.227,0.012,0.082,2013,X70
1232,36,0.5,80000,93800,0.044,1.75,0.003,0.01,0.273,0.042,0.241,0.122,0.001,0.082,0.285,0.015,0.076,2013,X70
1232,36,0.5,80000,93800,0.042,1.75,0.003,0.009,0.27,0.041,0.249,0.072,0.001,0.089,0.218,0.017,0.066,2013,X70
1232,36,0.5,80000,93800,0.047,1.77,0.003,0.011,0.26,0.027,0.271,0.122,0.002,0.068,0.236,0.014,0.078,2013,X70
1232,36,0.5,80000,93800,0.036,1.56,0.001,0.009,0.273,0.04,0.071,0.201,0,0.086,0.26,0.014,0.067,2013,X70
1232,36,0.5,80000,93800,0.038,1.54,0.003,0.011,0.179,0.004,0.253,0.006,0.004,0.145,0.225,0.013,0.079,2013,X70
1232,36,0.5,80400,96000,0.046,1.74,0.001,0.014,0.262,0.043,0.245,0.125,0.001,0.073,0.208,0.018,0.077,2013,X70
1232,36,0.5,80400,96000,0.032,1.56,0.001,0.012,0.28,0.032,0.1,0.205,0.001,0.077,0.247,0.014,0.068,2013,X70
1232,36,0.5,80400,96000,0.045,1.74,0.003,0.013,0.262,0.037,0.235,0.075,0.001,0.092,0.345,0.014,0.071,2013,X70
1232,36,0.5,80400,96000,0.041,1.77,0.001,0.009,0.297,0.041,0.258,0.077,0.002,0.081,0.237,0.018,0.071,2013,X70
1232,36,0.5,80400,96000,0.047,1.55,0.002,0.01,0.205,0.04,0.228,0.007,0.001,0.155,0.227,0.012,0.082,2013,X70
1232,36,0.5,80400,96000,0.044,1.75,0.003,0.01,0.273,0.042,0.241,0.122,0.001,0.082,0.285,0.015,0.076,2013,X70
1232,36,0.5,80400,96000,0.042,1.75,0.003,0.009,0.27,0.041,0.249,0.072,0.001,0.089,0.218,0.017,0.066,2013,X70
1232,36,0.5,80400,96000,0.047,1.77,0.003,0.011,0.26,0.027,0.271,0.122,0.002,0.068,0.236,0.014,0.078,2013,X70
1232,36,0.5,80400,96000,0.036,1.56,0.001,0.009,0.273,0.04,0.071,0.201,0,0.086,0.26,0.014,0.067,2013,X70
1232,36,0.5,80400,96000,0.038,1.54,0.003,0.011,0.179,0.004,0.253,0.006,0.004,0.145,0.225,0.013,0.079,2013,X70
734,24,0.35,80500,98500,0.061,1.32,0.003,0.014,0.229,0.048,0.034,0.002,0.049,0.008,0.017,0.021,0.061,2007,X70
734,24,0.35,80500,98500,0.051,1.53,0.002,0.012,0.243,0.047,0.058,0.003,0.061,0.017,0.039,0.016,0.064,2007,X70
734,24,0.35,80500,98500,0.058,1.38,0.003,0.014,0.212,0.04,0.032,0.002,0.057,0.008,0.016,0.014,0.058,2007,X70
734,24,0.35,80500,98500,0.065,1.57,0.002,0.01,0.225,0.037,0.047,0.002,0.062,0.013,0.046,0.015,0.066,2007,X70
734,24,0.35,80500,98500,0.04,1.42,0.004,0.011,0.186,0.035,0.026,0,0.004,0.009,0.028,0.015,0.074,2007,X70
734,24,0.35,80500,98500,0.065,1.36,0.003,0.013,0.213,0.047,0.058,0.003,0.061,0.017,0.013,0.016,0.064,2007,X70
1024,30,0.438,81000,89500,0.106,1.44,0.007,0.011,0.204,0.051,0.033,0.006,0.062,0.009,0.008,0.016,0.017,2007,X70
1024,30,0.438,81000,89500,0.116,1.38,0.005,0.021,0.246,0.033,0.036,0.004,0.068,0.008,0.006,0.013,0.02,2007,X70
1024,30,0.438,81000,89500,0.121,1.37,0.004,0.013,0.211,0.043,0.038,0.004,0.065,0.009,0.006,0.016,0.021,2007,X70
1315,16,0.25,81500,93000,0.048,1.59,0.002,0.014,0.286,0.04,0.035,0.011,0.035,0.013,0.023,0.014,0.076,2013,X70
1315,16,0.25,81500,93000,0.051,1.59,0.002,0.013,0.265,0.044,0.036,0.013,0.034,0.023,0.029,0.016,0.08,2013,X70
734,24,0.35,82500,101000,0.061,1.32,0.003,0.014,0.229,0.048,0.034,0.002,0.049,0.008,0.017,0.021,0.061,2007,X70
734,24,0.35,82500,96500,0.061,1.32,0.003,0.014,0.229,0.048,0.034,0.002,0.049,0.008,0.017,0.021,0.061,2007,X70
734,24,0.35,82500,101000,0.051,1.53,0.002,0.012,0.243,0.047,0.058,0.003,0.061,0.017,0.039,0.016,0.064,2007,X70
734,24,0.35,82500,96500,0.051,1.53,0.002,0.012,0.243,0.047,0.058,0.003,0.061,0.017,0.039,0.016,0.064,2007,X70
734,24,0.35,82500,101000,0.058,1.38,0.003,0.014,0.212,0.04,0.032,0.002,0.057,0.008,0.016,0.014,0.058,2007,X70
734,24,0.35,82500,96500,0.058,1.38,0.003,0.014,0.212,0.04,0.032,0.002,0.057,0.008,0.016,0.014,0.058,2007,X70
734,24,0.35,82500,101000,0.065,1.57,0.002,0.01,0.225,0.037,0.047,0.002,0.062,0.013,0.046,0.015,0.066,2007,X70
734,24,0.35,82500,96500,0.065,1.57,0.002,0.01,0.225,0.037,0.047,0.002,0.062,0.013,0.046,0.015,0.066,2007,X70
734,24,0.35,82500,101000,0.04,1.42,0.004,0.011,0.186,0.035,0.026,0,0.004,0.009,0.028,0.015,0.074,2007,X70
734,24,0.35,82500,96500,0.04,1.42,0.004,0.011,0.186,0.035,0.026,0,0.004,0.009,0.028,0.015,0.074,2007,X70
734,24,0.35,82500,101000,0.065,1.36,0.003,0.013,0.213,0.047,0.058,0.003,0.061,0.017,0.013,0.016,0.064,2007,X70
734,24,0.35,82500,96500,0.065,1.36,0.003,0.013,0.213,0.047,0.058,0.003,0.061,0.017,0.013,0.016,0.064,2007,X70
1120,30,0.429,82500,96500,0.065,1.59,0.002,0.011,0.266,0.03,0.149,0.05,0.077,0.008,0.077,0.013,0.05,2011,X70
734,24,0.35,84000,101000,0.061,1.32,0.003,0.014,0.229,0.048,0.034,0.002,0.049,0.008,0.017,0.021,0.061,2007,X70
734,24,0.35,84000,101000,0.051,1.53,0.002,0.012,0.243,0.047,0.058,0.003,0.061,0.017,0.039,0.016,0.064,2007,X70
734,24,0.35,84000,101000,0.058,1.38,0.003,0.014,0.212,0.04,0.032,0.002,0.057,0.008,0.016,0.014,0.058,2007,X70
734,24,0.35,84000,101000,0.065,1.57,0.002,0.01,0.225,0.037,0.047,0.002,0.062,0.013,0.046,0.015,0.066,2007,X70
734,24,0.35,84000,101000,0.04,1.42,0.004,0.011,0.186,0.035,0.026,0,0.004,0.009,0.028,0.015,0.074,2007,X70
734,24,0.35,84000,101000,0.065,1.36,0.003,0.013,0.213,0.047,0.058,0.003,0.061,0.017,0.013,0.016,0.064,2007,X70
774,42,0.422,85000,94000,0.046,1.7,0.005,0.013,0.444,0.027,0.043,0.242,0.006,0.064,0.175,0.013,0.043,2008,X70
1368,20,0.312,85500,99500,0.055,1.47,0.003,0.008,0.167,0.041,0.034,0.009,0,0.008,0.014,0.015,0.085,2013,X70
1368,20,0.312,86000,96000,0.055,1.47,0.003,0.008,0.167,0.041,0.034,0.009,0,0.008,0.014,0.015,0.085,2013,X70
776,20,0.25,87000,95500,0.047,1.7,0.002,0.011,0.215,0.048,0.069,0.199,0.006,0.118,0.234,0.019,0.074,2006,X70
776,20,0.25,87000,95500,0.036,1.66,0.004,0.009,0.177,0.031,0.059,0.189,0.005,0.122,0.24,0.018,0.067,2006,X70
734,24,0.35,87500,98000,0.061,1.32,0.003,0.014,0.229,0.048,0.034,0.002,0.049,0.008,0.017,0.021,0.061,2007,X70
734,24,0.35,87500,98000,0.051,1.53,0.002,0.012,0.243,0.047,0.058,0.003,0.061,0.017,0.039,0.016,0.064,2007,X70
734,24,0.35,87500,98000,0.058,1.38,0.003,0.014,0.212,0.04,0.032,0.002,0.057,0.008,0.016,0.014,0.058,2007,X70
734,24,0.35,87500,98000,0.065,1.57,0.002,0.01,0.225,0.037,0.047,0.002,0.062,0.013,0.046,0.015,0.066,2007,X70
734,24,0.35,87500,98000,0.04,1.42,0.004,0.011,0.186,0.035,0.026,0,0.004,0.009,0.028,0.015,0.074,2007,X70
734,24,0.35,87500,98000,0.065,1.36,0.003,0.013,0.213,0.047,0.058,0.003,0.061,0.017,0.013,0.016,0.064,2007,X70
1455,26,0.375,87500,103100,0.064,1.61,0.001,0.008,0.308,0.025,0.088,0.069,0.032,0.117,0.239,0.014,0.072,2016,X70
1355,30,0.358,88000,100000,0.052,1.58,0.003,0.013,0.338,0.043,0.092,0.245,0.004,0.139,0.299,0.02,0.073,2001,X70
BMT-1,18,0.25,59000,76500,0.238,0.871,0.023,0.01,0.005,0.007,0.033,0.011,0,0.078,0.064,0.001,0.001,1953,X52
BMT-2,8.625,0.193,45000,51000,0.092,0.381,0.016,0.004,0.004,0.002,0.025,0.006,0,0.051,0.053,0.001,0.001,1958,Grade A
BMT-3,16,0.25,64000,86500,0.268,1.24,0.019,0.03,0.041,0.001,0.03,0.019,0,0.092,0.368,0.001,0.001,1962,X52
BMT-4,8.625,0.322,37000,55500,0.03,0.332,0.015,0.045,0.006,0.004,0.005,0.001,0,0.005,0.006,0.001,0.001,1957,Grade B
BMT-5,8.625,0.322,38200,60000,0.051,0.483,0.028,0.054,0.005,0.002,0.005,0.001,0,0.006,0.01,0.001,0.001,1957,Grade B
BMT-6,12.75,0.219,57000,72000,0.243,0.968,0.026,0.01,0.008,0.009,0.045,0.009,0,0.013,0.023,0.001,0.001,1962,X52
BMT-7,12.75,0.219,57500,72500,0.251,0.967,0.014,0.01,0.007,0.008,0.049,0.007,0,0.014,0.024,0.001,0.001,1962,X52
BMT-8,8.625,0.312,70000,86000,0.193,1.19,0.023,0.022,0.019,0.046,0.02,0.008,0,0.012,0.014,0.003,0.041,1973,X42
BMT-9,6.625,0.188,59000,74000,0.216,0.571,0.023,0.006,0.046,0.003,0.024,0.006,0,0.046,0.091,0.001,0.001,1964,Grade B
BMT-10,6.625,0.188,58000,74000,0.254,0.557,0.041,0.006,0.044,0.005,0.019,0.005,0,0.039,0.049,0.001,0.001,1964,Grade B
BMT-11,6.625,0.188,56000,71500,0.235,0.565,0.015,0.006,0.011,0.004,0.017,0.006,0,0.041,0.05,0.001,0.001,1964,Grade B
BMT-12,8.625,0.277,49800,62000,0.178,0.867,0.013,0.007,0.007,0.001,0.018,0.006,0,0.026,0.052,0.001,0.001,1954,Grade B
BMT-13,8.625,0.277,52500,59500,0.162,0.773,0.014,0.007,0.008,0.001,0.026,0.006,0,0.028,0.097,0.001,0.001,1954,Grade B
BMT-14,6.625,0.156,62000,81750,0.242,0.76,0.013,0.012,0.012,0.02,0.024,0.02,0,0.012,0.005,0.001,0.001,1980,X52
BMT-15,8.625,0.375,52000,63000,0.177,0.805,0.017,0.006,0.005,0.001,0.017,0.003,0,0.009,0.01,0.001,0.001,1957,X42
BMT-16,8.625,0.25,59500,76000,0.243,1.19,0.012,0.007,0.034,0.005,0.048,0.015,0,0.051,0.05,0.001,0.001,1960,X52
BMT-17,12.75,0.25,56500,69000,0.18,0.54,0.016,0.003,0.006,0.001,0.122,0.005,0,0.022,0.232,0.001,0.001,1960,X52
BMT-18,24,0.375,67500,82000,0.048,0.837,0.002,0.007,0.186,0.043,0.031,0.006,0,0.008,0.015,0.018,0.026,2013,X52
BMT-19,24,0.375,63000,77000,0.052,0.924,0.016,0.007,0.194,0.028,0.028,0.005,0,0.006,0.017,0.018,0.032,2012,X52
BMT-20,22,0.312,49300,73500,0.233,0.74,0.019,0.044,0.008,0.002,0.022,0.004,0,0.02,0.043,0.002,0.001,1949,X46
BMT-21,4.5,0.237,54000,63500,0.221,0.634,0.032,0.007,0.011,0.001,0.012,0.002,0,0.013,0.009,0.001,0.001,1968,X42
BMT-22,8.625,0.322,42400,64500,0.203,0.588,0.013,0.015,0.105,0.029,0.011,0.002,0,0.006,0.006,0.001,0.001,1939,Grade B
BMT-23,16,0.53,46100,74000,0.213,0.984,0.022,0.007,0.042,0.012,0.011,0.011,0.001,0.008,0.008,0.008,0.001,1960,X42
BMT-24,6.625,0.281,66000,84500,0.18,0.669,0.011,0.008,0.005,0.001,0.016,0.003,0,0.008,0.008,0.001,0.001,1991,Grade B
BMT-25,12.75,0.203,54500,79500,0.221,0.857,0.013,0.014,0.028,0.004,0.014,0.005,0,0.017,0.06,0.001,0.001,1966,X46
BMT-26,12.75,0.281,66500,81500,0.086,1.5,0.033,0.014,0.169,0.04,0.021,0.01,0,0.022,0.031,0.009,0.039,2012,X60
BMT-27,6.625,0.28,54500,65500,0.159,0.855,0.015,0.004,0.007,0.002,0.016,0.002,0,0.015,0.01,0.001,0.001,1985,Grade B
BMT-28,8.625,0.322,33200,55000,0.114,0.47,0.03,0.008,0.007,0.008,0.02,0.001,0,0.015,0.02,0.001,0.001,1920,Grade A
BMT-29,8.625,0.188,69000,89000,0.239,1.09,0.018,0.012,0.194,0.003,0.03,0.012,0,0.071,0.174,0.002,0.001,1972,X52
BMT-30,8.625,0.188,71500,93500,0.239,1.09,0.018,0.012,0.194,0.003,0.03,0.012,0,0.071,0.174,0.002,0.001,1972,X52
BMT-31,6.625,0.188,65000,79750,0.244,0.856,0.02,0.007,0.016,0.005,0.014,0.005,0,0.009,0.011,0.002,0.001,1964,X42
BMT-32,8.625,0.203,54000,68500,0.233,0.769,0.024,0.008,0.013,0.006,0.01,0.005,0,0.011,0.026,0.001,0.001,1964,X42
BMT-33,10.75,0.188,61000,88000,0.252,1.43,0.024,0.006,0.019,0.004,0.037,0.009,0,0.037,0.126,0.001,0.001,1973,X52
BMT-34,10.75,0.188,59000,82500,0.23,1.34,0.015,0.006,0.018,0.003,0.05,0.007,0,0.021,0.032,0.001,0.001,1973,X52
BMT-35,6.625,0.156,54100,70250,0.183,0.953,0.016,0.008,0.008,0.001,0.04,0.006,0,0.02,0.052,0.001,0.001,1961,X46
BMT-36,24,0.375,75500,91000,0.059,1.67,0.003,0.009,0.203,0.045,0.049,0.011,0.065,0.015,0.046,0.011,0.044,2011,X65
BMT-37,24,0.375,84000,96000,0.062,1.68,0.003,0.009,0.206,0.046,0.049,0.011,0.066,0.015,0.045,0.011,0.045,2011,X65
BMT-38,6.625,0.219,60000,76700,0.076,0.945,0.006,0.014,0.224,0.012,0.088,0.092,0,0.327,0.433,0.002,0.002,1993,X42
BMT-39,20,0.312,51500,71000,0.186,0.41,0.018,0.005,0.007,0.001,0.069,0.029,0,0.107,0.251,0.001,0.001,1961,X42
BMT-40,20,0.312,61000,80500,0.251,1.08,0.02,0.019,0.022,0.003,0.037,0.011,0,0.024,0.039,0.001,0.001,1961,X42
BMT-41,10.75,0.5,73000,79000,0.059,0.99,0.001,0.012,0.193,0.026,0.044,0.015,0,0.054,0.138,0.01,0.014,2012,X52
BMT-42,26,0.281,66500,92500,0.251,1.36,0.017,0.009,0.022,0.002,0.046,0.007,0.001,0.025,0.028,0.001,0.016,1968,X60
BMT-43,16,0.25,83500,97500,0.048,1.55,0.002,0.011,0.251,0.021,0.056,0.024,0.068,0.054,0.13,0.003,0.051,2012,X65
BMT-44,16,0.25,87000,98500,0.042,1.58,0.003,0.011,0.246,0.02,0.047,0.02,0.073,0.048,0.132,0.004,0.051,2012,X65
BMT-45,8.625,0.188,53000,64500,0.19,0.768,0.015,0.005,0.023,0.003,0.025,0.01,0,0.021,0.034,0.001,0.001,1969,X42
BMT-46,8.625,0.188,54000,66000,0.199,0.784,0.016,0.005,0.025,0.003,0.025,0.01,0,0.021,0.034,0.001,0.001,1969,X42
BMT-47,8.625,0.188,53500,67500,0.241,0.775,0.013,0.006,0.013,0.006,0.012,0.006,0,0.015,0.016,0.001,0.001,1969,X42
BMT-48,16,0.25,64500,85500,0.2,0.67,0.009,0.006,0.016,0.005,0.023,0.002,0,0.035,0.018,0.001,0.03,1971,X52
BMT-49,16,0.25,65000,86500,0.208,0.73,0.013,0.006,0.015,0.005,0.024,0.003,0,0.044,0.024,0.001,0.028,1971,X52
BMT-50,16,0.25,55500,80500,0.238,1.38,0.006,0.008,0.011,0.001,0.019,0.006,0,0.011,0.048,0.001,0.019,1971,X52
BMT-51,8.625,0.188,51000,65500,0.184,0.829,0.013,0.013,0.053,0.003,0.047,0.007,0,0.027,0.108,0.001,0.001,1964,X46
BMT-52,8.625,0.188,53000,71500,0.196,0.872,0.013,0.012,0.049,0.003,0.047,0.007,0,0.031,0.093,0.001,0.001,1964,X46
BMT-53,8.625,0.188,49900,65000,0.207,0.762,0.017,0.008,0.051,0.003,0.026,0.007,0,0.029,0.082,0.001,0.001,1964,X46
